t_ns,T_centre_K,T_max_K
0.000000000000000000e+00,3.000000000000000000e+02,3.000000000000000000e+02
1.467505241090146786e-03,3.302675697771729233e+02,5.444371911430511091e+02
2.935010482180293572e-03,3.556530794772404533e+02,5.742080745433934226e+02
4.402515723270440141e-03,3.779863466569041179e+02,5.808868188805561203e+02
5.870020964360587144e-03,3.980564861670675327e+02,5.836691094255381813e+02
7.337526205450733280e-03,4.163560107119401437e+02,5.853058128464490437e+02
8.805031446540880283e-03,4.332226542452229978e+02,5.896332658774466609e+02
1.027253668763102729e-02,4.489004790546393338e+02,5.947806392019512032e+02
1.174004192872117429e-02,4.635726034359963705e+02,6.001380966479565586e+02
1.320754716981132129e-02,4.773804895676104820e+02,6.046402775150717162e+02
1.467505241090146656e-02,4.904360259280339847e+02,6.085017061812621932e+02
1.614255765199161530e-02,5.028294552270704116e+02,6.118681025461496574e+02
1.761006289308176057e-02,5.146347727605966611e+02,6.156055522158263784e+02
1.907756813417190930e-02,5.259135157593950680e+02,6.193112882150168161e+02
2.054507337526205457e-02,5.367174920784100323e+02,6.226745774721761109e+02
2.201257861635219984e-02,5.470907886178216586e+02,6.257491072170851112e+02
2.348008385744234858e-02,5.570712781324167509e+02,6.285773438806096465e+02
2.494758909853249385e-02,5.666917689862390262e+02,6.311933845523968785e+02
2.641509433962264258e-02,5.759808958050800811e+02,6.336249700843299024e+02
2.788259958071278785e-02,5.849638188427398973e+02,6.358949362917966255e+02
2.935010482180293312e-02,5.936627799169372111e+02,6.380222795922037449e+02
3.081761006289308186e-02,6.020975492700889617e+02,6.400229525187014588e+02
3.228511530398323059e-02,6.102857884058541913e+02,6.419104664382635974e+02
3.375262054507337239e-02,6.182433474306089920e+02,6.436963543508682051e+02
3.522012578616352113e-02,6.259845107865668297e+02,6.453905306005037801e+02
3.668763102725366987e-02,6.335222019112634371e+02,6.470015735842526965e+02
3.815513626834381861e-02,6.408681549058170503e+02,6.485369502185286592e+02
3.962264150943396041e-02,6.480330594781731861e+02,6.500031958410827428e+02
4.109014675052410914e-02,6.550266840669709154e+02,6.563061200683258676e+02
4.255765199161425788e-02,6.618579810214511099e+02,6.625885424949508433e+02
4.402515723270439968e-02,6.685351769248815117e+02,6.687226191156046298e+02
4.549266247379454842e-02,6.750658505406154291e+02,6.750658505406154291e+02
4.696016771488469715e-02,6.814570003860220595e+02,6.814570003860220595e+02
4.842767295597484589e-02,6.877151035673196020e+02,6.877151035673196020e+02
4.989517819706498769e-02,6.938461672137075311e+02,6.938461672137075311e+02
5.136268343815513643e-02,6.998557736142410022e+02,6.998557736142410022e+02
5.283018867924528517e-02,7.057491199722530837e+02,7.057491199722530837e+02
5.429769392033542696e-02,7.115310535396891964e+02,7.115310535396891964e+02
5.576519916142557570e-02,7.172061027697872078e+02,7.172061027697872078e+02
5.723270440251572444e-02,7.227785050252156225e+02,7.227785050252156225e+02
5.870020964360586624e-02,7.282522312954997687e+02,7.282522312954997687e+02
6.016771488469601498e-02,7.336310083087722660e+02,7.336310083087722660e+02
6.163522012578616371e-02,7.389183383657895092e+02,7.389183383657895092e+02
6.310272536687630551e-02,7.441175171765670484e+02,7.443183904356659468e+02
6.457023060796646119e-02,7.492316499401453029e+02,7.496921450260831534e+02
6.603773584905660299e-02,7.542636658745202567e+02,7.549809034510163883e+02
6.750524109014674479e-02,7.592163313755327181e+02,7.601874056393588717e+02
6.897274633123688659e-02,7.640922619596042296e+02,7.653142461370448473e+02
7.044025157232704226e-02,7.688939331248991493e+02,7.703638843639055267e+02
7.190775681341718406e-02,7.736236902481916786e+02,7.753386539844085519e+02
7.337526205450733974e-02,7.782837576199201521e+02,7.802407714833552745e+02
7.484276729559748154e-02,7.828762467072278923e+02,7.850723440266790476e+02
7.631027253668763721e-02,7.874031637238854273e+02,7.898353766780560363e+02
7.777777777777776513e-02,7.918664165765803773e+02,7.945317790338772284e+02
7.924528301886792081e-02,7.962678212489308862e+02,7.991633713320451307e+02
8.071278825995806261e-02,8.006091076775283000e+02,8.038071499511299862e+02
8.218029350104821829e-02,8.048919251681842297e+02,8.084940260076623417e+02
8.364779874213836008e-02,8.091178473952205650e+02,8.131183617667334147e+02
8.511530398322851576e-02,8.132883770219729058e+02,8.176816650066721195e+02
8.658280922431865756e-02,8.174049499765976634e+02,8.221853816912087041e+02
8.805031446540879936e-02,8.214689394136851206e+02,8.266308995359302116e+02
8.951781970649894116e-02,8.254816593890315062e+02,8.310195513198352728e+02
9.098532494758909683e-02,8.294443682721419009e+02,8.353526179631920741e+02
9.245283018867923863e-02,8.333582719185800443e+02,8.396313313908996179e+02
9.392033542976939431e-02,8.372245266221092379e+02,8.438568771987639821e+02
9.538784067085953611e-02,8.410442418646379110e+02,8.480303971385000068e+02
9.685534591194969178e-02,8.448184828802717448e+02,8.521529914358324049e+02
9.832285115303981970e-02,8.485482730482433453e+02,8.562257209547794901e+02
9.979035639412997538e-02,8.522345961281314430e+02,8.602496092200457269e+02
1.012578616352201172e-01,8.558783983495624170e+02,8.642256443083989552e+02
1.027253668763102729e-01,8.594805903674932779e+02,8.681547806189710172e+02
1.041928721174004147e-01,8.630420490931998074e+02,8.720379405315638905e+02
1.056603773584905703e-01,8.665636194102108902e+02,8.758760159612768348e+02
1.071278825995807121e-01,8.700461157836390385e+02,8.796698698170708894e+02
1.085953878406708539e-01,8.734903237706402024e+02,8.834203373712533676e+02
1.100628930817609957e-01,8.768970014390959022e+02,8.871282275462946245e+02
1.115303983228511514e-01,8.802668807010198861e+02,8.907943241248634649e+02
1.129979035639412932e-01,8.836006685666685598e+02,8.944193868884966605e+02
1.144654088050314489e-01,8.868990483248516057e+02,8.980041526898836537e+02
1.159329140461215907e-01,8.901626806545033332e+02,9.015493364633556439e+02
1.174004192872117325e-01,8.933922046721797869e+02,9.050556321778070696e+02
1.188679245283018882e-01,8.965882389197867042e+02,9.085237137359507642e+02
1.203354297693920300e-01,8.997513822965084955e+02,9.119542358235094071e+02
1.218029350104821856e-01,9.028822149386149931e+02,9.153478347116677014e+02
1.232704402515723274e-01,9.059812990505425887e+02,9.187051290158638039e+02
1.247379454926624692e-01,9.090491796903943396e+02,9.220267204137637691e+02
1.262054507337526110e-01,9.120863855127779516e+02,9.253131943250551785e+02
1.276729559748427667e-01,9.150934294716826116e+02,9.285651205555012666e+02
1.291404612159329224e-01,9.180708094859054427e+02,9.317830539075165461e+02
1.306079664570230503e-01,9.210190090693594129e+02,9.349675347593672541e+02
1.320754716981132060e-01,9.239384979284266137e+02,9.381190896149443006e+02
1.335429769392033617e-01,9.268297325283757573e+02,9.412382316259187292e+02
1.350104821802934896e-01,9.296931566307172261e+02,9.443254610879649817e+02
1.364779874213836453e-01,9.325292018032432679e+02,9.473812659126178914e+02
1.379454926624737732e-01,9.353382879043826961e+02,9.504061220762191624e+02
1.394129979035639566e-01,9.381208235433871323e+02,9.534004940473132592e+02
1.408805031446540845e-01,9.408772065177666946e+02,9.563648351937547432e+02
1.423480083857442402e-01,9.436078242292990126e+02,9.592995881707100807e+02
1.438155136268343681e-01,9.463130540798447328e+02,9.622051852906507747e+02
1.452830188679245238e-01,9.489932638481280947e+02,9.650820488763683898e+02
1.467505241090146795e-01,9.516488120485608988e+02,9.679305915979684869e+02
1.482180293501048074e-01,9.542800482731220200e+02,9.707512167947420494e+02
1.496855345911949631e-01,9.568873135172383400e+02,9.735443187827524980e+02
1.511530398322851187e-01,9.594709404905538577e+02,9.763102831489223945e+02
1.526205450733752744e-01,9.620312539134191638e+02,9.790494870323552732e+02
1.540880503144654023e-01,9.645685707998782163e+02,9.817622993935802924e+02
1.555555555555555303e-01,9.670832007278845595e+02,9.844490812723647650e+02
1.570230607966457137e-01,9.695754460974325184e+02,9.871101860346981312e+02
1.584905660377358416e-01,9.720456023772484286e+02,9.897459596095162624e+02
1.599580712788259973e-01,9.744939583406440988e+02,9.923567407156967874e+02
1.614255765199161252e-01,9.769207962911040113e+02,9.949428610798263435e+02
1.628930817610063086e-01,9.793263922781386555e+02,9.975121636738033430e+02
1.643605870020964366e-01,9.817110163039078543e+02,1.000061449744984657e+03
1.658280922431865645e-01,9.840749325210857705e+02,1.002586408034922442e+03
1.672955974842767202e-01,9.864183994224148364e+02,1.005087357011532049e+03
1.687631027253668758e-01,9.887416700223657244e+02,1.007564608934938747e+03
1.702306079664570315e-01,9.910449920313002394e+02,1.010018470028593697e+03
1.716981132075471594e-01,9.933286080225079786e+02,1.012449240644141582e+03
1.731656184486373151e-01,9.955927555924691887e+02,1.014857215420331158e+03
1.746331236897274708e-01,9.978376675146741945e+02,1.017242683436241123e+03
1.761006289308175987e-01,1.000063571887312037e+03,1.019605928359081759e+03
1.775681341719077544e-01,1.002270692275123338e+03,1.021947228586815868e+03
1.790356394129978823e-01,1.004459247845695700e+03,1.024266857385829098e+03
1.805031446540880657e-01,1.006629453500466184e+03,1.026565083023869647e+03
1.819706498951781937e-01,1.008781520000677574e+03,1.028842168898464024e+03
1.834381551362683493e-01,1.010915654088524548e+03,1.031098373661002370e+03
1.849056603773584773e-01,1.013032058603713494e+03,1.033333951336683185e+03
1.863731656184486329e-01,1.015130932595643799e+03,1.035549151440486867e+03
1.878406708595387886e-01,1.017212471431412268e+03,1.037744219089352555e+03
1.893081761006289165e-01,1.019276866899828065e+03,1.039919395110707910e+03
1.907756813417190722e-01,1.021324307311616508e+03,1.042074916147509839e+03
1.922431865828092279e-01,1.023354977595983087e+03,1.044211014759930777e+03
1.937106918238993836e-01,1.025369059393695352e+03,1.046327919523832861e+03
1.951781970649895115e-01,1.027366731146837083e+03,1.048425855126153920e+03
1.966457023060796394e-01,1.029348168185378654e+03,1.050505042457329637e+03
1.981132075471698228e-01,1.031313542810700483e+03,1.052565698700866733e+03
1.995807127882599508e-01,1.033263024376198018e+03,1.054608037420179471e+03
2.010482180293501064e-01,1.035196779365096972e+03,1.056632268642792724e+03
2.025157232704402344e-01,1.037114971465588724e+03,1.058638598942015960e+03
2.039832285115304178e-01,1.039017761643404356e+03,1.060627231516177289e+03
2.054507337526205457e-01,1.040905308211929196e+03,1.062598366265515324e+03
2.069182389937106736e-01,1.042777766899960625e+03,1.064552199866812316e+03
2.083857442348008293e-01,1.044635290917205111e+03,1.066488925845850645e+03
2.098532494758909850e-01,1.046478031017603826e+03,1.068408734647776782e+03
2.113207547169811407e-01,1.048306135560578014e+03,1.070311813705440727e+03
2.127882599580712686e-01,1.050119750570270980e+03,1.072198347505791162e+03
2.142557651991614243e-01,1.051919019792873542e+03,1.074068517654390234e+03
2.157232704402515799e-01,1.053704084752100471e+03,1.075922502938114803e+03
2.171907756813417079e-01,1.055475084802893662e+03,1.077760479386108955e+03
2.186582809224318635e-01,1.057232157183421577e+03,1.079582620329048041e+03
2.201257861635219915e-01,1.058975437065437518e+03,1.081389096456768812e+03
2.215932914046121749e-01,1.060705057603059231e+03,1.083180075874327486e+03
2.230607966457023028e-01,1.062421149980033988e+03,1.084955724156531232e+03
2.245283018867924585e-01,1.064123843455538008e+03,1.086716204401000368e+03
2.259958071278825864e-01,1.065813265408572533e+03,1.088461677279807191e+03
2.274633123689727421e-01,1.067489541381003846e+03,1.090192301089737612e+03
2.289308176100628978e-01,1.069152795119297934e+03,1.091908231801222428e+03
2.303983228511530257e-01,1.070803148614998236e+03,1.093609623105980972e+03
2.318658280922431814e-01,1.072440722143991252e+03,1.095296626463416487e+03
2.333333333333333648e-01,1.074065634304603464e+03,1.096969391145806185e+03
2.348008385744234650e-01,1.075678002054571152e+03,1.098628064282322157e+03
2.362683438155136206e-01,1.077277940746924060e+03,1.100272790901920644e+03
2.377358490566037763e-01,1.078865564164819716e+03,1.101903713975133769e+03
2.392033542976939042e-01,1.080440984555366640e+03,1.103520974454800580e+03
2.406708595387840599e-01,1.082004312662470511e+03,1.105124711315766490e+03
2.421383647798742156e-01,1.083555657758735606e+03,1.106715572960588588e+03
2.436058700209643713e-01,1.085095127676459924e+03,1.108300758060549015e+03
2.450733752620544992e-01,1.086622828837744464e+03,1.109872991545087189e+03
2.465408805031446549e-01,1.088138866283759171e+03,1.111432399969294920e+03
2.480083857442348105e-01,1.089643343703182609e+03,1.112979108189786757e+03
2.494758909853249385e-01,1.091136363459850600e+03,1.114513239397237385e+03
2.509433962264150941e-01,1.092618026619636339e+03,1.116034915148105256e+03
2.524109014675052221e-01,1.094088432976590184e+03,1.117544255395574055e+03
2.538784067085954055e-01,1.095547681078360029e+03,1.119041378519728369e+03
2.553459119496855334e-01,1.096995868250918420e+03,1.120526401356990618e+03
2.568134171907756613e-01,1.098433090622618465e+03,1.121999439228838355e+03
2.582809224318658448e-01,1.099859443147600587e+03,1.123460605969827611e+03
2.597484276729559727e-01,1.101275019628568089e+03,1.124910013954934357e+03
2.612159329140461006e-01,1.102679912738957455e+03,1.126347774126243849e+03
2.626834381551362840e-01,1.104074214044515884e+03,1.127773996018998105e+03
2.641509433962264120e-01,1.105458014024311069e+03,1.129188787787025149e+03
2.656184486373165399e-01,1.106831402091185282e+03,1.130592256227565258e+03
2.670859538784067233e-01,1.108194466611678308e+03,1.131984506805512638e+03
2.685534591194968512e-01,1.109547294925426741e+03,1.133365643677088201e+03
2.700209643605869791e-01,1.110889973364064417e+03,1.134735769712959382e+03
2.714884696016771626e-01,1.112222587269634914e+03,1.136094986520823113e+03
2.729559748427672905e-01,1.113545221012530646e+03,1.137443394467466078e+03
2.744234800838574739e-01,1.114857958008976766e+03,1.138781092700318368e+03
2.758909853249475463e-01,1.116160880738068727e+03,1.140108179168511242e+03
2.773584905660377298e-01,1.117454070758382159e+03,1.141424750643456491e+03
2.788259958071279132e-01,1.118737608724163920e+03,1.142730902738957411e+03
2.802935010482179856e-01,1.120011574401118196e+03,1.144026729930866168e+03
2.817610062893081690e-01,1.121276046681802882e+03,1.145312325576297553e+03
2.832285115303983525e-01,1.122531103600640790e+03,1.146587781932415055e+03
2.846960167714884804e-01,1.123776822348564792e+03,1.147853190174794463e+03
2.861635220125786083e-01,1.125013279287303476e+03,1.149108640415383434e+03
2.876310272536687362e-01,1.126240549963317335e+03,1.150354221720061787e+03
2.890985324947589197e-01,1.127458709121400034e+03,1.151590022125816404e+03
2.905660377358490476e-01,1.128667830717947936e+03,1.152816128657541412e+03
2.920335429769391755e-01,1.129867987933914264e+03,1.154032627344469120e+03
2.935010482180293589e-01,1.131059253187453123e+03,1.155239603236247149e+03
2.949685534591195424e-01,1.132241698146262479e+03,1.156437140418666559e+03
2.964360587002096148e-01,1.133415393739637238e+03,1.157625322029052313e+03
2.979035639412997982e-01,1.134580410170236973e+03,1.158804230271324286e+03
2.993710691823899261e-01,1.135736816925579660e+03,1.159973946430736532e+03
3.008385744234800541e-01,1.136884682789268936e+03,1.161134550888303693e+03
3.023060796645702375e-01,1.138024075851959424e+03,1.162286123134923400e+03
3.037735849056603654e-01,1.139155063522071032e+03,1.163428741785201055e+03
3.052410901467505489e-01,1.140277712536258377e+03,1.164562484590983559e+03
3.067085953878406768e-01,1.141392088969640554e+03,1.165687428454613837e+03
3.081761006289308047e-01,1.142498258245799661e+03,1.166803649441908647e+03
3.096436058700209881e-01,1.143596285146554010e+03,1.167911222794865125e+03
3.111111111111110605e-01,1.144686233821513497e+03,1.169010222944112229e+03
3.125786163522012440e-01,1.145768167797418755e+03,1.170100723521101600e+03
3.140461215932914274e-01,1.146842149987277253e+03,1.171182797370051048e+03
3.155136268343815553e-01,1.147908242699294306e+03,1.172256516559648389e+03
3.169811320754716832e-01,1.148966507645611500e+03,1.173321952394514028e+03
3.184486373165618667e-01,1.150017005950852081e+03,1.174379175426436859e+03
3.199161425576519946e-01,1.151059798160481705e+03,1.175428255465382108e+03
3.213836477987421225e-01,1.152094944248989350e+03,1.176469261590282258e+03
3.228511530398322504e-01,1.153122503627892684e+03,1.177502262159611064e+03
3.243186582809224339e-01,1.154142535153571771e+03,1.178527324821749971e+03
3.257861635220126173e-01,1.155155097134938160e+03,1.179544516525151721e+03
3.272536687631026897e-01,1.156160247340941396e+03,1.180553903528301362e+03
3.287211740041928731e-01,1.157158043007917513e+03,1.181555551409486498e+03
3.301886792452830566e-01,1.158148540846786091e+03,1.182549525076376312e+03
3.316561844863731290e-01,1.159131797050096566e+03,1.183535888775414833e+03
3.331236897274633124e-01,1.160107867298930159e+03,1.184514706101035017e+03
3.345911949685534403e-01,1.161076806769660607e+03,1.185486040004695496e+03
3.360587002096436238e-01,1.162038670140577324e+03,1.186449952803745191e+03
3.375262054507337517e-01,1.162993511598373061e+03,1.187406506190118989e+03
3.389937106918238796e-01,1.163941384844503546e+03,1.188355761238871310e+03
3.404612159329140630e-01,1.164882343101418201e+03,1.189297778416547089e+03
3.419287211740041910e-01,1.165816439118666722e+03,1.190232617589396114e+03
3.433962264150943189e-01,1.166743725178887644e+03,1.191160338031436595e+03
3.448637316561845023e-01,1.167664253103675719e+03,1.192080998432366641e+03
3.463312368972746302e-01,1.168578074259338109e+03,1.192994656905331340e+03
3.477987421383647582e-01,1.169485239562537117e+03,1.193901370994546596e+03
3.492662473794549416e-01,1.170385799485823554e+03,1.194801197682783595e+03
3.507337526205450695e-01,1.171279804063067331e+03,1.195694193398717289e+03
3.522012578616351974e-01,1.172167302894782097e+03,1.196580414024141646e+03
3.536687631027253809e-01,1.173048345153348691e+03,1.197459914901054617e+03
3.551362683438155088e-01,1.173922979588142880e+03,1.198332750838617358e+03
3.566037735849056922e-01,1.174791254530566221e+03,1.199198976119986582e+03
3.580712788259957646e-01,1.175653217898983485e+03,1.200058644509027999e+03
3.595387840670859481e-01,1.176508917203569126e+03,1.200911809256909919e+03
3.610062893081761315e-01,1.177358399551065304e+03,1.201758523108582267e+03
3.624737945492662039e-01,1.178201711649454410e+03,1.202598838309137818e+03
3.639412997903563873e-01,1.179038899812544969e+03,1.203432806610068837e+03
3.654088050314465708e-01,1.179870009964477731e+03,1.204260479275410034e+03
3.668763102725366987e-01,1.180695087644148998e+03,1.205081907087778745e+03
3.683438155136268266e-01,1.181514178009558691e+03,1.205897140354308249e+03
3.698113207547169545e-01,1.182327325842079745e+03,1.206706228912483766e+03
3.712788259958071380e-01,1.183134575550652244e+03,1.207509222135874552e+03
3.727463312368972659e-01,1.183935971175908435e+03,1.208306168939772760e+03
3.742138364779873938e-01,1.184731556394222935e+03,1.209097117786735453e+03
3.756813417190775772e-01,1.185521374521695861e+03,1.209882116692033833e+03
3.771488469601677607e-01,1.186305468518067300e+03,1.210661213229012219e+03
3.786163522012578331e-01,1.187083880990566286e+03,1.211434454534356746e+03
3.800838574423480165e-01,1.187856654197695434e+03,1.212201887313279485e+03
3.815513626834381444e-01,1.188623830052951917e+03,1.212963557844614570e+03
3.830188679245282724e-01,1.189385450128487037e+03,1.213719511985832241e+03
3.844863731656184558e-01,1.190141555658707603e+03,1.214469795177971719e+03
3.859538784067085837e-01,1.190892187543815908e+03,1.215214452450494719e+03
3.874213836477987671e-01,1.191637386353294005e+03,1.215953528426057119e+03
3.888888888888888951e-01,1.192377192329332502e+03,1.216687067325209910e+03
3.903563941299790230e-01,1.193111645390203194e+03,1.217415112971019198e+03
3.918238993710692064e-01,1.193840785133579629e+03,1.218137708793618458e+03
3.932914046121592788e-01,1.194564650839804699e+03,1.218854897834683925e+03
3.947589098532494623e-01,1.195283281475107742e+03,1.219566722751842462e+03
3.962264150943396457e-01,1.195996715694771865e+03,1.220273225823010762e+03
3.976939203354297736e-01,1.196704991846251914e+03,1.220974448950665192e+03
3.991614255765199015e-01,1.197408147972244706e+03,1.221670433666046620e+03
4.006289308176100850e-01,1.198106221813714910e+03,1.222361221133300660e+03
4.020964360587002129e-01,1.198799250812871378e+03,1.223046852153553800e+03
4.035639412997903408e-01,1.199487272116103668e+03,1.223727367168927913e+03
4.050314465408804687e-01,1.200170322576870603e+03,1.224402806266493371e+03
4.064989517819706522e-01,1.200848438758549719e+03,1.225073209182163055e+03
4.079664570230608356e-01,1.201521656937243279e+03,1.225738615304526775e+03
4.094339622641509080e-01,1.202190013104543596e+03,1.226399063678630455e+03
4.109014675052410914e-01,1.202853542970258559e+03,1.227054593009695964e+03
4.123689727463312749e-01,1.203512281965099646e+03,1.227705241666788879e+03
4.138364779874213473e-01,1.204166265243329462e+03,1.228351047686430775e+03
4.153039832285115307e-01,1.204815527685373127e+03,1.228992048776158754e+03
4.167714884696016586e-01,1.205460103900393278e+03,1.229628282318032916e+03
4.182389937106918421e-01,1.206100028228828933e+03,1.230259785372093347e+03
4.197064989517819700e-01,1.206735334744899092e+03,1.230886594679766858e+03
4.211740041928720979e-01,1.207366057259072022e+03,1.231508746667225523e+03
4.226415094339622813e-01,1.207992229320502020e+03,1.232126277448695191e+03
4.241090146750524092e-01,1.208613884219431839e+03,1.232739222829720120e+03
4.255765199161425372e-01,1.209231054989563518e+03,1.233347618310378493e+03
4.270440251572327206e-01,1.209843774410397828e+03,1.233951499088453829e+03
4.285115303983228485e-01,1.210452075009541886e+03,1.234550900062562505e+03
4.299790356394129764e-01,1.211055989064988353e+03,1.235145855835236489e+03
4.314465408805031599e-01,1.211655548607362789e+03,1.235736400715964464e+03
4.329140461215932878e-01,1.212250785422142826e+03,1.236322568724189296e+03
4.343815513626834157e-01,1.212841731051849138e+03,1.236904393592266842e+03
4.358490566037735992e-01,1.213428416798208218e+03,1.237481908768381572e+03
4.373165618448637271e-01,1.214010873724287421e+03,1.238055147419424657e+03
4.387840670859539105e-01,1.214589132656603397e+03,1.238624142433831139e+03
4.402515723270439829e-01,1.215163224187203696e+03,1.239188926424381407e+03
4.417190775681341663e-01,1.215733178675724048e+03,1.239749531730962190e+03
4.431865828092243498e-01,1.216299026251417899e+03,1.240305990423292997e+03
4.446540880503144222e-01,1.216860796815163667e+03,1.240858334303614811e+03
4.461215932914046056e-01,1.217418520041445618e+03,1.241406594909344903e+03
4.475890985324947891e-01,1.217972225380311102e+03,1.241950803515693906e+03
4.490566037735849170e-01,1.218521942059304820e+03,1.242490991138253094e+03
4.505241090146750449e-01,1.219067699085381491e+03,1.243027188535542336e+03
4.519916142557651728e-01,1.219609525246791918e+03,1.243559426211529853e+03
4.534591194968553562e-01,1.220147449114950859e+03,1.244087734418117179e+03
4.549266247379454842e-01,1.220681499046280578e+03,1.244612143157591845e+03
4.563941299790356121e-01,1.221211703184035059e+03,1.245132682185050498e+03
4.578616352201257955e-01,1.221738089460100355e+03,1.245649381010788602e+03
4.593291404612159790e-01,1.222260685596777421e+03,1.246162268902662845e+03
4.607966457023060514e-01,1.222779519108542445e+03,1.246671374888420814e+03
4.622641509433962348e-01,1.223294617303787845e+03,1.247176727758004063e+03
4.637316561844863627e-01,1.223806007286545309e+03,1.247678356065820026e+03
4.651991614255764906e-01,1.224313715958185412e+03,1.248176288132988020e+03
4.666666666666667296e-01,1.224817770019103818e+03,1.248670552049555226e+03
4.681341719077568020e-01,1.225318195970384977e+03,1.249161175676686526e+03
4.696016771488469299e-01,1.225815020115448533e+03,1.249648186648827277e+03
4.710691823899371689e-01,1.226308268561678460e+03,1.250131612375840859e+03
4.725366876310272413e-01,1.226797967222034231e+03,1.250611480045116423e+03
4.740041928721173692e-01,1.227284141816644023e+03,1.251087816623656181e+03
4.754716981132075526e-01,1.227766817874381786e+03,1.251560648860134279e+03
4.769392033542976805e-01,1.228246020734426793e+03,1.252030003286931333e+03
4.784067085953878085e-01,1.228721775547807738e+03,1.252495906222144868e+03
4.798742138364779919e-01,1.229194107278928868e+03,1.252958383771577473e+03
4.813417190775681198e-01,1.229663040707082246e+03,1.253417461830698358e+03
4.828092243186583588e-01,1.230128600427941592e+03,1.253873166086584206e+03
4.842767295597484312e-01,1.230590810855044765e+03,1.254325522019835944e+03
4.857442348008385591e-01,1.231049696221256227e+03,1.254774554906474577e+03
4.872117400419287425e-01,1.231505280580217914e+03,1.255220289819811796e+03
4.886792452830188704e-01,1.231957587807784421e+03,1.255662751632303525e+03
4.901467505241089984e-01,1.232406641603443632e+03,1.256101965017377552e+03
4.916142557651991818e-01,1.232852465491722569e+03,1.256537954451243650e+03
4.930817610062893097e-01,1.233295082823579150e+03,1.256970744214679826e+03
4.945492662473794376e-01,1.233734516777782574e+03,1.257400358394801515e+03
4.960167714884696211e-01,1.234170790362275056e+03,1.257826820886807809e+03
4.974842767295597490e-01,1.234603926415526303e+03,1.258250155395708589e+03
4.989517819706498769e-01,1.235033947607869095e+03,1.258670385438034373e+03
5.004192872117401159e-01,1.235460876442824883e+03,1.259087534343524112e+03
5.018867924528301883e-01,1.235884735258417095e+03,1.259501625256795251e+03
5.033542976939203717e-01,1.236305546228468756e+03,1.259912681138996277e+03
5.048218029350104441e-01,1.236723331363891020e+03,1.260320724769437902e+03
5.062893081761006275e-01,1.237138112513957367e+03,1.260725778747210370e+03
5.077568134171908110e-01,1.237549911367565073e+03,1.261127865492779392e+03
5.092243186582808834e-01,1.237958749454487815e+03,1.261527007249566168e+03
5.106918238993710668e-01,1.238364648146612581e+03,1.261923226085510578e+03
5.121593291404612502e-01,1.238767628659168622e+03,1.262316543894615734e+03
5.136268343815513227e-01,1.239167712051940725e+03,1.262706982398478431e+03
5.150943396226415061e-01,1.239564919230476789e+03,1.263094563147799136e+03
5.165618448637316895e-01,1.239959270947277673e+03,1.263479307523880152e+03
5.180293501048217619e-01,1.240350787802982722e+03,1.263861236740104005e+03
5.194968553459119454e-01,1.240739490247538242e+03,1.264240371843399316e+03
5.209643605870021288e-01,1.241125398581360059e+03,1.264616733715687360e+03
5.224318658280922012e-01,1.241508532956483123e+03,1.264990343075316332e+03
5.238993710691823846e-01,1.241888913377701328e+03,1.265361220478480163e+03
5.253668763102725681e-01,1.242266559703695975e+03,1.265729386320620051e+03
5.268343815513626405e-01,1.242641491648156943e+03,1.266094860837814167e+03
5.283018867924528239e-01,1.243013728780889323e+03,1.266457664108151221e+03
5.297693920335430073e-01,1.243383290528915495e+03,1.266817816053089018e+03
5.312368972746330797e-01,1.243750196177562657e+03,1.267175336438801423e+03
5.327044025157232632e-01,1.244114464871543078e+03,1.267530244877509404e+03
5.341719077568134466e-01,1.244476115616025709e+03,1.267882560828797978e+03
5.356394129979035190e-01,1.244835167277695291e+03,1.268232303600921796e+03
5.371069182389937025e-01,1.245191638585805322e+03,1.268579492352094803e+03
5.385744234800838859e-01,1.245545548133220336e+03,1.268924146091768307e+03
5.400419287211739583e-01,1.245896914377449320e+03,1.269266283681896994e+03
5.415094339622641417e-01,1.246245755641669575e+03,1.269605923838187891e+03
5.429769392033543252e-01,1.246592090115743076e+03,1.269943085131342059e+03
5.444444444444445086e-01,1.246935935857223285e+03,1.270277785988280584e+03
5.459119496855345810e-01,1.247277310792352637e+03,1.270610044693358759e+03
5.473794549266247644e-01,1.247616232717053208e+03,1.270939879389567977e+03
5.488469601677149479e-01,1.247952719297907834e+03,1.271267308079726035e+03
5.503144654088050203e-01,1.248286788073132584e+03,1.271592348627656520e+03
5.517819706498950927e-01,1.248618456453541739e+03,1.271915018759353643e+03
5.532494758909853871e-01,1.248947741723503896e+03,1.272235336064138437e+03
5.547169811320754595e-01,1.249274661041891477e+03,1.272553317995802672e+03
5.561844863731655320e-01,1.249599231443020244e+03,1.272868981873740040e+03
5.576519916142558264e-01,1.249921469837582436e+03,1.273182344884068925e+03
5.591194968553458988e-01,1.250241393013571951e+03,1.273493424080741306e+03
5.605870020964359712e-01,1.250559017637200441e+03,1.273802236386643926e+03
5.620545073375262657e-01,1.250874360253808391e+03,1.274108798594685368e+03
5.635220125786163381e-01,1.251187437288765977e+03,1.274413127368875394e+03
5.649895178197065215e-01,1.251498265048368012e+03,1.274715239245392468e+03
5.664570230607967050e-01,1.251806859720721150e+03,1.275015150633641042e+03
5.679245283018867774e-01,1.252113237376624056e+03,1.275312877817299750e+03
5.693920335429769608e-01,1.252417413970440066e+03,1.275608436955357092e+03
5.708595387840671442e-01,1.252719405340962794e+03,1.275901844083140986e+03
5.723270440251572166e-01,1.253019227212274245e+03,1.276193115113333988e+03
5.737945492662474001e-01,1.253316895194597464e+03,1.276482265836983061e+03
5.752620545073374725e-01,1.253612424785139638e+03,1.276769311924497288e+03
5.767295597484276559e-01,1.253905831368931331e+03,1.277054268926635814e+03
5.781970649895178394e-01,1.254197130219657311e+03,1.277337152275488961e+03
5.796645702306079118e-01,1.254486336500480093e+03,1.277617977285447523e+03
5.811320754716980952e-01,1.254773465264858942e+03,1.277896759154163874e+03
5.825995807127882786e-01,1.255058531457359322e+03,1.278173512963504891e+03
5.840670859538783510e-01,1.255341549914460074e+03,1.278448253680494645e+03
5.855345911949686455e-01,1.255622535365348767e+03,1.278720996158249136e+03
5.870020964360587179e-01,1.255901502432716597e+03,1.278991755136901702e+03
5.884696016771487903e-01,1.256178465633541691e+03,1.279260545244520699e+03
5.899371069182390848e-01,1.256453439379869451e+03,1.279527380998018089e+03
5.914046121593291572e-01,1.256726437979586080e+03,1.279792276804049607e+03
5.928721174004192296e-01,1.256997475637185062e+03,1.280055246959906526e+03
5.943396226415095240e-01,1.257266566454528174e+03,1.280316305654400594e+03
5.958071278825995964e-01,1.257533724431601513e+03,1.280575466968737601e+03
5.972746331236896689e-01,1.257798963467263320e+03,1.280832744877387995e+03
5.987421383647798523e-01,1.258062297359987724e+03,1.281088153248944309e+03
6.002096436058700357e-01,1.258323739808603023e+03,1.281341705846973127e+03
6.016771488469601081e-01,1.258583304413021551e+03,1.281593416330861373e+03
6.031446540880502916e-01,1.258841004674967735e+03,1.281843298256650314e+03
6.046121593291404750e-01,1.259096853998696361e+03,1.282091365077866612e+03
6.060796645702306584e-01,1.259350865691708805e+03,1.282337630146342235e+03
6.075471698113207308e-01,1.259603052965461302e+03,1.282582106713029361e+03
6.090146750524109143e-01,1.259853428936068440e+03,1.282824807928807331e+03
6.104821802935010977e-01,1.260102006625002559e+03,1.283065746845280501e+03
6.119496855345911701e-01,1.260348798959784972e+03,1.283304936415573593e+03
6.134171907756813535e-01,1.260593818774674446e+03,1.283542389495113866e+03
6.148846960167715370e-01,1.260837078811348647e+03,1.283778118842411686e+03
6.163522012578616094e-01,1.261078591719581937e+03,1.284012137119829731e+03
6.178197064989517928e-01,1.261318370057915672e+03,1.284244456894349469e+03
6.192872117400419762e-01,1.261556426294326457e+03,1.284475090638328084e+03
6.207547169811320487e-01,1.261792772806885978e+03,1.284704050730248809e+03
6.222222222222221211e-01,1.262027421884418345e+03,1.284931349455466489e+03
6.236897274633124155e-01,1.262260385727150606e+03,1.285156999006943806e+03
6.251572327044024879e-01,1.262491676447360078e+03,1.285381011485984800e+03
6.266247379454926714e-01,1.262721306070014634e+03,1.285603398902957451e+03
6.280922431865828548e-01,1.262949286533410714e+03,1.285824173178013552e+03
6.295597484276729272e-01,1.263175629689803372e+03,1.286043346141800612e+03
6.310272536687631106e-01,1.263400347306034064e+03,1.286260929536167396e+03
6.324947589098532941e-01,1.263623451064153187e+03,1.286476935014864921e+03
6.339622641509433665e-01,1.263844952562036269e+03,1.286691374144239035e+03
6.354297693920335499e-01,1.264064863313997648e+03,1.286904258403918675e+03
6.368972746331237333e-01,1.264283194751398923e+03,1.287115599187497537e+03
6.383647798742138058e-01,1.264499958223250587e+03,1.287325407803210055e+03
6.398322851153039892e-01,1.264715164996813655e+03,1.287533695474601018e+03
6.412997903563941726e-01,1.264928826258191293e+03,1.287740473341190636e+03
6.427672955974842450e-01,1.265140953112921352e+03,1.287945752459131654e+03
6.442348008385744285e-01,1.265351556586560037e+03,1.288149543801863501e+03
6.457023060796645009e-01,1.265560647625263755e+03,1.288351858260759400e+03
6.471698113207547953e-01,1.265768237096365965e+03,1.288552706645766875e+03
6.486373165618448677e-01,1.265974335788948565e+03,1.288752099686045540e+03
6.501048218029349401e-01,1.266178954414412601e+03,1.288950048030596236e+03
6.515723270440252346e-01,1.266382103607038289e+03,1.289146562248887676e+03
6.530398322851153070e-01,1.266583793924548218e+03,1.289341652831476267e+03
6.545073375262053794e-01,1.266784035848660551e+03,1.289535330190619788e+03
6.559748427672956739e-01,1.266982839785641318e+03,1.289727604660888574e+03
6.574423480083857463e-01,1.267180216066851472e+03,1.289918486499768278e+03
6.589098532494758187e-01,1.267376174949290089e+03,1.290107985888260828e+03
6.603773584905661131e-01,1.267570726616132788e+03,1.290296112931476728e+03
6.618448637316561856e-01,1.267763881177267194e+03,1.290482877659225551e+03
6.633123689727462580e-01,1.267955648669824541e+03,1.290668290026599834e+03
6.647798742138365524e-01,1.268146039058705810e+03,1.290852359914553972e+03
6.662473794549266248e-01,1.268335062237105603e+03,1.291035097130478789e+03
6.677148846960168083e-01,1.268522728027031235e+03,1.291216511408771566e+03
6.691823899371068807e-01,1.268709046179817960e+03,1.291396612411400383e+03
6.706498951781970641e-01,1.268894026376640795e+03,1.291575409728463910e+03
6.721174004192872475e-01,1.269077678229023149e+03,1.291752912878747338e+03
6.735849056603773199e-01,1.269260011279339096e+03,1.291929131310273306e+03
6.750524109014675034e-01,1.269441035001315186e+03,1.292104074400846457e+03
6.765199161425576868e-01,1.269620758800526801e+03,1.292277751458598004e+03
6.779874213836477592e-01,1.269799192014890195e+03,1.292450171722519599e+03
6.794549266247379427e-01,1.269976343915153620e+03,1.292621344362997888e+03
6.809224318658281261e-01,1.270152223705381630e+03,1.292791278482342705e+03
6.823899371069181985e-01,1.270326840523437113e+03,1.292959983115309797e+03
6.838574423480083819e-01,1.270500203441461281e+03,1.293127467229621061e+03
6.853249475890985654e-01,1.270672321466346602e+03,1.293293739726480453e+03
6.867924528301886378e-01,1.270843203540210425e+03,1.293458809441082622e+03
6.882599580712788212e-01,1.271012858540861771e+03,1.293622685143122453e+03
6.897274633123690046e-01,1.271181295282266774e+03,1.293785375537295977e+03
6.911949685534590770e-01,1.271348522515008653e+03,1.293946889263798766e+03
6.926624737945492605e-01,1.271514548926747239e+03,1.294107234898821389e+03
6.941299790356394439e-01,1.271679383142671441e+03,1.294266420955037802e+03
6.955974842767295163e-01,1.271843033725952637e+03,1.294424455882094207e+03
6.970649895178196997e-01,1.272005509178190323e+03,1.294581348067088129e+03
6.985324947589098832e-01,1.272166817939858447e+03,1.294737105835049761e+03
6.999999999999999556e-01,1.272326968390744923e+03,1.294891737449414904e+03
7.014675052410901390e-01,1.272485968850391373e+03,1.295045251112494725e+03
7.029350104821803225e-01,1.272643827578526498e+03,1.295197654965944594e+03
7.044025157232703949e-01,1.272800552775498318e+03,1.295348957091224747e+03
7.058700209643605783e-01,1.272956152582703680e+03,1.295499165510061630e+03
7.073375262054507617e-01,1.273110635083011175e+03,1.295648288184900821e+03
7.088050314465409452e-01,1.273264008301185413e+03,1.295796333019361327e+03
7.102725366876310176e-01,1.273416280204305622e+03,1.295943307858681464e+03
7.117400419287212010e-01,1.273567458702181057e+03,1.296089220490164280e+03
7.132075471698113844e-01,1.273717551647765276e+03,1.296234078643619114e+03
7.146750524109014568e-01,1.273866566837564505e+03,1.296377889991796565e+03
7.161425576519915293e-01,1.274014512012046680e+03,1.296520662150825274e+03
7.176100628930818237e-01,1.274161394856043444e+03,1.296662402680639161e+03
7.190775681341718961e-01,1.274307222999152600e+03,1.296803119085406252e+03
7.205450733752619685e-01,1.274452004016135788e+03,1.296942818813951362e+03
7.220125786163522630e-01,1.274595745427314341e+03,1.297081509260175608e+03
7.234800838574423354e-01,1.274738454698959913e+03,1.297219197763473630e+03
7.249475890985324078e-01,1.274880139243686699e+03,1.297355891609145829e+03
7.264150943396227023e-01,1.275020806420835697e+03,1.297491598028810131e+03
7.278825995807127747e-01,1.275160463536860107e+03,1.297626324200805811e+03
7.293501048218029581e-01,1.275299117845705496e+03,1.297760077250599124e+03
7.308176100628931415e-01,1.275436776549188835e+03,1.297892864251182800e+03
7.322851153039832139e-01,1.275573446797373208e+03,1.298024692223472130e+03
7.337526205450733974e-01,1.275709135688941842e+03,1.298155568136699912e+03
7.352201257861635808e-01,1.275843850271566680e+03,1.298285498908806403e+03
7.366876310272536532e-01,1.275977597542277181e+03,1.298414491406826983e+03
7.381551362683438366e-01,1.276110384447824345e+03,1.298542552447275966e+03
7.396226415094339091e-01,1.276242217885042919e+03,1.298669688796529272e+03
7.410901467505240925e-01,1.276373104701210650e+03,1.298795907171201407e+03
7.425576519916142759e-01,1.276503051694405940e+03,1.298921214238521316e+03
7.440251572327043483e-01,1.276632065613860959e+03,1.299045616616704820e+03
7.454926624737945318e-01,1.276760153160314303e+03,1.299169120875324325e+03
7.469601677148847152e-01,1.276887320986359782e+03,1.299291733535673529e+03
7.484276729559747876e-01,1.277013575696792714e+03,1.299413461071133270e+03
7.498951781970650821e-01,1.277138923848954619e+03,1.299534309907530996e+03
7.513626834381551545e-01,1.277263371953074511e+03,1.299654286423499116e+03
7.528301886792452269e-01,1.277386926472607456e+03,1.299773396950828783e+03
7.542976939203355213e-01,1.277509593824572448e+03,1.299891647774823468e+03
7.557651991614255937e-01,1.277631380379885513e+03,1.300009045134647522e+03
7.572327044025156662e-01,1.277752292463692356e+03,1.300125595223673599e+03
7.587002096436058496e-01,1.277872336355696689e+03,1.300241304189825996e+03
7.601677148846960330e-01,1.277991518290489012e+03,1.300356178135921709e+03
7.616352201257861054e-01,1.278109844457868803e+03,1.300470223120009678e+03
7.631027253668762889e-01,1.278227321003168754e+03,1.300583445155705931e+03
7.645702306079664723e-01,1.278343954027574455e+03,1.300695850212527148e+03
7.660377358490565447e-01,1.278459749588441127e+03,1.300807444216221711e+03
7.675052410901467281e-01,1.278574713699609674e+03,1.300918233049097125e+03
7.689727463312369116e-01,1.278688852331719772e+03,1.301028222550345390e+03
7.704402515723270950e-01,1.278802171412520011e+03,1.301137418516367006e+03
7.719077568134171674e-01,1.278914676827177345e+03,1.301245826701089300e+03
7.733752620545073508e-01,1.279026374418582918e+03,1.301353452816286790e+03
7.748427672955975343e-01,1.279137269987655600e+03,1.301460302531894968e+03
7.763102725366876067e-01,1.279247369293645306e+03,1.301566381476323386e+03
7.777777777777777901e-01,1.279356678054431086e+03,1.301671695236766482e+03
7.792452830188679735e-01,1.279465201946820116e+03,1.301776249359512349e+03
7.807127882599580460e-01,1.279572946606842152e+03,1.301880049350246964e+03
7.821802935010482294e-01,1.279679917630042837e+03,1.301983100674357956e+03
7.836477987421384128e-01,1.279786120571775200e+03,1.302085408757236110e+03
7.851153039832284852e-01,1.279891560947489097e+03,1.302186978984574125e+03
7.865828092243185576e-01,1.279996244233017023e+03,1.302287816702661758e+03
7.880503144654088521e-01,1.280100175864859466e+03,1.302387927218680716e+03
7.895178197064989245e-01,1.280203361240468666e+03,1.302487315800995475e+03
7.909853249475891079e-01,1.280305805718527836e+03,1.302585987679444543e+03
7.924528301886792914e-01,1.280407514619231279e+03,1.302683948045625129e+03
7.939203354297693638e-01,1.280508493224559970e+03,1.302781202053180323e+03
7.953878406708595472e-01,1.280608746778557133e+03,1.302877754818080120e+03
7.968553459119497306e-01,1.280708280487600632e+03,1.302973611418903829e+03
7.983228511530398031e-01,1.280807099520673773e+03,1.303068776897116322e+03
7.997903563941299865e-01,1.280905209009634518e+03,1.303163256257346120e+03
8.012578616352201699e-01,1.281002614049481735e+03,1.303257054467658463e+03
8.027253668763102423e-01,1.281099319698620548e+03,1.303350176459827708e+03
8.041928721174004258e-01,1.281195330979125401e+03,1.303442627129607217e+03
8.056603773584906092e-01,1.281290652877001321e+03,1.303534411336997209e+03
8.071278825995806816e-01,1.281385290342442659e+03,1.303625533906509872e+03
8.085953878406708650e-01,1.281479248290091391e+03,1.303715999627434485e+03
8.100628930817609374e-01,1.281572531599292006e+03,1.303805813254097302e+03
8.115303983228512319e-01,1.281665145114345023e+03,1.303894979506122809e+03
8.129979035639413043e-01,1.281757093644759379e+03,1.303983503068690425e+03
8.144654088050313767e-01,1.281848381965502540e+03,1.304071388592790299e+03
8.159329140461216712e-01,1.281939014817248335e+03,1.304158640695477743e+03
8.174004192872117436e-01,1.282028996906623888e+03,1.304245263960124248e+03
8.188679245283018160e-01,1.282118332906453588e+03,1.304331262936667144e+03
8.203354297693921104e-01,1.282207027456003061e+03,1.304416642141858347e+03
8.218029350104821829e-01,1.282295085161219504e+03,1.304501406059510145e+03
8.232704402515722553e-01,1.282382510594971336e+03,1.304585559140739178e+03
8.247379454926625497e-01,1.282469308297286034e+03,1.304669105804208129e+03
8.262054507337526221e-01,1.282555482775586597e+03,1.304752050436367199e+03
8.276729559748426945e-01,1.282641038504924381e+03,1.304834397391692164e+03
8.291404612159329890e-01,1.282725979928213519e+03,1.304916150992921303e+03
8.306079664570230614e-01,1.282810311456460795e+03,1.304997315531289814e+03
8.320754716981132448e-01,1.282894037468994838e+03,1.305077895266763790e+03
8.335429769392033172e-01,1.282977162313694635e+03,1.305157894428270993e+03
8.350104821802935007e-01,1.283059690307214396e+03,1.305237317213930737e+03
8.364779874213836841e-01,1.283141625735208663e+03,1.305316167791281714e+03
8.379454926624737565e-01,1.283222972852555131e+03,1.305394450297507774e+03
8.394129979035639399e-01,1.283303735883575428e+03,1.305472168839662572e+03
8.408805031446541234e-01,1.283383919022254304e+03,1.305549327494893305e+03
8.423480083857441958e-01,1.283463526432458366e+03,1.305625930310658987e+03
8.438155136268343792e-01,1.283542562248152080e+03,1.305701981304952824e+03
8.452830188679245627e-01,1.283621030573613098e+03,1.305777484466517990e+03
8.467505241090146351e-01,1.283698935483644391e+03,1.305852443755063859e+03
8.482180293501048185e-01,1.283776281023787760e+03,1.305926863101480876e+03
8.496855345911950019e-01,1.283853071210531880e+03,1.306000746408053374e+03
8.511530398322850743e-01,1.283929310031523300e+03,1.306074097548669897e+03
8.526205450733752578e-01,1.284005001445771541e+03,1.306146920369032614e+03
8.540880503144654412e-01,1.284080149383856906e+03,1.306219218686866498e+03
8.555555555555555136e-01,1.284154757748132852e+03,1.306290996292124873e+03
8.570230607966456970e-01,1.284228830412930165e+03,1.306362256947193600e+03
8.584905660377358805e-01,1.284302371224757508e+03,1.306433004387095480e+03
8.599580712788259529e-01,1.284375384002501050e+03,1.306503242319691026e+03
8.614255765199161363e-01,1.284447872537623880e+03,1.306572974425879238e+03
8.628930817610063198e-01,1.284519840594362677e+03,1.306642204359795414e+03
8.643605870020963922e-01,1.284591291909922347e+03,1.306710935749009195e+03
8.658280922431865756e-01,1.284662230194671565e+03,1.306779172194719877e+03
8.672955974842767590e-01,1.284732659132334675e+03,1.306846917271950588e+03
8.687631027253668314e-01,1.284802582380183367e+03,1.306914174529740421e+03
8.702306079664570149e-01,1.284872003569226536e+03,1.306980947491337020e+03
8.716981132075471983e-01,1.284940926304399682e+03,1.307047239654384612e+03
8.731656184486373817e-01,1.285009354164750903e+03,1.307113054491113871e+03
8.746331236897274541e-01,1.285077290703627568e+03,1.307178395448528590e+03
8.761006289308176376e-01,1.285144739448861628e+03,1.307243265948590306e+03
8.775681341719078210e-01,1.285211703902951740e+03,1.307307669388403156e+03
8.790356394129978934e-01,1.285278187543245394e+03,1.307371609140397140e+03
8.805031446540879658e-01,1.285344193822120360e+03,1.307435088552508660e+03
8.819706498951782603e-01,1.285409726167162944e+03,1.307498110948360136e+03
8.834381551362683327e-01,1.285474787981347390e+03,1.307560679627440095e+03
8.849056603773584051e-01,1.285539382643211184e+03,1.307622797865279381e+03
8.863731656184486996e-01,1.285603513507031948e+03,1.307684468913627597e+03
8.878406708595387720e-01,1.285667183903000705e+03,1.307745696000627277e+03
8.893081761006288444e-01,1.285730397137395130e+03,1.307806482330988047e+03
8.907756813417191388e-01,1.285793156492751450e+03,1.307866831086157617e+03
8.922431865828092112e-01,1.285855465228035882e+03,1.307926745424493447e+03
8.937106918238993947e-01,1.285917326578811299e+03,1.307986228481432136e+03
8.951781970649895781e-01,1.285978743757408438e+03,1.308045283369656772e+03
8.966457023060796505e-01,1.286039719953090525e+03,1.308103913179264737e+03
8.981132075471698339e-01,1.286100258332219710e+03,1.308162120977932773e+03
8.995807127882600174e-01,1.286160362038422363e+03,1.308219909811082289e+03
9.010482180293500898e-01,1.286220034192750745e+03,1.308277282702041703e+03
9.025157232704402732e-01,1.286279277893846711e+03,1.308334242652208104e+03
9.039832285115303456e-01,1.286338096218100873e+03,1.308390792641210055e+03
9.054507337526205291e-01,1.286396492219814945e+03,1.308446935627064704e+03
9.069182389937107125e-01,1.286454468931357724e+03,1.308502674546337175e+03
9.083857442348007849e-01,1.286512029363324245e+03,1.308558012314298367e+03
9.098532494758909683e-01,1.286569176504691995e+03,1.308612951825080245e+03
9.113207547169811518e-01,1.286625913322975293e+03,1.308667495951830006e+03
9.127882599580712242e-01,1.286682242764380362e+03,1.308721647546865825e+03
9.142557651991615186e-01,1.286738167753958123e+03,1.308775409441827378e+03
9.157232704402515910e-01,1.286793691195756082e+03,1.308828784447828184e+03
9.171907756813416635e-01,1.286848815972969078e+03,1.308881775355605441e+03
9.186582809224319579e-01,1.286903544948088665e+03,1.308934384935670096e+03
9.201257861635220303e-01,1.286957880963052958e+03,1.308986615938453497e+03
9.215932914046121027e-01,1.287011826839393052e+03,1.309038471094455417e+03
9.230607966457022862e-01,1.287065385378380142e+03,1.309089953114389346e+03
9.245283018867924696e-01,1.287118559361170583e+03,1.309141064689327322e+03
9.259958071278825420e-01,1.287171351548951634e+03,1.309191808490844096e+03
9.274633123689727254e-01,1.287223764683082891e+03,1.309242187171158776e+03
9.289308176100629089e-01,1.287275801485240436e+03,1.309292203363277167e+03
9.303983228511529813e-01,1.287327464657556902e+03,1.309341859681131609e+03
9.318658280922431647e-01,1.287378756882762900e+03,1.309391158719721034e+03
9.333333333333334592e-01,1.287429680824325033e+03,1.309440103055249210e+03
9.348008385744234205e-01,1.287480239126586412e+03,1.309488695245261624e+03
9.362683438155136040e-01,1.287530434414901265e+03,1.309536937828782357e+03
9.377358490566038984e-01,1.287580269295773405e+03,1.309584833326448916e+03
9.392033542976938598e-01,1.287629746356990609e+03,1.309632384240647752e+03
9.406708595387840433e-01,1.287678868167759447e+03,1.309679593055645228e+03
9.421383647798743377e-01,1.287727637278838074e+03,1.309726462237722671e+03
9.436058700209642991e-01,1.287776056222669922e+03,1.309772994235306214e+03
9.450733752620544825e-01,1.287824127513513986e+03,1.309819191479096617e+03
9.465408805031446660e-01,1.287871853647575790e+03,1.309865056382200009e+03
9.480083857442347384e-01,1.287919237103137903e+03,1.309910591340256360e+03
9.494758909853249218e-01,1.287966280340686808e+03,1.309955798731565210e+03
9.509433962264151052e-01,1.288012985803042739e+03,1.310000680917213913e+03
9.524109014675051776e-01,1.288059355915484730e+03,1.310045240241203146e+03
9.538784067085953611e-01,1.288105393085878632e+03,1.310089479030570146e+03
9.553459119496855445e-01,1.288151099704799663e+03,1.310133399595514675e+03
9.568134171907756169e-01,1.288196478145658830e+03,1.310177004229519525e+03
9.582809224318658003e-01,1.288241530764824802e+03,1.310220295209473989e+03
9.597484276729559838e-01,1.288286259901746462e+03,1.310263274795794587e+03
9.612159329140460562e-01,1.288330667879075463e+03,1.310305945232544673e+03
9.626834381551362396e-01,1.288374757002785373e+03,1.310348308747554256e+03
9.641509433962264231e-01,1.288418529562292406e+03,1.310390367552537782e+03
9.656184486373167175e-01,1.288461987830573889e+03,1.310432123843212139e+03
9.670859538784066789e-01,1.288505134064286722e+03,1.310473579799413073e+03
9.685534591194968623e-01,1.288547970503884017e+03,1.310514737585210923e+03
9.700209643605870458e-01,1.288590499373731745e+03,1.310555599349024760e+03
9.714884696016771182e-01,1.288632722882224698e+03,1.310596167223738348e+03
9.729559748427673016e-01,1.288674643221900396e+03,1.310636443326811332e+03
9.744234800838574850e-01,1.288716262569552782e+03,1.310676429760391784e+03
9.758909853249475574e-01,1.288757583086346585e+03,1.310716128611429895e+03
9.773584905660377409e-01,1.288798606917928964e+03,1.310755541951785517e+03
9.788259958071279243e-01,1.288839336194539783e+03,1.310794671838340037e+03
9.802935010482179967e-01,1.288879773031123932e+03,1.310833520313105510e+03
9.817610062893081802e-01,1.288919919527439788e+03,1.310872089403331756e+03
9.832285115303983636e-01,1.288959777768169488e+03,1.310910381121615046e+03
9.846960167714884360e-01,1.288999349823026250e+03,1.310948397466003371e+03
9.861635220125786194e-01,1.289038637746862605e+03,1.310986140420104221e+03
9.876310272536688029e-01,1.289077643579776122e+03,1.311023611953187356e+03
9.890985324947588753e-01,1.289116369347216278e+03,1.311060814020291446e+03
9.905660377358490587e-01,1.289154817060089272e+03,1.311097748562325933e+03
9.920335429769392421e-01,1.289192988714862622e+03,1.311134417506174941e+03
9.935010482180293145e-01,1.289230886293668391e+03,1.311170822764798004e+03
9.949685534591194980e-01,1.289268511764406867e+03,1.311206966237332608e+03
9.964360587002096814e-01,1.289305867080848202e+03,1.311242849809194695e+03
9.979035639412997538e-01,1.289342954182733592e+03,1.311278475352177566e+03
9.993710691823899372e-01,1.289379774995876687e+03,1.311313844724551018e+03
1.000838574423480232e+00,1.289416331432263860e+03,1.311348959771160708e+03
1.002306079664570193e+00,1.289452625390152207e+03,1.311383822323524782e+03
1.003773584905660377e+00,1.289488658754169592e+03,1.311418434199930971e+03
1.005241090146750560e+00,1.289524433395411279e+03,1.311452797205533216e+03
1.006708595387840743e+00,1.289559951171537477e+03,1.311486913132446489e+03
1.008176100628930705e+00,1.289595213926871111e+03,1.311520783759841834e+03
1.009643605870020888e+00,1.289630223492491268e+03,1.311554410854040270e+03
1.011111111111111294e+00,1.289664981686330066e+03,1.311587796168606928e+03
1.012578616352201255e+00,1.289699490313266324e+03,1.311620941444442678e+03
1.014046121593291439e+00,1.289733751165219473e+03,1.311653848409876446e+03
1.015513626834381622e+00,1.289767766021242778e+03,1.311686518780757069e+03
1.016981132075471583e+00,1.289801536647615194e+03,1.311718954260543342e+03
1.018448637316561767e+00,1.289835064797933910e+03,1.311751156540394277e+03
1.019916142557652172e+00,1.289868352213204162e+03,1.311783127299258240e+03
1.021383647798742134e+00,1.289901400621931316e+03,1.311814868203962078e+03
1.022851153039832317e+00,1.289934211740208866e+03,1.311846380909298659e+03
1.024318658280922500e+00,1.289966787271809608e+03,1.311877667058113957e+03
1.025786163522012462e+00,1.289999128908271587e+03,1.311908728281395270e+03
1.027253668763102645e+00,1.290031238328988138e+03,1.311939566198355124e+03
1.028721174004192829e+00,1.290063117201294062e+03,1.311970182416518583e+03
1.030188679245283012e+00,1.290094767180551798e+03,1.312000578531807150e+03
1.031656184486373196e+00,1.290126189910239191e+03,1.312030756128623580e+03
1.033123689727463379e+00,1.290157387022032253e+03,1.312060716779934410e+03
1.034591194968553340e+00,1.290188360135892481e+03,1.312090462047354549e+03
1.036058700209643524e+00,1.290219110860148703e+03,1.312119993481227539e+03
1.037526205450733707e+00,1.290249640791582806e+03,1.312149312620709679e+03
1.038993710691823891e+00,1.290279951515509993e+03,1.312178420993849613e+03
1.040461215932914074e+00,1.290310044605864277e+03,1.312207320117669042e+03
1.041928721174004258e+00,1.290339921625277384e+03,1.312236011498243670e+03
1.043396226415094219e+00,1.290369584125161737e+03,1.312264496630781196e+03
1.044863731656184402e+00,1.290399033645789359e+03,1.312292776999701118e+03
1.046331236897274586e+00,1.290428271716374411e+03,1.312320854078713182e+03
1.047798742138364769e+00,1.290457299855149813e+03,1.312348729330893775e+03
1.049266247379454953e+00,1.290486119569447737e+03,1.312376404208764143e+03
1.050733752620545136e+00,1.290514732355777824e+03,1.312403880154367243e+03
1.052201257861635320e+00,1.290543139699903804e+03,1.312431158599341870e+03
1.053668763102725281e+00,1.290571343076921494e+03,1.312458240965000186e+03
1.055136268343815464e+00,1.290599343951335868e+03,1.312485128662401394e+03
1.056603773584905648e+00,1.290627143777136325e+03,1.312511823092426312e+03
1.058071278825995831e+00,1.290654743997872174e+03,1.312538325645851501e+03
1.059538784067086015e+00,1.290682146046727894e+03,1.312564637703421113e+03
1.061006289308176198e+00,1.290709351346597032e+03,1.312590760635921697e+03
1.062473794549266159e+00,1.290736361310157918e+03,1.312616695804252913e+03
1.063941299790356343e+00,1.290763177339943923e+03,1.312642444559499609e+03
1.065408805031446526e+00,1.290789800828418947e+03,1.312668008243002305e+03
1.066876310272536710e+00,1.290816233158049045e+03,1.312693388186429502e+03
1.068343815513626893e+00,1.290842475701373132e+03,1.312718585711845662e+03
1.069811320754717077e+00,1.290868529821075981e+03,1.312743602131781927e+03
1.071278825995807038e+00,1.290894396870057108e+03,1.312768438749305005e+03
1.072746331236897221e+00,1.290920078191503308e+03,1.312793096858085619e+03
1.074213836477987405e+00,1.290945575118955730e+03,1.312817577742466483e+03
1.075681341719077588e+00,1.290970888976381048e+03,1.312841882677530521e+03
1.077148846960167772e+00,1.290996021078240119e+03,1.312866012929166800e+03
1.078616352201257955e+00,1.291020972729555524e+03,1.312889969754137837e+03
1.080083857442347917e+00,1.291045745225979090e+03,1.312913754400145308e+03
1.081551362683438100e+00,1.291070339853860105e+03,1.312937368105896212e+03
1.083018867924528283e+00,1.291094757890311939e+03,1.312960812101168131e+03
1.084486373165618245e+00,1.291119000603277982e+03,1.312984087606871753e+03
1.085953878406708650e+00,1.291143069251597126e+03,1.313007195835117955e+03
1.087421383647798834e+00,1.291166965085070160e+03,1.313030137989280547e+03
1.088888888888889017e+00,1.291190689344523889e+03,1.313052915264057901e+03
1.090356394129978979e+00,1.291214243261875936e+03,1.313075528845537974e+03
1.091823899371069162e+00,1.291237628060198631e+03,1.313097979911259245e+03
1.093291404612159345e+00,1.291260844953782453e+03,1.313120269630273242e+03
1.094758909853249529e+00,1.291283895148199008e+03,1.313142399163205710e+03
1.096226415094339712e+00,1.291306779840363788e+03,1.313164369662317540e+03
1.097693920335429896e+00,1.291329500218598241e+03,1.313186182271564803e+03
1.099161425576519857e+00,1.291352057462691619e+03,1.313207838126660363e+03
1.100628930817610041e+00,1.291374452743962138e+03,1.313229338355131631e+03
1.102096436058700224e+00,1.291396687225317692e+03,1.313250684076381503e+03
1.103563941299790185e+00,1.291418762061316784e+03,1.313271876401745430e+03
1.105031446540880591e+00,1.291440678398227192e+03,1.313292916434550989e+03
1.106498951781970774e+00,1.291462437374086903e+03,1.313313805270175862e+03
1.107966457023060736e+00,1.291484040118763005e+03,1.313334543996104003e+03
1.109433962264150919e+00,1.291505487754008982e+03,1.313355133691984520e+03
1.110901467505241103e+00,1.291526781393524971e+03,1.313375575429686933e+03
1.112368972746331064e+00,1.291547922143014148e+03,1.313395870273358014e+03
1.113836477987421469e+00,1.291568911100240939e+03,1.313416019279477723e+03
1.115303983228511653e+00,1.291589749355086724e+03,1.313436023496914459e+03
1.116771488469601614e+00,1.291610437989609181e+03,1.313455883966979854e+03
1.118238993710691798e+00,1.291630978078094586e+03,1.313475601723484260e+03
1.119706498951781981e+00,1.291651370687117378e+03,1.313495177792789491e+03
1.121174004192871942e+00,1.291671616875593145e+03,1.313514613193864307e+03
1.122641509433962348e+00,1.291691717694834324e+03,1.313533908938336936e+03
1.124109014675052531e+00,1.291711674188605002e+03,1.313553066030548052e+03
1.125576519916142493e+00,1.291731487393174575e+03,1.313572085467603529e+03
1.127044025157232676e+00,1.291751158337372544e+03,1.313590968239427866e+03
1.128511530398322860e+00,1.291770688042641041e+03,1.313609715328814218e+03
1.129979035639413043e+00,1.291790077523087575e+03,1.313628327711477368e+03
1.131446540880503004e+00,1.291809327785538699e+03,1.313646806356103525e+03
1.132914046121593410e+00,1.291828439829592071e+03,1.313665152224403073e+03
1.134381551362683593e+00,1.291847414647668074e+03,1.313683366271159002e+03
1.135849056603773555e+00,1.291866253225060518e+03,1.313701449444278069e+03
1.137316561844863738e+00,1.291884956539990071e+03,1.313719402684840361e+03
1.138784067085953922e+00,1.291903525563652465e+03,1.313737226927148413e+03
1.140251572327043883e+00,1.291921961260271246e+03,1.313754923098775862e+03
1.141719077568134288e+00,1.291940264587145293e+03,1.313772492120616562e+03
1.143186582809224472e+00,1.291958436494701573e+03,1.313789934906933240e+03
1.144654088050314433e+00,1.291976477926541975e+03,1.313807252365404565e+03
1.146121593291404617e+00,1.291994389819493108e+03,1.313824445397172212e+03
1.147589098532494800e+00,1.292012173103655414e+03,1.313841514896889976e+03
1.149056603773584762e+00,1.292029828702451368e+03,1.313858461752768790e+03
1.150524109014674945e+00,1.292047357532672322e+03,1.313875286846624249e+03
1.151991614255765350e+00,1.292064760504528067e+03,1.313891991053922766e+03
1.153459119496855312e+00,1.292082038521692084e+03,1.313908575243826363e+03
1.154926624737945495e+00,1.292099192481349746e+03,1.313925040279240193e+03
1.156394129979035679e+00,1.292116223274244476e+03,1.313941387016855288e+03
1.157861635220125640e+00,1.292133131784724128e+03,1.313957616307195622e+03
1.159329140461215824e+00,1.292149918890787148e+03,1.313973728994661087e+03
1.160796645702306229e+00,1.292166585464126911e+03,1.313989725917572741e+03
1.162264150943396190e+00,1.292183132370179010e+03,1.314005607908216007e+03
1.163731656184486374e+00,1.292199560468164464e+03,1.314021375792885010e+03
1.165199161425576557e+00,1.292215870611135415e+03,1.314037030391924418e+03
1.166666666666666519e+00,1.292232063646018560e+03,1.314052572519773776e+03
1.168134171907756702e+00,1.292248140413660167e+03,1.314068002985010025e+03
1.169601677148846886e+00,1.292264101748868370e+03,1.314083322590388889e+03
1.171069182389937291e+00,1.292279948480457961e+03,1.314098532132887613e+03
1.172536687631027252e+00,1.292295681431292678e+03,1.314113632403746806e+03
1.174004192872117436e+00,1.292311301418327275e+03,1.314128624188510912e+03
1.175471698113207619e+00,1.292326809252652083e+03,1.314143508267070501e+03
1.176939203354297581e+00,1.292342205739532346e+03,1.314158285413702515e+03
1.178406708595387764e+00,1.292357491678452106e+03,1.314172956397110511e+03
1.179874213836478170e+00,1.292372667863154675e+03,1.314187521980465590e+03
1.181341719077568131e+00,1.292387735081684923e+03,1.314201982921445051e+03
1.182809224318658314e+00,1.292402694116428847e+03,1.314216339972273772e+03
1.184276729559748498e+00,1.292417545744154722e+03,1.314230593879761955e+03
1.185744234800838459e+00,1.292432290736054028e+03,1.314244745385345368e+03
1.187211740041928643e+00,1.292446929857781015e+03,1.314258795225123777e+03
1.188679245283019048e+00,1.292461463869491809e+03,1.314272744129898228e+03
1.190146750524109009e+00,1.292475893525885340e+03,1.314286592825211756e+03
1.191614255765199193e+00,1.292490219576241088e+03,1.314300342031385071e+03
1.193081761006289376e+00,1.292504442764459100e+03,1.314313992463555223e+03
1.194549266247379338e+00,1.292518563829097729e+03,1.314327544831713112e+03
1.196016771488469521e+00,1.292532583503413207e+03,1.314340999840739869e+03
1.197484276729559705e+00,1.292546502515396014e+03,1.314354358190444600e+03
1.198951781970649888e+00,1.292560321587809540e+03,1.314367620575600085e+03
1.200419287211740071e+00,1.292574041438228733e+03,1.314380787685980067e+03
1.201886792452830255e+00,1.292587662779075117e+03,1.314393860206394947e+03
1.203354297693920216e+00,1.292601186317655902e+03,1.314406838816726577e+03
1.204821802935010400e+00,1.292614612756198994e+03,1.314419724191965315e+03
1.206289308176100583e+00,1.292627942791890518e+03,1.314432517002245049e+03
1.207756813417190767e+00,1.292641177116910740e+03,1.314445217912876615e+03
1.209224318658280950e+00,1.292654316418470444e+03,1.314457827584384859e+03
1.210691823899371133e+00,1.292667361378845499e+03,1.314470346672541837e+03
1.212159329140461317e+00,1.292680312675413234e+03,1.314482775828400918e+03
1.213626834381551278e+00,1.292693170980687455e+03,1.314495115698332029e+03
1.215094339622641462e+00,1.292705936962353235e+03,1.314507366924053485e+03
1.216561844863731645e+00,1.292718611283301016e+03,1.314519530142667463e+03
1.218029350104821829e+00,1.292731194601662992e+03,1.314531605986692284e+03
1.219496855345912012e+00,1.292743687570844259e+03,1.314543595084095841e+03
1.220964360587002195e+00,1.292756090839559874e+03,1.314555498058327885e+03
1.222431865828092157e+00,1.292768405051865784e+03,1.314567315528352992e+03
1.223899371069182340e+00,1.292780630847194516e+03,1.314579048108682855e+03
1.225366876310272524e+00,1.292792768860387241e+03,1.314590696409408338e+03
1.226834381551362707e+00,1.292804819721726290e+03,1.314602261036231766e+03
1.228301886792452891e+00,1.292816784056969027e+03,1.314613742590497623e+03
1.229769392033543074e+00,1.292828662487380143e+03,1.314625141669224604e+03
1.231236897274633035e+00,1.292840455629762573e+03,1.314636458865136547e+03
1.232704402515723219e+00,1.292852164096491833e+03,1.314647694766694485e+03
1.234171907756813402e+00,1.292863788495545577e+03,1.314658849958125074e+03
1.235639412997903586e+00,1.292875329430536340e+03,1.314669925019453331e+03
1.237106918238993769e+00,1.292886787500742685e+03,1.314680920526531281e+03
1.238574423480083952e+00,1.292898163301140585e+03,1.314691837051070024e+03
1.240041928721173914e+00,1.292909457422433661e+03,1.314702675160667013e+03
1.241509433962264097e+00,1.292920670451084334e+03,1.314713435418837889e+03
1.242976939203354281e+00,1.292931802969344517e+03,1.314724118385044676e+03
1.244444444444444242e+00,1.292942855555284723e+03,1.314734724614725337e+03
1.245911949685534648e+00,1.292953828782825667e+03,1.314745254659322882e+03
1.247379454926624831e+00,1.292964723221766917e+03,1.314755709066314012e+03
1.248846960167714792e+00,1.292975539437816678e+03,1.314766088379237999e+03
1.250314465408804976e+00,1.292986277992621808e+03,1.314776393137724199e+03
1.251781970649895159e+00,1.292996939443795782e+03,1.314786623877521379e+03
1.253249475890985343e+00,1.293007524344949161e+03,1.314796781130524778e+03
1.254716981132075526e+00,1.293018033245716879e+03,1.314806865424804073e+03
1.256184486373165710e+00,1.293028466691787571e+03,1.314816877284632028e+03
1.257651991614255893e+00,1.293038825224932225e+03,1.314826817230509505e+03
1.259119496855345854e+00,1.293049109383031237e+03,1.314836685779195250e+03
1.260587002096436038e+00,1.293059319700103515e+03,1.314846483443730904e+03
1.262054507337526221e+00,1.293069456706333540e+03,1.314856210733468515e+03
1.263522012578616405e+00,1.293079520928098418e+03,1.314865868154097370e+03
1.264989517819706588e+00,1.293089512887996989e+03,1.314875456207670368e+03
1.266457023060796772e+00,1.293099433104874379e+03,1.314884975392629258e+03
1.267924528301886733e+00,1.293109282093851789e+03,1.314894426203832154e+03
1.269392033542976916e+00,1.293119060366350823e+03,1.314903809132577635e+03
1.270859538784067100e+00,1.293128768430120999e+03,1.314913124666632029e+03
1.272327044025157061e+00,1.293138406789267037e+03,1.314922373290253972e+03
1.273794549266247467e+00,1.293147975944273185e+03,1.314931555484219643e+03
1.275262054507337650e+00,1.293157476392030730e+03,1.314940671725848233e+03
1.276729559748427612e+00,1.293166908625863016e+03,1.314949722489026499e+03
1.278197064989517795e+00,1.293176273135551355e+03,1.314958708244233321e+03
1.279664570230607978e+00,1.293185570407360501e+03,1.314967629458565170e+03
1.281132075471697940e+00,1.293194800924063657e+03,1.314976486595759525e+03
1.282599580712788345e+00,1.293203965164967485e+03,1.314985280116219201e+03
1.284067085953878529e+00,1.293213063605937577e+03,1.314994010477036682e+03
1.285534591194968490e+00,1.293222096719422325e+03,1.315002678132018218e+03
1.287002096436058673e+00,1.293231064974478386e+03,1.315011283531706340e+03
1.288469601677148857e+00,1.293239968836794333e+03,1.315019827123404411e+03
1.289937106918238818e+00,1.293248808768714753e+03,1.315028309351200051e+03
1.291404612159329002e+00,1.293257585229265032e+03,1.315036730655987412e+03
1.292872117400419407e+00,1.293266298674174550e+03,1.315045091475490835e+03
1.294339622641509591e+00,1.293274949555900321e+03,1.315053392244287124e+03
1.295807127882599552e+00,1.293283538323651101e+03,1.315061633393829425e+03
1.297274633123689735e+00,1.293292065423409667e+03,1.315069815352467913e+03
1.298742138364779919e+00,1.293300531297957605e+03,1.315077938545473444e+03
1.300209643605869880e+00,1.293308936386895766e+03,1.315086003395059606e+03
1.301677148846960286e+00,1.293317281126670423e+03,1.315094010320404323e+03
1.303144654088050469e+00,1.293325565950592363e+03,1.315101959737671677e+03
1.304612159329140431e+00,1.293333791288862813e+03,1.315109852060033745e+03
1.306079664570230614e+00,1.293341957568592989e+03,1.315117687697692645e+03
1.307547169811320797e+00,1.293350065213827520e+03,1.315125467057901233e+03
1.309014675052410759e+00,1.293358114645566957e+03,1.315133190544984473e+03
1.310482180293500942e+00,1.293366106281788461e+03,1.315140858560360584e+03
1.311949685534591348e+00,1.293374040537468545e+03,1.315148471502561961e+03
1.313417190775681309e+00,1.293381917824603534e+03,1.315156029767256541e+03
1.314884696016771493e+00,1.293389738552232302e+03,1.315163533747266911e+03
1.316352201257861676e+00,1.293397503126456286e+03,1.315170983832592356e+03
1.317819706498951637e+00,1.293405211950461307e+03,1.315178380410428417e+03
1.319287211740041821e+00,1.293412865424538040e+03,1.315185723865187583e+03
1.320754716981132226e+00,1.293420463946103609e+03,1.315193014578517932e+03
1.322222222222222188e+00,1.293428007909720691e+03,1.315200252929324961e+03
1.323689727463312371e+00,1.293435497707119794e+03,1.315207439293790003e+03
1.325157232704402555e+00,1.293442933727218588e+03,1.315214574045390464e+03
1.326624737945492516e+00,1.293450316356142139e+03,1.315221657554919148e+03
1.328092243186582699e+00,1.293457645977243374e+03,1.315228690190502903e+03
1.329559748427673105e+00,1.293464922971122178e+03,1.315235672317622857e+03
1.331027253668763066e+00,1.293472147715646315e+03,1.315242604299133291e+03
1.332494758909853250e+00,1.293479320585969617e+03,1.315249486495279371e+03
1.333962264150943433e+00,1.293486441954553584e+03,1.315256319263717842e+03
1.335429769392033617e+00,1.293493512191183981e+03,1.315263102959533398e+03
1.336897274633123578e+00,1.293500531662992444e+03,1.315269837935259829e+03
1.338364779874213761e+00,1.293507500734473979e+03,1.315276524540895480e+03
1.339832285115304167e+00,1.293514419767507434e+03,1.315283163123924396e+03
1.341299790356394128e+00,1.293521289121371865e+03,1.315289754029331561e+03
1.342767295597484312e+00,1.293528109152767911e+03,1.315296297599623813e+03
1.344234800838574495e+00,1.293534880215834846e+03,1.315302794174844621e+03
1.345702306079664456e+00,1.293541602662168316e+03,1.315309244092594781e+03
1.347169811320754640e+00,1.293548276840841027e+03,1.315315647688047648e+03
1.348637316561845045e+00,1.293554903098417753e+03,1.315322005293967777e+03
1.350104821802935007e+00,1.293561481778975804e+03,1.315328317240727984e+03
1.351572327044025190e+00,1.293568013224121842e+03,1.315334583856326844e+03
1.353039832285115374e+00,1.293574497773009625e+03,1.315340805466405300e+03
1.354507337526205335e+00,1.293580935762358195e+03,1.315346982394263478e+03
1.355974842767295518e+00,1.293587327526468471e+03,1.315353114960878429e+03
1.357442348008385702e+00,1.293593673397240536e+03,1.315359203484920045e+03
1.358909853249475885e+00,1.293599973704192507e+03,1.315365248282767880e+03
1.360377358490566069e+00,1.293606228774476222e+03,1.315371249668527980e+03
1.361844863731656252e+00,1.293612438932894065e+03,1.315377207954048117e+03
1.363312368972746214e+00,1.293618604501916934e+03,1.315383123448935976e+03
1.364779874213836397e+00,1.293624725801699697e+03,1.315388996460573026e+03
1.366247379454926580e+00,1.293630803150098927e+03,1.315394827294132483e+03
1.367714884696016764e+00,1.293636836862689279e+03,1.315400616252593863e+03
1.369182389937106947e+00,1.293642827252778716e+03,1.315406363636759124e+03
1.370649895178197131e+00,1.293648774631426477e+03,1.315412069745268809e+03
1.372117400419287092e+00,1.293654679307457400e+03,1.315417734874617281e+03
1.373584905660377276e+00,1.293660541587480111e+03,1.315423359319168185e+03
1.375052410901467459e+00,1.293666361775900441e+03,1.315428943371168998e+03
1.376519916142557642e+00,1.293672140174939841e+03,1.315434487320767403e+03
1.377987421383647826e+00,1.293677877084649026e+03,1.315439991456026519e+03
1.379454926624738009e+00,1.293683572802924346e+03,1.315445456062938547e+03
1.380922431865828193e+00,1.293689227625523699e+03,1.315450881425440684e+03
1.382389937106918154e+00,1.293694841846081090e+03,1.315456267825429677e+03
1.383857442348008338e+00,1.293700415756122084e+03,1.315461615542776826e+03
1.385324947589098521e+00,1.293705949645079272e+03,1.315466924855341631e+03
1.386792452830188704e+00,1.293711443800306824e+03,1.315472196038987022e+03
1.388259958071278888e+00,1.293716898507096403e+03,1.315477429367593913e+03
1.389727463312369071e+00,1.293722314048690350e+03,1.315482625113074846e+03
1.391194968553459033e+00,1.293727690706297835e+03,1.315487783545388083e+03
1.392662473794549216e+00,1.293733028759108947e+03,1.315492904932552392e+03
1.394129979035639399e+00,1.293738328484308795e+03,1.315497989540660683e+03
1.395597484276729583e+00,1.293743590157092513e+03,1.315503037633893200e+03
1.397064989517819766e+00,1.293748814050679357e+03,1.315508049474532299e+03
1.398532494758909950e+00,1.293754000436327033e+03,1.315513025322975409e+03
1.399999999999999911e+00,1.293759149583344879e+03,1.315517965437749126e+03
1.401467505241090095e+00,1.293764261759109331e+03,1.315522870075521723e+03
1.402935010482180278e+00,1.293769337229077109e+03,1.315527739491117700e+03
1.404402515723270461e+00,1.293774376256797950e+03,1.315532573937530287e+03
1.405870020964360645e+00,1.293779379103930069e+03,1.315537373665934638e+03
1.407337526205450828e+00,1.293784346030252891e+03,1.315542138925701238e+03
1.408805031446540790e+00,1.293789277293680698e+03,1.315546869964408870e+03
1.410272536687630973e+00,1.293794173150275583e+03,1.315551567027857345e+03
1.411740041928721157e+00,1.293799033854261324e+03,1.315556230360080008e+03
1.413207547169811118e+00,1.293803859658035890e+03,1.315560860203356697e+03
1.414675052410901523e+00,1.293808650812185988e+03,1.315565456798226705e+03
1.416142557651991707e+00,1.293813407565498210e+03,1.315570020383500832e+03
1.417610062893081890e+00,1.293818130164973127e+03,1.315574551196273887e+03
1.419077568134171852e+00,1.293822818855837795e+03,1.315579049471937424e+03
1.420545073375262035e+00,1.293827473881558944e+03,1.315583515444191107e+03
1.422012578616352219e+00,1.293832095483854346e+03,1.315587949345055677e+03
1.423480083857442402e+00,1.293836683902706909e+03,1.315592351404885221e+03
1.424947589098532585e+00,1.293841239376376279e+03,1.315596721852377641e+03
1.426415094339622769e+00,1.293845762141411114e+03,1.315601060914589198e+03
1.427882599580712730e+00,1.293850252432662046e+03,1.315605368816943383e+03
1.429350104821802914e+00,1.293854710483293275e+03,1.315609645783244332e+03
1.430817610062893097e+00,1.293859136524794621e+03,1.315613892035688878e+03
1.432285115303983059e+00,1.293863530786994261e+03,1.315618107794876323e+03
1.433752620545073464e+00,1.293867893498070089e+03,1.315622293279821861e+03
1.435220125786163647e+00,1.293872224884560865e+03,1.315626448707966574e+03
1.436687631027253609e+00,1.293876525171380081e+03,1.315630574295189945e+03
1.438155136268343792e+00,1.293880794581825512e+03,1.315634670255819401e+03
1.439622641509433976e+00,1.293885033337591722e+03,1.315638736802643280e+03
1.441090146750523937e+00,1.293889241658781884e+03,1.315642774146920829e+03
1.442557651991614343e+00,1.293893419763918018e+03,1.315646782498393577e+03
1.444025157232704526e+00,1.293897567869954173e+03,1.315650762065296021e+03
1.445492662473794487e+00,1.293901686192285524e+03,1.315654713054366539e+03
1.446960167714884671e+00,1.293905774944761788e+03,1.315658635670858303e+03
1.448427672955974854e+00,1.293909834339696545e+03,1.315662530118549967e+03
1.449895178197064816e+00,1.293913864587879516e+03,1.315666396599755672e+03
1.451362683438154999e+00,1.293917865898585660e+03,1.315670235315336640e+03
1.452830188679245405e+00,1.293921838479588814e+03,1.315674046464710727e+03
1.454297693920335366e+00,1.293925782537170335e+03,1.315677830245863106e+03
1.455765199161425549e+00,1.293929698276130466e+03,1.315681586855356727e+03
1.457232704402515733e+00,1.293933585899799027e+03,1.315685316488341641e+03
1.458700209643605916e+00,1.293937445610045643e+03,1.315689019338567277e+03
1.460167714884695878e+00,1.293941277607291113e+03,1.315692695598389491e+03
1.461635220125786283e+00,1.293945082090516735e+03,1.315696345458783526e+03
1.463102725366876466e+00,1.293948859257274989e+03,1.315699969109351969e+03
1.464570230607966428e+00,1.293952609303700456e+03,1.315703566738335212e+03
1.466037735849056611e+00,1.293956332424518905e+03,1.315707138532621912e+03
1.467505241090146795e+00,1.293960028813058216e+03,1.315710684677757399e+03
1.468972746331236756e+00,1.293963698661258377e+03,1.315714205357954370e+03
1.470440251572327162e+00,1.293967342159680584e+03,1.315717700756102204e+03
1.471907756813417345e+00,1.293970959497518606e+03,1.315721171053776288e+03
1.473375262054507306e+00,1.293974550862606975e+03,1.315724616431247568e+03
1.474842767295597490e+00,1.293978116441432348e+03,1.315728037067491869e+03
1.476310272536687673e+00,1.293981656419141700e+03,1.315731433140199442e+03
1.477777777777777635e+00,1.293985170979553004e+03,1.315734804825783840e+03
1.479245283018867818e+00,1.293988660305164331e+03,1.315738152299391231e+03
1.480712788259958224e+00,1.293992124577163850e+03,1.315741475734910182e+03
1.482180293501048185e+00,1.293995563975437562e+03,1.315744775304979157e+03
1.483647798742138368e+00,1.293998978678581125e+03,1.315748051180996754e+03
1.485115303983228552e+00,1.294002368863907350e+03,1.315751303533131022e+03
1.486582809224318513e+00,1.294005734707455986e+03,1.315754532530326742e+03
1.488050314465408697e+00,1.294009076384002583e+03,1.315757738340314745e+03
1.489517819706499102e+00,1.294012394067068271e+03,1.315760921129622147e+03
1.490985324947589064e+00,1.294015687928927946e+03,1.315764081063578487e+03
1.492452830188679247e+00,1.294018958140619588e+03,1.315767218306326868e+03
1.493920335429769430e+00,1.294022204871952908e+03,1.315770333020830094e+03
1.495387840670859392e+00,1.294025428291519120e+03,1.315773425368881135e+03
1.496855345911949575e+00,1.294028628566698217e+03,1.315776495511110397e+03
1.498322851153039759e+00,1.294031805863668524e+03,1.315779543606994366e+03
1.499790356394130164e+00,1.294034960347414881e+03,1.315782569814864246e+03
1.501257861635220126e+00,1.294038092181738875e+03,1.315785574291913463e+03
1.502725366876310309e+00,1.294041201529264299e+03,1.315788557194206305e+03
1.504192872117400492e+00,1.294044288551448062e+03,1.315791518676686565e+03
1.505660377358490454e+00,1.294047353408587924e+03,1.315794458893184128e+03
1.507127882599580637e+00,1.294050396259830677e+03,1.315797377996424302e+03
1.508595387840671043e+00,1.294053417263180108e+03,1.315800276138035542e+03
1.510062893081761004e+00,1.294056416575505864e+03,1.315803153468556729e+03
1.511530398322851187e+00,1.294059394352550726e+03,1.315806010137445810e+03
1.512997903563941371e+00,1.294062350748939934e+03,1.315808846293086390e+03
1.514465408805031332e+00,1.294065285918188010e+03,1.315811662082797284e+03
1.515932914046121516e+00,1.294068200012707393e+03,1.315814457652837746e+03
1.517400419287211699e+00,1.294071093183816402e+03,1.315817233148417472e+03
1.518867924528301883e+00,1.294073965581746279e+03,1.315819988713703196e+03
1.520335429769392066e+00,1.294076817355650292e+03,1.315822724491825056e+03
1.521802935010482249e+00,1.294079648653610320e+03,1.315825440624885914e+03
1.523270440251572211e+00,1.294082459622645274e+03,1.315828137253967725e+03
1.524737945492662394e+00,1.294085250408717911e+03,1.315830814519138812e+03
1.526205450733752578e+00,1.294088021156744162e+03,1.315833472559461597e+03
1.527672955974842761e+00,1.294090772010597902e+03,1.315836111512999651e+03
1.529140461215932945e+00,1.294093503113121187e+03,1.315838731516824510e+03
1.530607966457023128e+00,1.294096214606129934e+03,1.315841332707023639e+03
1.532075471698113089e+00,1.294098906630421652e+03,1.315843915218706343e+03
1.533542976939203273e+00,1.294101579325783632e+03,1.315846479186012175e+03
1.535010482180293456e+00,1.294104232830998626e+03,1.315849024742116626e+03
1.536477987421383640e+00,1.294106867283853489e+03,1.315851552019238852e+03
1.537945492662473823e+00,1.294109482821145320e+03,1.315854061148647816e+03
1.539412997903564007e+00,1.294112079578689418e+03,1.315856552260670696e+03
1.540880503144654190e+00,1.294114657691326101e+03,1.315859025484697440e+03
1.542348008385744151e+00,1.294117217292926625e+03,1.315861480949188945e+03
1.543815513626834335e+00,1.294119758516401816e+03,1.315863918781683878e+03
1.545283018867924518e+00,1.294122281493707760e+03,1.315866339108804141e+03
1.546750524109014702e+00,1.294124786355853757e+03,1.315868742056262590e+03
1.548218029350104885e+00,1.294127273232907555e+03,1.315871127748868730e+03
1.549685534591195069e+00,1.294129742254003531e+03,1.315873496310535984e+03
1.551153039832285030e+00,1.294132193547349061e+03,1.315875847864287607e+03
1.552620545073375213e+00,1.294134627240230202e+03,1.315878182532263281e+03
1.554088050314465397e+00,1.294137043459019651e+03,1.315880500435725025e+03
1.555555555555555580e+00,1.294139442329183112e+03,1.315882801695064472e+03
1.557023060796645764e+00,1.294141823975284751e+03,1.315885086429808098e+03
1.558490566037735947e+00,1.294144188520994476e+03,1.315887354758624042e+03
1.559958071278825908e+00,1.294146536089094525e+03,1.315889606799328021e+03
1.561425576519916092e+00,1.294148866801485156e+03,1.315891842668889467e+03
1.562893081761006275e+00,1.294151180779191691e+03,1.315894062483438120e+03
1.564360587002096459e+00,1.294153478142370432e+03,1.315896266358268804e+03
1.565828092243186642e+00,1.294155759010315023e+03,1.315898454407849158e+03
1.567295597484276826e+00,1.294158023501462367e+03,1.315900626745823956e+03
1.568763102725366787e+00,1.294160271733398758e+03,1.315902783485022155e+03
1.570230607966456970e+00,1.294162503822867166e+03,1.315904924737461670e+03
1.571698113207547154e+00,1.294164719885770864e+03,1.315907050614356876e+03
1.573165618448637115e+00,1.294166920037182535e+03,1.315909161226122706e+03
1.574633123689727521e+00,1.294169104391347673e+03,1.315911256682380781e+03
1.576100628930817704e+00,1.294171273061691181e+03,1.315913337091966241e+03
1.577568134171907666e+00,1.294173426160824647e+03,1.315915402562931831e+03
1.579035639412997849e+00,1.294175563800549980e+03,1.315917453202554270e+03
1.580503144654088032e+00,1.294177686091867145e+03,1.315919489117340163e+03
1.581970649895178216e+00,1.294179793144978930e+03,1.315921510413031001e+03
1.583438155136268399e+00,1.294181885069296641e+03,1.315923517194608621e+03
1.584905660377358583e+00,1.294183961973446230e+03,1.315925509566301116e+03
1.586373165618448766e+00,1.294186023965273307e+03,1.315927487631587610e+03
1.587840670859538728e+00,1.294188071151849726e+03,1.315929451493204397e+03
1.589308176100628911e+00,1.294190103639477911e+03,1.315931401253149716e+03
1.590775681341719094e+00,1.294192121533697900e+03,1.315933337012689208e+03
1.592243186582809278e+00,1.294194124939291214e+03,1.315935258872361601e+03
1.593710691823899461e+00,1.294196113960287221e+03,1.315937166931982574e+03
1.595178197064989645e+00,1.294198088699968139e+03,1.315939061290652262e+03
1.596645702306079606e+00,1.294200049260875176e+03,1.315940942046757527e+03
1.598113207547169790e+00,1.294201995744812848e+03,1.315942809297980375e+03
1.599580712788259973e+00,1.294203928252855121e+03,1.315944663141299316e+03
1.601048218029349934e+00,1.294205846885349274e+03,1.315946503672998006e+03
1.602515723270440340e+00,1.294207751741923175e+03,1.315948330988667294e+03
1.603983228511530523e+00,1.294209642921489149e+03,1.315950145183212499e+03
1.605450733752620485e+00,1.294211520522248748e+03,1.315951946350857042e+03
1.606918238993710668e+00,1.294213384641698894e+03,1.315953734585147231e+03
1.608385744234800852e+00,1.294215235376636429e+03,1.315955509978957480e+03
1.609853249475890813e+00,1.294217072823163107e+03,1.315957272624496227e+03
1.611320754716981218e+00,1.294218897076690837e+03,1.315959022613308434e+03
1.612788259958071402e+00,1.294220708231945764e+03,1.315960760036281954e+03
1.614255765199161363e+00,1.294222506382975098e+03,1.315962484983652530e+03
1.615723270440251547e+00,1.294224291623149611e+03,1.315964197545006982e+03
1.617190775681341730e+00,1.294226064045170688e+03,1.315965897809289118e+03
1.618658280922431691e+00,1.294227823741073280e+03,1.315967585864803596e+03
1.620125786163521875e+00,1.294229570802232047e+03,1.315969261799221613e+03
1.621593291404612280e+00,1.294231305319364765e+03,1.315970925699584086e+03
1.623060796645702464e+00,1.294233027382539376e+03,1.315972577652307109e+03
1.624528301886792425e+00,1.294234737081175581e+03,1.315974217743186045e+03
1.625995807127882609e+00,1.294236434504051886e+03,1.315975846057400076e+03
1.627463312368972792e+00,1.294238119739309013e+03,1.315977462679516748e+03
1.628930817610062753e+00,1.294239792874455134e+03,1.315979067693496063e+03
1.630398322851153159e+00,1.294241453996369728e+03,1.315980661182695258e+03
1.631865828092243342e+00,1.294243103191309046e+03,1.315982243229872438e+03
1.633333333333333304e+00,1.294244740544908836e+03,1.315983813917192265e+03
1.634800838574423487e+00,1.294246366142191846e+03,1.315985373326228455e+03
1.636268343815513671e+00,1.294247980067568506e+03,1.315986921537969238e+03
1.637735849056603632e+00,1.294249582404844205e+03,1.315988458632820993e+03
1.639203354297693815e+00,1.294251173237222474e+03,1.315989984690613028e+03
1.640670859538784221e+00,1.294252752647309080e+03,1.315991499790601210e+03
1.642138364779874182e+00,1.294254320717117025e+03,1.315993004011472067e+03
1.643605870020964366e+00,1.294255877528070187e+03,1.315994497431346872e+03
1.645073375262054549e+00,1.294257423161008319e+03,1.315995980127786424e+03
1.646540880503144511e+00,1.294258957696189782e+03,1.315997452177793548e+03
1.648008385744234694e+00,1.294260481213297908e+03,1.315998913657819230e+03
1.649475890985325099e+00,1.294261993791443047e+03,1.316000364643764669e+03
1.650943396226415061e+00,1.294263495509167797e+03,1.316001805210986277e+03
1.652410901467505244e+00,1.294264986444450642e+03,1.316003235434298858e+03
1.653878406708595428e+00,1.294266466674710273e+03,1.316004655387980392e+03
1.655345911949685389e+00,1.294267936276809678e+03,1.316006065145775210e+03
1.656813417190775573e+00,1.294269395327059556e+03,1.316007464780897863e+03
1.658280922431865978e+00,1.294270843901223316e+03,1.316008854366037895e+03
1.659748427672955939e+00,1.294272282074519808e+03,1.316010233973361665e+03
1.661215932914046123e+00,1.294273709921627869e+03,1.316011603674518028e+03
1.662683438155136306e+00,1.294275127516690873e+03,1.316012963540641294e+03
1.664150943396226490e+00,1.294276534933318544e+03,1.316014313642354637e+03
1.665618448637316451e+00,1.294277932244593103e+03,1.316015654049774184e+03
1.667085953878406634e+00,1.294279319523071763e+03,1.316016984832512208e+03
1.668553459119497040e+00,1.294280696840790597e+03,1.316018306059681663e+03
1.670020964360587001e+00,1.294282064269268858e+03,1.316019617799898697e+03
1.671488469601677185e+00,1.294283421879511707e+03,1.316020920121286736e+03
1.672955974842767368e+00,1.294284769742014760e+03,1.316022213091480353e+03
1.674423480083857330e+00,1.294286107926767727e+03,1.316023496777627997e+03
1.675890985324947513e+00,1.294287436503257368e+03,1.316024771246396085e+03
1.677358490566037919e+00,1.294288755540471811e+03,1.316026036563972184e+03
1.678825995807127880e+00,1.294290065106903739e+03,1.316027292796068650e+03
1.680293501048218063e+00,1.294291365270554024e+03,1.316028540007925585e+03
1.681761006289308247e+00,1.294292656098935595e+03,1.316029778264315155e+03
1.683228511530398208e+00,1.294293937659075937e+03,1.316031007629543865e+03
1.684696016771488392e+00,1.294295210017521867e+03,1.316032228167456651e+03
1.686163522012578575e+00,1.294296473240342266e+03,1.316033439941440065e+03
1.687631027253668758e+00,1.294297727393131254e+03,1.316034643014425228e+03
1.689098532494758942e+00,1.294298972541012972e+03,1.316035837448891016e+03
1.690566037735849125e+00,1.294300208748642945e+03,1.316037023306868605e+03
1.692033542976939087e+00,1.294301436080212852e+03,1.316038200649942837e+03
1.693501048218029270e+00,1.294302654599453035e+03,1.316039369539256541e+03
1.694968553459119454e+00,1.294303864369637040e+03,1.316040530035513484e+03
1.696436058700209637e+00,1.294305065453584120e+03,1.316041682198981562e+03
1.697903563941299820e+00,1.294306257913661511e+03,1.316042826089495975e+03
1.699371069182390004e+00,1.294307441811789658e+03,1.316043961766461507e+03
1.700838574423479965e+00,1.294308617209443582e+03,1.316045089288857525e+03
1.702306079664570149e+00,1.294309784167657426e+03,1.316046208715238890e+03
1.703773584905660332e+00,1.294310942747026957e+03,1.316047320103740276e+03
1.705241090146750516e+00,1.294312093007713202e+03,1.316048423512078898e+03
1.706708595387840699e+00,1.294313235009444270e+03,1.316049518997557698e+03
1.708176100628930882e+00,1.294314368811520580e+03,1.316050606617067842e+03
1.709643605870021066e+00,1.294315494472815999e+03,1.316051686427091909e+03
1.711111111111111027e+00,1.294316612051782158e+03,1.316052758483706612e+03
1.712578616352201211e+00,1.294317721606450505e+03,1.316053822842586897e+03
1.714046121593291394e+00,1.294318823194436391e+03,1.316054879559006849e+03
1.715513626834381578e+00,1.294319916872940894e+03,1.316055928687844471e+03
1.716981132075471761e+00,1.294321002698754910e+03,1.316056970283583041e+03
1.718448637316561944e+00,1.294322080728260971e+03,1.316058004400314985e+03
1.719916142557651906e+00,1.294323151017437567e+03,1.316059031091743918e+03
1.721383647798742089e+00,1.294324213621860281e+03,1.316060050411188058e+03
1.722851153039832273e+00,1.294325268596706792e+03,1.316061062411582952e+03
1.724318658280922456e+00,1.294326315996757785e+03,1.316062067145483297e+03
1.725786163522012640e+00,1.294327355876400816e+03,1.316063064665067259e+03
1.727253668763102823e+00,1.294328388289632812e+03,1.316064055022137609e+03
1.728721174004192784e+00,1.294329413290063030e+03,1.316065038268125363e+03
1.730188679245282968e+00,1.294330430930916464e+03,1.316066014454092510e+03
1.731656184486373151e+00,1.294331441265035210e+03,1.316066983630733603e+03
1.733123689727463335e+00,1.294332444344881878e+03,1.316067945848380305e+03
1.734591194968553518e+00,1.294333440222542777e+03,1.316068901157001392e+03
1.736058700209643701e+00,1.294334428949730409e+03,1.316069849606207981e+03
1.737526205450733663e+00,1.294335410577785296e+03,1.316070791245254668e+03
1.738993710691823846e+00,1.294336385157679842e+03,1.316071726123041799e+03
1.740461215932914030e+00,1.294337352740020606e+03,1.316072654288119338e+03
1.741928721174003991e+00,1.294338313375050348e+03,1.316073575788688004e+03
1.743396226415094397e+00,1.294339267112650987e+03,1.316074490672602906e+03
1.744863731656184580e+00,1.294340214002347238e+03,1.316075398987374911e+03
1.746331236897274763e+00,1.294341154093306841e+03,1.316076300780174279e+03
1.747798742138364725e+00,1.294342087434345331e+03,1.316077196097832029e+03
1.749266247379454908e+00,1.294343014073928089e+03,1.316078084986843123e+03
1.750733752620545092e+00,1.294343934060171932e+03,1.316078967493368964e+03
1.752201257861635275e+00,1.294344847440847843e+03,1.316079843663238762e+03
1.753668763102725459e+00,1.294345754263384833e+03,1.316080713541953401e+03
1.755136268343815642e+00,1.294346654574870399e+03,1.316081577174686345e+03
1.756603773584905603e+00,1.294347548422054615e+03,1.316082434606287052e+03
1.758071278825995787e+00,1.294348435851351496e+03,1.316083285881283018e+03
1.759538784067085970e+00,1.294349316908841956e+03,1.316084131043881598e+03
1.761006289308175932e+00,1.294350191640276080e+03,1.316084970137972959e+03
1.762473794549266337e+00,1.294351060091075624e+03,1.316085803207132130e+03
1.763941299790356521e+00,1.294351922306335609e+03,1.316086630294620818e+03
1.765408805031446482e+00,1.294352778330827732e+03,1.316087451443390819e+03
1.766876310272536665e+00,1.294353628209002409e+03,1.316088266696084929e+03
1.768343815513626849e+00,1.294354471984990596e+03,1.316089076095039673e+03
1.769811320754716810e+00,1.294355309702606064e+03,1.316089879682287801e+03
1.771278825995807216e+00,1.294356141405348581e+03,1.316090677499560570e+03
1.772746331236897399e+00,1.294356967136405729e+03,1.316091469588288646e+03
1.774213836477987360e+00,1.294357786938654044e+03,1.316092255989605746e+03
1.775681341719077544e+00,1.294358600854663109e+03,1.316093036744350684e+03
1.777148846960167727e+00,1.294359408926696460e+03,1.316093811893068050e+03
1.778616352201257689e+00,1.294360211196714545e+03,1.316094581476012081e+03
1.780083857442347872e+00,1.294361007706376085e+03,1.316095345533147338e+03
1.781551362683438278e+00,1.294361798497040581e+03,1.316096104104151891e+03
1.783018867924528239e+00,1.294362583609771036e+03,1.316096857228418685e+03
1.784486373165618422e+00,1.294363363085335777e+03,1.316097604945057583e+03
1.785953878406708606e+00,1.294364136964209592e+03,1.316098347292897643e+03
1.787421383647798789e+00,1.294364905286577141e+03,1.316099084310490070e+03
1.788888888888888751e+00,1.294365668092334772e+03,1.316099816036107768e+03
1.790356394129979156e+00,1.294366425421092117e+03,1.316100542507749424e+03
1.791823899371069340e+00,1.294367177312174135e+03,1.316101263763141333e+03
1.793291404612159301e+00,1.294367923804624297e+03,1.316101979839738306e+03
1.794758909853249484e+00,1.294368664937204585e+03,1.316102690774725943e+03
1.796226415094339668e+00,1.294369400748399812e+03,1.316103396605023818e+03
1.797693920335429629e+00,1.294370131276417396e+03,1.316104097367285476e+03
1.799161425576520035e+00,1.294370856559191225e+03,1.316104793097901847e+03
1.800628930817610218e+00,1.294371576634382336e+03,1.316105483833001927e+03
1.802096436058700180e+00,1.294372291539381649e+03,1.316106169608455730e+03
1.803563941299790363e+00,1.294373001311311555e+03,1.316106850459876114e+03
1.805031446540880546e+00,1.294373705987027733e+03,1.316107526422619230e+03
1.806498951781970508e+00,1.294374405603121659e+03,1.316108197531787937e+03
1.807966457023060691e+00,1.294375100195921277e+03,1.316108863822232706e+03
1.809433962264151097e+00,1.294375789801494875e+03,1.316109525328554128e+03
1.810901467505241058e+00,1.294376474455650396e+03,1.316110182085104043e+03
1.812368972746331242e+00,1.294377154193939987e+03,1.316110834125987822e+03
1.813836477987421425e+00,1.294377829051659546e+03,1.316111481485066179e+03
1.815303983228511386e+00,1.294378499063852132e+03,1.316112124195955857e+03
1.816771488469601570e+00,1.294379164265308646e+03,1.316112762292033040e+03
1.818238993710691975e+00,1.294379824690571013e+03,1.316113395806433800e+03
1.819706498951781937e+00,1.294380480373932187e+03,1.316114024772056155e+03
1.821174004192872120e+00,1.294381131349439556e+03,1.316114649221562331e+03
1.822641509433962304e+00,1.294381777650895856e+03,1.316115269187379681e+03
1.824109014675052265e+00,1.294382419311861213e+03,1.316115884701702953e+03
1.825576519916142448e+00,1.294383056365654738e+03,1.316116495796495656e+03
1.827044025157232632e+00,1.294383688845355891e+03,1.316117102503491651e+03
1.828511530398323037e+00,1.294384316783807208e+03,1.316117704854196745e+03
1.829979035639412999e+00,1.294384940213615209e+03,1.316118302879891189e+03
1.831446540880503182e+00,1.294385559167152451e+03,1.316118896611629680e+03
1.832914046121593366e+00,1.294386173676558428e+03,1.316119486080244542e+03
1.834381551362683327e+00,1.294386783773742764e+03,1.316120071316346866e+03
1.835849056603773510e+00,1.294387389490384976e+03,1.316120652350327646e+03
1.837316561844863916e+00,1.294387990857938348e+03,1.316121229212359140e+03
1.838784067085953877e+00,1.294388587907629244e+03,1.316121801932398057e+03
1.840251572327044061e+00,1.294389180670460519e+03,1.316122370540185102e+03
1.841719077568134244e+00,1.294389769177211747e+03,1.316122935065247702e+03
1.843186582809224205e+00,1.294390353458442178e+03,1.316123495536901601e+03
1.844654088050314389e+00,1.294390933544491190e+03,1.316124051984251082e+03
1.846121593291404572e+00,1.294391509465480567e+03,1.316124604436192612e+03
1.847589098532494756e+00,1.294392081251315631e+03,1.316125152921414383e+03
1.849056603773584939e+00,1.294392648931687518e+03,1.316125697468399039e+03
1.850524109014675123e+00,1.294393212536073179e+03,1.316126238105424363e+03
1.851991614255765084e+00,1.294393772093738789e+03,1.316126774860564865e+03
1.853459119496855267e+00,1.294394327633739977e+03,1.316127307761694510e+03
1.854926624737945451e+00,1.294394879184924093e+03,1.316127836836485812e+03
1.856394129979035634e+00,1.294395426775930673e+03,1.316128362112413470e+03
1.857861635220125818e+00,1.294395970435194840e+03,1.316128883616754592e+03
1.859329140461216001e+00,1.294396510190945946e+03,1.316129401376590067e+03
1.860796645702305963e+00,1.294397046071211889e+03,1.316129915418807514e+03
1.862264150943396146e+00,1.294397578103818887e+03,1.316130425770099691e+03
1.863731656184486329e+00,1.294398106316393751e+03,1.316130932456969276e+03
1.865199161425576513e+00,1.294398630736364112e+03,1.316131435505727723e+03
1.866666666666666918e+00,1.294399151390961151e+03,1.316131934942497992e+03
1.868134171907756880e+00,1.294399668307220509e+03,1.316132430793215462e+03
1.869601677148846841e+00,1.294400181511984329e+03,1.316132923083628839e+03
1.871069182389937247e+00,1.294400691031900578e+03,1.316133411839302653e+03
1.872536687631027208e+00,1.294401196893427368e+03,1.316133897085616809e+03
1.874004192872117391e+00,1.294401699122831815e+03,1.316134378847769995e+03
1.875471698113207797e+00,1.294402197746193224e+03,1.316134857150779908e+03
1.876939203354297758e+00,1.294402692789402863e+03,1.316135332019483712e+03
1.878406708595387720e+00,1.294403184278166236e+03,1.316135803478540993e+03
1.879874213836478125e+00,1.294403672238005129e+03,1.316136271552434209e+03
1.881341719077568087e+00,1.294404156694257381e+03,1.316136736265469608e+03
1.882809224318658048e+00,1.294404637672078707e+03,1.316137197641779494e+03
1.884276729559748675e+00,1.294405115196444513e+03,1.316137655705322231e+03
1.885744234800838637e+00,1.294405589292151262e+03,1.316138110479884745e+03
1.887211740041928598e+00,1.294406059983816476e+03,1.316138561989082973e+03
1.888679245283019004e+00,1.294406527295881460e+03,1.316139010256362781e+03
1.890146750524108965e+00,1.294406991252612443e+03,1.316139455305002457e+03
1.891614255765198926e+00,1.294407451878100574e+03,1.316139897158112717e+03
1.893081761006289332e+00,1.294407909196264427e+03,1.316140335838638066e+03
1.894549266247379515e+00,1.294408363230851137e+03,1.316140771369359300e+03
1.896016771488469477e+00,1.294408814005436625e+03,1.316141203772892368e+03
1.897484276729559882e+00,1.294409261543428102e+03,1.316141633071691558e+03
1.898951781970649844e+00,1.294409705868064748e+03,1.316142059288049495e+03
1.900419287211739805e+00,1.294410147002418398e+03,1.316142482444099414e+03
1.901886792452830210e+00,1.294410584969395586e+03,1.316142902561814935e+03
1.903354297693920394e+00,1.294411019791738454e+03,1.316143319663012107e+03
1.904821802935010355e+00,1.294411451492025435e+03,1.316143733769350547e+03
1.906289308176100761e+00,1.294411880092673073e+03,1.316144144902333892e+03
1.907756813417190722e+00,1.294412305615937612e+03,1.316144553083312303e+03
1.909224318658280684e+00,1.294412728083914317e+03,1.316144958333481100e+03
1.910691823899371089e+00,1.294413147518540427e+03,1.316145360673884852e+03
1.912159329140461272e+00,1.294413563941595612e+03,1.316145760125416246e+03
1.913626834381551234e+00,1.294413977374703563e+03,1.316146156708818353e+03
1.915094339622641639e+00,1.294414387839331766e+03,1.316146550444685090e+03
1.916561844863731601e+00,1.294414795356794457e+03,1.316146941353462353e+03
1.918029350104821562e+00,1.294415199948252393e+03,1.316147329455449608e+03
1.919496855345911968e+00,1.294415601634714676e+03,1.316147714770800349e+03
1.920964360587001929e+00,1.294416000437039202e+03,1.316148097319523231e+03
1.922431865828092112e+00,1.294416396375934255e+03,1.316148477121483211e+03
1.923899371069182518e+00,1.294416789471959419e+03,1.316148854196402908e+03
1.925366876310272479e+00,1.294417179745526937e+03,1.316149228563863289e+03
1.926834381551362441e+00,1.294417567216902171e+03,1.316149600243304803e+03
1.928301886792452846e+00,1.294417951906204735e+03,1.316149969254027610e+03
1.929769392033542807e+00,1.294418333833410770e+03,1.316150335615193853e+03
1.931236897274633435e+00,1.294418713018351809e+03,1.316150699345828571e+03
1.932704402515723396e+00,1.294419089480717503e+03,1.316151060464818784e+03
1.934171907756813358e+00,1.294419463240056757e+03,1.316151418990917591e+03
1.935639412997903763e+00,1.294419834315776825e+03,1.316151774942742122e+03
1.937106918238993725e+00,1.294420202727146489e+03,1.316152128338776492e+03
1.938574423480083686e+00,1.294420568493295832e+03,1.316152479197371804e+03
1.940041928721174092e+00,1.294420931633217833e+03,1.316152827536747509e+03
1.941509433962264275e+00,1.294421292165769273e+03,1.316153173374992321e+03
1.942976939203354236e+00,1.294421650109670964e+03,1.316153516730064666e+03
1.944444444444444642e+00,1.294422005483509565e+03,1.316153857619794735e+03
1.945911949685534603e+00,1.294422358305738499e+03,1.316154196061884022e+03
1.947379454926624565e+00,1.294422708594678397e+03,1.316154532073907149e+03
1.948846960167714970e+00,1.294423056368518473e+03,1.316154865673312770e+03
1.950314465408805154e+00,1.294423401645317426e+03,1.316155196877423805e+03
1.951781970649895115e+00,1.294423744443004125e+03,1.316155525703439253e+03
1.953249475890985520e+00,1.294424084779378745e+03,1.316155852168434421e+03
1.954716981132075482e+00,1.294424422672113451e+03,1.316156176289361611e+03
1.956184486373165443e+00,1.294424758138754214e+03,1.316156498083052156e+03
1.957651991614255849e+00,1.294425091196720359e+03,1.316156817566215977e+03
1.959119496855346032e+00,1.294425421863306156e+03,1.316157134755443167e+03
1.960587002096435993e+00,1.294425750155682181e+03,1.316157449667204901e+03
1.962054507337526399e+00,1.294426076090895322e+03,1.316157762317853894e+03
1.963522012578616360e+00,1.294426399685870138e+03,1.316158072723625082e+03
1.964989517819706322e+00,1.294426720957409771e+03,1.316158380900637439e+03
1.966457023060796727e+00,1.294427039922196627e+03,1.316158686864894207e+03
1.967924528301886689e+00,1.294427356596793288e+03,1.316158990632282894e+03
1.969392033542976872e+00,1.294427670997643418e+03,1.316159292218578003e+03
1.970859538784067277e+00,1.294427983141072900e+03,1.316159591639439896e+03
1.972327044025157239e+00,1.294428293043290296e+03,1.316159888910417067e+03
1.973794549266247200e+00,1.294428600720387294e+03,1.316160184046946142e+03
1.975262054507337606e+00,1.294428906188340534e+03,1.316160477064353017e+03
1.976729559748427567e+00,1.294429209463011830e+03,1.316160767977853311e+03
1.978197064989517751e+00,1.294429510560149311e+03,1.316161056802553503e+03
1.979664570230608156e+00,1.294429809495387417e+03,1.316161343553451616e+03
1.981132075471698117e+00,1.294430106284249177e+03,1.316161628245438123e+03
1.982599580712788079e+00,1.294430400942145752e+03,1.316161910893296181e+03
1.984067085953878484e+00,1.294430693484377116e+03,1.316162191511703440e+03
1.985534591194968446e+00,1.294430983926134331e+03,1.316162470115231599e+03
1.987002096436058629e+00,1.294431272282498639e+03,1.316162746718347535e+03
1.988469601677149035e+00,1.294431558568443734e+03,1.316163021335415351e+03
1.989937106918238996e+00,1.294431842798835078e+03,1.316163293980694789e+03
1.991404612159328957e+00,1.294432124988431724e+03,1.316163564668343952e+03
1.992872117400419363e+00,1.294432405151886769e+03,1.316163833412418626e+03
1.994339622641509324e+00,1.294432683303747808e+03,1.316164100226874552e+03
1.995807127882599508e+00,1.294432959458458754e+03,1.316164365125566292e+03
1.997274633123689913e+00,1.294433233630358927e+03,1.316164628122249951e+03
1.998742138364779874e+00,1.294433505833685103e+03,1.316164889230582048e+03
2.000209643605869836e+00,1.294433776082571740e+03,1.316165148464121330e+03
2.001677148846960463e+00,1.294434044391052112e+03,1.316165405836329228e+03
2.003144654088050203e+00,1.294434310773057859e+03,1.316165661360570311e+03
2.004612159329140386e+00,1.294434575242422170e+03,1.316165915050113426e+03
2.006079664570230570e+00,1.294434837812877049e+03,1.316166166918132149e+03
2.007547169811320753e+00,1.294435098498057187e+03,1.316166416977705239e+03
2.009014675052410492e+00,1.294435357311499047e+03,1.316166665241818009e+03
2.010482180293501120e+00,1.294435614266641778e+03,1.316166911723361864e+03
2.011949685534591303e+00,1.294435869376828123e+03,1.316167156435136121e+03
2.013417190775681487e+00,1.294436122655304871e+03,1.316167399389848242e+03
2.014884696016771670e+00,1.294436374115223998e+03,1.316167640600113828e+03
2.016352201257861410e+00,1.294436623769642665e+03,1.316167880078458666e+03
2.017819706498952037e+00,1.294436871631524809e+03,1.316168117837318050e+03
2.019287211740041776e+00,1.294437117713740690e+03,1.316168353889038372e+03
2.020754716981131960e+00,1.294437362029068709e+03,1.316168588245877345e+03
2.022222222222222587e+00,1.294437604590194951e+03,1.316168820920004237e+03
2.023689727463312327e+00,1.294437845409714782e+03,1.316169051923501456e+03
2.025157232704402510e+00,1.294438084500133300e+03,1.316169281268364330e+03
2.026624737945492694e+00,1.294438321873865334e+03,1.316169508966502235e+03
2.028092243186582877e+00,1.294438557543236811e+03,1.316169735029738831e+03
2.029559748427673060e+00,1.294438791520485211e+03,1.316169959469812966e+03
2.031027253668763244e+00,1.294439023817760244e+03,1.316170182298379586e+03
2.032494758909853427e+00,1.294439254447124085e+03,1.316170403527009057e+03
2.033962264150943167e+00,1.294439483420552506e+03,1.316170623167189660e+03
2.035429769392033794e+00,1.294439710749935102e+03,1.316170841230326687e+03
2.036897274633123534e+00,1.294439936447076661e+03,1.316171057727743346e+03
2.038364779874213717e+00,1.294440160523696250e+03,1.316171272670682129e+03
2.039832285115304344e+00,1.294440382991429715e+03,1.316171486070303899e+03
2.041299790356394084e+00,1.294440603861828777e+03,1.316171697937690624e+03
2.042767295597484267e+00,1.294440823146362391e+03,1.316171908283843550e+03
2.044234800838574451e+00,1.294441040856417203e+03,1.316172117119685936e+03
2.045702306079664634e+00,1.294441257003298460e+03,1.316172324456061233e+03
2.047169811320754373e+00,1.294441471598229327e+03,1.316172530303736494e+03
2.048637316561845001e+00,1.294441684652353388e+03,1.316172734673400782e+03
2.050104821802935184e+00,1.294441896176733280e+03,1.316172937575666310e+03
2.051572327044024924e+00,1.294442106182352973e+03,1.316173139021069119e+03
2.053039832285115551e+00,1.294442314680117079e+03,1.316173339020070216e+03
2.054507337526205291e+00,1.294442521680852451e+03,1.316173537583054667e+03
2.055974842767295474e+00,1.294442727195307498e+03,1.316173734720333186e+03
2.057442348008385657e+00,1.294442931234154003e+03,1.316173930442142819e+03
2.058909853249475841e+00,1.294443133807986896e+03,1.316174124758646713e+03
2.060377358490566024e+00,1.294443334927325168e+03,1.316174317679935484e+03
2.061844863731656208e+00,1.294443534602611862e+03,1.316174509216026536e+03
2.063312368972746391e+00,1.294443732844215674e+03,1.316174699376866329e+03
2.064779874213836131e+00,1.294443929662430719e+03,1.316174888172329020e+03
2.066247379454926758e+00,1.294444125067476762e+03,1.316175075612218507e+03
2.067714884696016941e+00,1.294444319069500580e+03,1.316175261706267747e+03
2.069182389937106681e+00,1.294444511678575736e+03,1.316175446464140123e+03
2.070649895178197308e+00,1.294444702904703945e+03,1.316175629895429665e+03
2.072117400419287048e+00,1.294444892757815069e+03,1.316175812009661740e+03
2.073584905660377231e+00,1.294445081247766893e+03,1.316175992816292819e+03
2.075052410901467415e+00,1.294445268384347401e+03,1.316176172324711615e+03
2.076519916142557598e+00,1.294445454177273632e+03,1.316176350544239313e+03
2.077987421383647781e+00,1.294445638636193280e+03,1.316176527484130702e+03
2.079454926624737965e+00,1.294445821770684688e+03,1.316176703153573726e+03
2.080922431865828148e+00,1.294446003590257078e+03,1.316176877561690162e+03
2.082389937106917888e+00,1.294446184104352369e+03,1.316177050717536758e+03
2.083857442348008515e+00,1.294446363322342904e+03,1.316177222630104779e+03
2.085324947589098254e+00,1.294446541253535543e+03,1.316177393308321371e+03
2.086792452830188438e+00,1.294446717907169614e+03,1.316177562761049558e+03
2.088259958071279065e+00,1.294446893292417599e+03,1.316177730997087792e+03
2.089727463312368805e+00,1.294447067418387178e+03,1.316177898025172908e+03
2.091194968553458988e+00,1.294447240294119638e+03,1.316178063853977847e+03
2.092662473794549172e+00,1.294447411928591691e+03,1.316178228492113703e+03
2.094129979035639355e+00,1.294447582330716159e+03,1.316178391948129502e+03
2.095597484276729539e+00,1.294447751509341060e+03,1.316178554230513100e+03
2.097064989517819722e+00,1.294447919473251204e+03,1.316178715347691650e+03
2.098532494758909905e+00,1.294448086231168418e+03,1.316178875308030911e+03
2.100000000000000089e+00,1.294448251791751773e+03,1.316179034119837297e+03
2.101467505241090272e+00,1.294448416163598495e+03,1.316179191791358107e+03
2.102935010482180012e+00,1.294448579355243055e+03,1.316179348330779931e+03
2.104402515723270639e+00,1.294448741375160125e+03,1.316179503746232058e+03
2.105870020964360823e+00,1.294448902231762531e+03,1.316179658045784208e+03
2.107337526205450562e+00,1.294449061933402845e+03,1.316179811237449030e+03
2.108805031446541189e+00,1.294449220488374067e+03,1.316179963329181192e+03
2.110272536687630929e+00,1.294449377904908943e+03,1.316180114328878517e+03
2.111740041928721112e+00,1.294449534191182011e+03,1.316180264244381988e+03
2.113207547169811296e+00,1.294449689355308010e+03,1.316180413083476196e+03
2.114675052410901479e+00,1.294449843405344836e+03,1.316180560853889574e+03
2.116142557651991662e+00,1.294449996349291041e+03,1.316180707563295755e+03
2.117610062893081846e+00,1.294450148195088786e+03,1.316180853219312894e+03
2.119077568134172029e+00,1.294450298950622937e+03,1.316180997829504577e+03
2.120545073375261769e+00,1.294450448623721513e+03,1.316181141401379591e+03
2.122012578616352396e+00,1.294450597222156375e+03,1.316181283942393520e+03
2.123480083857442580e+00,1.294450744753643903e+03,1.316181425459948287e+03
2.124947589098532319e+00,1.294450891225844543e+03,1.316181565961391925e+03
2.126415094339622947e+00,1.294451036646364173e+03,1.316181705454020630e+03
2.127882599580712686e+00,1.294451181022754099e+03,1.316181843945077617e+03
2.129350104821802869e+00,1.294451324362511059e+03,1.316181981441754715e+03
2.130817610062893053e+00,1.294451466673078357e+03,1.316182117951191231e+03
2.132285115303983236e+00,1.294451607961845639e+03,1.316182253480475993e+03
2.133752620545073420e+00,1.294451748236149342e+03,1.316182388036646216e+03
2.135220125786163603e+00,1.294451887503273383e+03,1.316182521626689322e+03
2.136687631027253786e+00,1.294452025770449609e+03,1.316182654257542481e+03
2.138155136268343526e+00,1.294452163044857343e+03,1.316182785936092387e+03
2.139622641509434153e+00,1.294452299333625206e+03,1.316182916669176848e+03
2.141090146750523893e+00,1.294452434643829747e+03,1.316183046463584333e+03
2.142557651991614076e+00,1.294452568982497269e+03,1.316183175326054879e+03
2.144025157232704704e+00,1.294452702356603595e+03,1.316183303263279640e+03
2.145492662473794443e+00,1.294452834773074073e+03,1.316183430281902247e+03
2.146960167714884626e+00,1.294452966238784938e+03,1.316183556388518355e+03
2.148427672955974810e+00,1.294453096760562403e+03,1.316183681589676326e+03
2.149895178197064993e+00,1.294453226345184248e+03,1.316183805891877228e+03
2.151362683438155177e+00,1.294453354999378917e+03,1.316183929301575745e+03
2.152830188679245360e+00,1.294453482729827556e+03,1.316184051825180404e+03
2.154297693920335544e+00,1.294453609543162429e+03,1.316184173469053349e+03
2.155765199161425283e+00,1.294453735445968050e+03,1.316184294239511019e+03
2.157232704402515910e+00,1.294453860444782777e+03,1.316184414142824835e+03
2.158700209643605650e+00,1.294453984546096990e+03,1.316184533185220971e+03
2.160167714884695833e+00,1.294454107756354688e+03,1.316184651372880808e+03
2.161635220125786461e+00,1.294454230081953938e+03,1.316184768711941615e+03
2.163102725366876200e+00,1.294454351529246424e+03,1.316184885208496326e+03
2.164570230607966383e+00,1.294454472104538809e+03,1.316185000868594216e+03
2.166037735849056567e+00,1.294454591814091827e+03,1.316185115698241361e+03
2.167505241090146750e+00,1.294454710664121649e+03,1.316185229703400410e+03
2.168972746331236490e+00,1.294454828660799876e+03,1.316185342889991034e+03
2.170440251572327117e+00,1.294454945810253321e+03,1.316185455263891072e+03
2.171907756813417301e+00,1.294455062118565365e+03,1.316185566830935386e+03
2.173375262054507040e+00,1.294455177591775282e+03,1.316185677596917458e+03
2.174842767295597667e+00,1.294455292235879142e+03,1.316185787567589159e+03
2.176310272536687407e+00,1.294455406056830043e+03,1.316185896748660753e+03
2.177777777777778034e+00,1.294455519060538563e+03,1.316186005145801573e+03
2.179245283018867774e+00,1.294455631252872536e+03,1.316186112764640484e+03
2.180712788259957957e+00,1.294455742639657046e+03,1.316186219610765647e+03
2.182180293501048585e+00,1.294455853226676481e+03,1.316186325689725436e+03
2.183647798742138324e+00,1.294455963019673163e+03,1.316186431007027977e+03
2.185115303983228507e+00,1.294456072024348487e+03,1.316186535568142290e+03
2.186582809224318691e+00,1.294456180246362010e+03,1.316186639378497830e+03
2.188050314465408874e+00,1.294456287691333955e+03,1.316186742443484945e+03
2.189517819706499058e+00,1.294456394364843391e+03,1.316186844768455785e+03
2.190985324947589241e+00,1.294456500272429139e+03,1.316186946358723617e+03
2.192452830188679425e+00,1.294456605419590687e+03,1.316187047219563283e+03
2.193920335429769164e+00,1.294456709811788187e+03,1.316187147356213018e+03
2.195387840670859791e+00,1.294456813454442226e+03,1.316187246773871721e+03
2.196855345911949531e+00,1.294456916352934741e+03,1.316187345477702593e+03
2.198322851153039714e+00,1.294457018512608329e+03,1.316187443472830637e+03
2.199790356394130342e+00,1.294457119938768301e+03,1.316187540764344249e+03
2.201257861635220081e+00,1.294457220636681313e+03,1.316187637357295671e+03
2.202725366876310265e+00,1.294457320611575597e+03,1.316187733256700767e+03
2.204192872117400448e+00,1.294457419868643228e+03,1.316187828467539020e+03
2.205660377358490631e+00,1.294457518413037860e+03,1.316187922994754445e+03
2.207127882599580371e+00,1.294457616249876992e+03,1.316188016843255809e+03
2.208595387840670998e+00,1.294457713384240151e+03,1.316188110017915960e+03
2.210062893081761182e+00,1.294457809821171622e+03,1.316188202523573864e+03
2.211530398322850921e+00,1.294457905565679312e+03,1.316188294365032107e+03
2.212997903563941549e+00,1.294458000622734517e+03,1.316188385547060307e+03
2.214465408805031288e+00,1.294458094997273065e+03,1.316188476074393066e+03
2.215932914046121471e+00,1.294458188694195769e+03,1.316188565951731334e+03
2.217400419287211655e+00,1.294458281718367289e+03,1.316188655183741957e+03
2.218867924528301838e+00,1.294458374074619087e+03,1.316188743775058356e+03
2.220335429769392022e+00,1.294458465767746247e+03,1.316188831730281208e+03
2.221802935010482205e+00,1.294458556802510202e+03,1.316188919053977315e+03
2.223270440251572388e+00,1.294458647183638050e+03,1.316189005750681417e+03
2.224737945492662128e+00,1.294458736915822783e+03,1.316189091824895286e+03
2.226205450733752755e+00,1.294458826003723971e+03,1.316189177281088178e+03
2.227672955974842939e+00,1.294458914451967757e+03,1.316189262123697972e+03
2.229140461215932678e+00,1.294459002265146637e+03,1.316189346357130034e+03
2.230607966457023306e+00,1.294459089447820588e+03,1.316189429985758352e+03
2.232075471698113045e+00,1.294459176004516848e+03,1.316189513013925762e+03
2.233542976939203228e+00,1.294459261939729458e+03,1.316189595445943269e+03
2.235010482180293412e+00,1.294459347257921308e+03,1.316189677286091410e+03
2.236477987421383595e+00,1.294459431963522320e+03,1.316189758538620026e+03
2.237945492662473779e+00,1.294459516060931264e+03,1.316189839207747809e+03
2.239412997903563962e+00,1.294459599554514398e+03,1.316189919297664346e+03
2.240880503144654146e+00,1.294459682448607964e+03,1.316189998812527847e+03
2.242348008385743885e+00,1.294459764747515464e+03,1.316190077756467645e+03
2.243815513626834512e+00,1.294459846455511297e+03,1.316190156133582832e+03
2.245283018867924696e+00,1.294459927576837799e+03,1.316190233947943170e+03
2.246750524109014435e+00,1.294460008115707296e+03,1.316190311203589545e+03
2.248218029350105063e+00,1.294460088076301872e+03,1.316190387904533509e+03
2.249685534591194802e+00,1.294460167462773597e+03,1.316190464054757740e+03
2.251153039832284986e+00,1.294460246279244757e+03,1.316190539658216721e+03
2.252620545073375169e+00,1.294460324529808076e+03,1.316190614718836059e+03
2.254088050314465352e+00,1.294460402218526497e+03,1.316190689240513620e+03
2.255555555555555536e+00,1.294460479349434763e+03,1.316190763227118850e+03
2.257023060796645719e+00,1.294460555926537154e+03,1.316190836682493682e+03
2.258490566037735903e+00,1.294460631953810662e+03,1.316190909610452536e+03
2.259958071278826086e+00,1.294460707435202721e+03,1.316190982014782094e+03
2.261425576519916270e+00,1.294460782374633027e+03,1.316191053899242206e+03
2.262893081761006009e+00,1.294460856775993079e+03,1.316191125267565440e+03
2.264360587002096636e+00,1.294460930643145730e+03,1.316191196123457985e+03
2.265828092243186820e+00,1.294461003979926772e+03,1.316191266470599203e+03
2.267295597484276559e+00,1.294461076790144716e+03,1.316191336312641397e+03
2.268763102725367187e+00,1.294461149077580103e+03,1.316191405653211859e+03
2.270230607966456926e+00,1.294461220845986418e+03,1.316191474495910825e+03
2.271698113207547109e+00,1.294461292099090315e+03,1.316191542844313290e+03
2.273165618448637293e+00,1.294461362840591846e+03,1.316191610701968102e+03
2.274633123689727476e+00,1.294461433074164233e+03,1.316191678072399327e+03
2.276100628930817660e+00,1.294461502803454550e+03,1.316191744959104653e+03
2.277568134171907843e+00,1.294461572032083723e+03,1.316191811365557896e+03
2.279035639412998027e+00,1.294461640763646301e+03,1.316191877295206950e+03
2.280503144654087766e+00,1.294461709001711142e+03,1.316191942751475381e+03
2.281970649895178394e+00,1.294461776749822093e+03,1.316192007737762196e+03
2.283438155136268577e+00,1.294461844011496396e+03,1.316192072257441851e+03
2.284905660377358316e+00,1.294461910790227194e+03,1.316192136313864467e+03
2.286373165618448944e+00,1.294461977089481934e+03,1.316192199910356749e+03
2.287840670859538683e+00,1.294462042912703055e+03,1.316192263050220618e+03
2.289308176100628867e+00,1.294462108263308892e+03,1.316192325736734801e+03
2.290775681341719050e+00,1.294462173144692542e+03,1.316192387973154382e+03
2.292243186582809233e+00,1.294462237560223457e+03,1.316192449762711021e+03
2.293710691823899417e+00,1.294462301513245848e+03,1.316192511108613644e+03
2.295178197064989600e+00,1.294462365007081416e+03,1.316192572014047300e+03
2.296645702306079784e+00,1.294462428045026400e+03,1.316192632482174758e+03
2.298113207547169523e+00,1.294462490630354296e+03,1.316192692516136049e+03
2.299580712788260151e+00,1.294462552766315184e+03,1.316192752119048009e+03
2.301048218029349890e+00,1.294462614456135270e+03,1.316192811294006333e+03
2.302515723270440073e+00,1.294462675703018249e+03,1.316192870044083293e+03
2.303983228511530701e+00,1.294462736510143941e+03,1.316192928372329561e+03
2.305450733752620440e+00,1.294462796880670339e+03,1.316192986281774211e+03
2.306918238993710624e+00,1.294462856817731790e+03,1.316193043775424030e+03
2.308385744234800807e+00,1.294462916324441039e+03,1.316193100856264891e+03
2.309853249475890991e+00,1.294462975403887640e+03,1.316193157527260155e+03
2.311320754716981174e+00,1.294463034059139545e+03,1.316193213791353173e+03
2.312788259958071357e+00,1.294463092293242653e+03,1.316193269651465016e+03
2.314255765199161541e+00,1.294463150109220578e+03,1.316193325110496517e+03
2.315723270440251280e+00,1.294463207510075790e+03,1.316193380171327590e+03
2.317190775681341908e+00,1.294463264498788703e+03,1.316193434836817232e+03
2.318658280922431647e+00,1.294463321078318586e+03,1.316193489109804204e+03
2.320125786163521830e+00,1.294463377251603333e+03,1.316193542993106576e+03
2.321593291404612458e+00,1.294463433021559922e+03,1.316193596489522179e+03
2.323060796645702197e+00,1.294463488391084184e+03,1.316193649601829065e+03
2.324528301886792381e+00,1.294463543363051031e+03,1.316193702332785278e+03
2.325995807127882564e+00,1.294463597940315367e+03,1.316193754685128624e+03
2.327463312368972748e+00,1.294463652125711178e+03,1.316193806661577810e+03
2.328930817610062487e+00,1.294463705922051759e+03,1.316193858264831761e+03
2.330398322851153114e+00,1.294463759332130849e+03,1.316193909497570075e+03
2.331865828092243298e+00,1.294463812358721725e+03,1.316193960362453026e+03
2.333333333333333037e+00,1.294463865004577883e+03,1.316194010862122013e+03
2.334800838574423665e+00,1.294463917272432809e+03,1.316194060999199110e+03
2.336268343815513404e+00,1.294463969165000890e+03,1.316194110776287744e+03
2.337735849056603588e+00,1.294464020684976731e+03,1.316194160195972927e+03
2.339203354297693771e+00,1.294464071835035384e+03,1.316194209260820571e+03
2.340670859538783954e+00,1.294464122617832800e+03,1.316194257973378399e+03
2.342138364779874582e+00,1.294464173036006059e+03,1.316194306336176396e+03
2.343605870020964321e+00,1.294464223092173597e+03,1.316194354351725224e+03
2.345073375262054505e+00,1.294464272788933840e+03,1.316194402022518489e+03
2.346540880503144688e+00,1.294464322128867934e+03,1.316194449351031835e+03
2.348008385744234872e+00,1.294464371114537698e+03,1.316194496339722264e+03
2.349475890985325055e+00,1.294464419748486762e+03,1.316194542991029948e+03
2.350943396226415238e+00,1.294464468033240792e+03,1.316194589307377555e+03
2.352410901467505422e+00,1.294464515971306582e+03,1.316194635291170016e+03
2.353878406708595161e+00,1.294464563565173648e+03,1.316194680944794754e+03
2.355345911949685789e+00,1.294464610817313542e+03,1.316194726270623278e+03
2.356813417190775528e+00,1.294464657730179397e+03,1.316194771271008449e+03
2.358280922431865712e+00,1.294464704306207750e+03,1.316194815948286987e+03
2.359748427672956339e+00,1.294464750547816493e+03,1.316194860304779013e+03
2.361215932914046078e+00,1.294464796457407374e+03,1.316194904342788050e+03
2.362683438155136262e+00,1.294464842037364178e+03,1.316194948064600339e+03
2.364150943396226445e+00,1.294464887290053639e+03,1.316194991472486663e+03
2.365618448637316629e+00,1.294464932217825435e+03,1.316195034568700521e+03
2.367085953878406812e+00,1.294464976823012648e+03,1.316195077355480407e+03
2.368553459119496996e+00,1.294465021107931307e+03,1.316195119835047535e+03
2.370020964360587179e+00,1.294465065074881295e+03,1.316195162009607884e+03
2.371488469601676918e+00,1.294465108726144990e+03,1.316195203881351745e+03
2.372955974842767546e+00,1.294465152063989990e+03,1.316195245452452809e+03
2.374423480083857285e+00,1.294465195090665702e+03,1.316195286725069991e+03
2.375890985324947469e+00,1.294465237808407210e+03,1.316195327701346741e+03
2.377358490566038096e+00,1.294465280219432088e+03,1.316195368383410141e+03
2.378825995807127835e+00,1.294465322325942680e+03,1.316195408773373174e+03
2.380293501048218019e+00,1.294465364130125408e+03,1.316195448873333135e+03
2.381761006289308202e+00,1.294465405634151239e+03,1.316195488685372084e+03
2.383228511530398386e+00,1.294465446840175218e+03,1.316195528211557530e+03
2.384696016771488125e+00,1.294465487750336706e+03,1.316195567453941521e+03
2.386163522012578753e+00,1.294465528366760509e+03,1.316195606414562008e+03
2.387631027253668936e+00,1.294465568691555518e+03,1.316195645095442160e+03
2.389098532494758675e+00,1.294465608726815617e+03,1.316195683498590370e+03
2.390566037735849303e+00,1.294465648474619456e+03,1.316195721626001387e+03
2.392033542976939042e+00,1.294465687937031362e+03,1.316195759479654043e+03
2.393501048218029226e+00,1.294465727116100197e+03,1.316195797061514668e+03
2.394968553459119409e+00,1.294465766013860730e+03,1.316195834373534581e+03
2.396436058700209593e+00,1.294465804632332265e+03,1.316195871417651006e+03
2.397903563941299776e+00,1.294465842973520694e+03,1.316195908195787752e+03
2.399371069182389959e+00,1.294465881039416445e+03,1.316195944709854530e+03
2.400838574423480143e+00,1.294465918831996532e+03,1.316195980961747409e+03
2.402306079664569882e+00,1.294465956353222737e+03,1.316196016953348817e+03
2.403773584905660510e+00,1.294465993605044105e+03,1.316196052686527764e+03
2.405241090146750693e+00,1.294466030589394677e+03,1.316196088163139621e+03
2.406708595387840433e+00,1.294466067308195079e+03,1.316196123385026567e+03
2.408176100628931060e+00,1.294466103763351839e+03,1.316196158354017371e+03
2.409643605870020799e+00,1.294466139956757843e+03,1.316196193071928064e+03
2.411111111111110983e+00,1.294466175890292561e+03,1.316196227540561722e+03
2.412578616352201166e+00,1.294466211565822050e+03,1.316196261761707774e+03
2.414046121593291350e+00,1.294466246985198723e+03,1.316196295737142918e+03
2.415513626834381533e+00,1.294466282150261577e+03,1.316196329468632257e+03
2.416981132075471717e+00,1.294466317062836652e+03,1.316196362957926567e+03
2.418448637316561900e+00,1.294466351724737024e+03,1.316196396206765030e+03
2.419916142557651639e+00,1.294466386137762356e+03,1.316196429216874321e+03
2.421383647798742267e+00,1.294466420303700033e+03,1.316196461989968157e+03
2.422851153039832006e+00,1.294466454224323570e+03,1.316196494527748882e+03
2.424318658280922634e+00,1.294466487901394657e+03,1.316196526831905658e+03
2.425786163522012817e+00,1.294466521336661799e+03,1.316196558904116046e+03
2.427253668763102556e+00,1.294466554531861448e+03,1.316196590746045558e+03
2.428721174004193184e+00,1.294466587488717096e+03,1.316196622359347202e+03
2.430188679245282923e+00,1.294466620208940185e+03,1.316196653745663070e+03
2.431656184486373107e+00,1.294466652694229879e+03,1.316196684906622750e+03
2.433123689727463290e+00,1.294466684946272835e+03,1.316196715843844231e+03
2.434591194968553474e+00,1.294466716966743661e+03,1.316196746558933910e+03
2.436058700209643657e+00,1.294466748757305140e+03,1.316196777053487040e+03
2.437526205450733841e+00,1.294466780319608233e+03,1.316196807329086823e+03
2.438993710691824024e+00,1.294466811655291849e+03,1.316196837387305322e+03
2.440461215932913763e+00,1.294466842765982847e+03,1.316196867229703685e+03
2.441928721174004391e+00,1.294466873653296716e+03,1.316196896857831007e+03
2.443396226415094574e+00,1.294466904318837578e+03,1.316196926273226154e+03
2.444863731656184314e+00,1.294466934764197504e+03,1.316196955477416395e+03
2.446331236897274941e+00,1.294466964990957877e+03,1.316196984471918540e+03
2.447798742138364680e+00,1.294466995000687803e+03,1.316197013258237803e+03
2.449266247379454864e+00,1.294467024794945473e+03,1.316197041837868937e+03
2.450733752620545047e+00,1.294467054375278622e+03,1.316197070212296012e+03
2.452201257861635231e+00,1.294467083743222474e+03,1.316197098382992635e+03
2.453668763102725414e+00,1.294467112900302709e+03,1.316197126351421275e+03
2.455136268343815598e+00,1.294467141848032725e+03,1.316197154119034622e+03
2.456603773584905781e+00,1.294467170587916144e+03,1.316197181687274224e+03
2.458071278825995520e+00,1.294467199121444992e+03,1.316197209057571854e+03
2.459538784067086148e+00,1.294467227450101063e+03,1.316197236231348370e+03
2.461006289308175887e+00,1.294467255575355466e+03,1.316197263210015308e+03
2.462473794549266071e+00,1.294467283498668394e+03,1.316197289994973289e+03
2.463941299790356698e+00,1.294467311221490036e+03,1.316197316587612931e+03
2.465408805031446438e+00,1.294467338745259894e+03,1.316197342989315530e+03
2.466876310272536621e+00,1.294467366071406786e+03,1.316197369201451920e+03
2.468343815513626804e+00,1.294467393201350205e+03,1.316197395225383161e+03
2.469811320754716988e+00,1.294467420136498731e+03,1.316197421062460535e+03
2.471278825995807171e+00,1.294467446878250939e+03,1.316197446714025546e+03
2.472746331236897355e+00,1.294467473427995174e+03,1.316197472181410376e+03
2.474213836477987538e+00,1.294467499787110683e+03,1.316197497465937658e+03
2.475681341719077277e+00,1.294467525956965801e+03,1.316197522568920022e+03
2.477148846960167905e+00,1.294467551938919314e+03,1.316197547491660771e+03
2.478616352201257644e+00,1.294467577734320685e+03,1.316197572235454572e+03
2.480083857442347828e+00,1.294467603344509143e+03,1.316197596801585860e+03
2.481551362683438455e+00,1.294467628770814599e+03,1.316197621191330427e+03
2.483018867924528195e+00,1.294467654014557183e+03,1.316197645405954745e+03
2.484486373165618378e+00,1.294467679077048160e+03,1.316197669446716418e+03
2.485953878406708561e+00,1.294467703959588562e+03,1.316197693314863500e+03
2.487421383647798745e+00,1.294467728663470552e+03,1.316197717011635177e+03
2.488888888888888484e+00,1.294467753189976975e+03,1.316197740538262451e+03
2.490356394129979112e+00,1.294467777540381121e+03,1.316197763895966546e+03
2.491823899371069295e+00,1.294467801715947417e+03,1.316197787085960726e+03
2.493291404612159035e+00,1.294467825717931873e+03,1.316197810109448938e+03
2.494758909853249662e+00,1.294467849547580272e+03,1.316197832967626709e+03
2.496226415094339401e+00,1.294467873206129980e+03,1.316197855661680933e+03
2.497693920335429585e+00,1.294467896694809497e+03,1.316197878192790085e+03
2.499161425576519768e+00,1.294467920014838683e+03,1.316197900562124232e+03
2.500628930817609952e+00,1.294467943167428530e+03,1.316197922770844798e+03
2.502096436058700135e+00,1.294467966153780935e+03,1.316197944820105249e+03
2.503563941299790319e+00,1.294467988975089838e+03,1.316197966711049958e+03
2.505031446540880502e+00,1.294468011632539856e+03,1.316197988444816247e+03
2.506498951781970685e+00,1.294468034127308101e+03,1.316198010022532344e+03
2.507966457023060869e+00,1.294468056460561911e+03,1.316198031445318748e+03
2.509433962264151052e+00,1.294468078633461346e+03,1.316198052714288224e+03
2.510901467505241236e+00,1.294468100647158053e+03,1.316198073830544445e+03
2.512368972746331419e+00,1.294468122502794813e+03,1.316198094795184716e+03
2.513836477987421159e+00,1.294468144201506448e+03,1.316198115609297020e+03
2.515303983228511786e+00,1.294468165744419821e+03,1.316198136273962518e+03
2.516771488469601525e+00,1.294468187132653384e+03,1.316198156790253961e+03
2.518238993710691709e+00,1.294468208367318084e+03,1.316198177159237048e+03
2.519706498951782336e+00,1.294468229449516230e+03,1.316198197381969294e+03
2.521174004192872076e+00,1.294468250380342624e+03,1.316198217459500711e+03
2.522641509433962259e+00,1.294468271160884342e+03,1.316198237392874034e+03
2.524109014675052443e+00,1.294468291792220043e+03,1.316198257183124042e+03
2.525576519916142626e+00,1.294468312275421567e+03,1.316198276831278463e+03
2.527044025157232809e+00,1.294468332611551887e+03,1.316198296338357977e+03
2.528511530398322993e+00,1.294468352801667606e+03,1.316198315705374853e+03
2.529979035639413176e+00,1.294468372846816919e+03,1.316198334933335218e+03
2.531446540880502916e+00,1.294468392748040515e+03,1.316198354023237471e+03
2.532914046121593543e+00,1.294468412506371806e+03,1.316198372976072505e+03
2.534381551362683282e+00,1.294468432122836703e+03,1.316198391792825078e+03
2.535849056603773466e+00,1.294468451598454521e+03,1.316198410474471757e+03
2.537316561844864093e+00,1.294468470934235484e+03,1.316198429021982975e+03
2.538784067085953833e+00,1.294468490131184353e+03,1.316198447436321430e+03
2.540251572327044016e+00,1.294468509190297482e+03,1.316198465718443686e+03
2.541719077568134200e+00,1.294468528112565082e+03,1.316198483869298570e+03
2.543186582809224383e+00,1.294468546898969407e+03,1.316198501889829231e+03
2.544654088050314122e+00,1.294468565550485891e+03,1.316198519780971310e+03
2.546121593291404750e+00,1.294468584068083373e+03,1.316198537543653401e+03
2.547589098532494933e+00,1.294468602452722962e+03,1.316198555178798188e+03
2.549056603773584673e+00,1.294468620705359626e+03,1.316198572687321075e+03
2.550524109014675300e+00,1.294468638826941060e+03,1.316198590070131559e+03
2.551991614255765040e+00,1.294468656818408363e+03,1.316198607328132312e+03
2.553459119496855223e+00,1.294468674680695358e+03,1.316198624462218959e+03
2.554926624737945406e+00,1.294468692414729730e+03,1.316198641473281896e+03
2.556394129979035590e+00,1.294468710021432798e+03,1.316198658362204014e+03
2.557861635220125773e+00,1.294468727501718377e+03,1.316198675129862522e+03
2.559329140461215957e+00,1.294468744856494368e+03,1.316198691777127806e+03
2.560796645702306140e+00,1.294468762086661400e+03,1.316198708304864567e+03
2.562264150943395880e+00,1.294468779193114869e+03,1.316198724713930915e+03
2.563731656184486507e+00,1.294468796176742899e+03,1.316198741005178817e+03
2.565199161425576690e+00,1.294468813038427243e+03,1.316198757179454333e+03
2.566666666666666430e+00,1.294468829779043290e+03,1.316198773237597379e+03
2.568134171907757057e+00,1.294468846399460745e+03,1.316198789180441963e+03
2.569601677148846797e+00,1.294468862900542035e+03,1.316198805008815498e+03
2.571069182389936980e+00,1.294468879283144588e+03,1.316198820723540393e+03
2.572536687631027164e+00,1.294468895548119008e+03,1.316198836325432012e+03
2.574004192872117347e+00,1.294468911696309533e+03,1.316198851815300941e+03
2.575471698113207530e+00,1.294468927728554945e+03,1.316198867193951401e+03
2.576939203354297714e+00,1.294468943645687887e+03,1.316198882462182382e+03
2.578406708595387897e+00,1.294468959448534406e+03,1.316198897620785829e+03
2.579874213836477637e+00,1.294468975137915322e+03,1.316198912670549817e+03
2.581341719077568264e+00,1.294468990714645315e+03,1.316198927612254920e+03
2.582809224318658003e+00,1.294469006179533608e+03,1.316198942446677620e+03
2.584276729559748187e+00,1.294469021533382602e+03,1.316198957174588031e+03
2.585744234800838814e+00,1.294469036776990151e+03,1.316198971796751266e+03
2.587211740041928554e+00,1.294469051911147290e+03,1.316198986313926071e+03
2.588679245283019181e+00,1.294469066936640047e+03,1.316199000726866416e+03
2.590146750524108921e+00,1.294469081854248770e+03,1.316199015036320816e+03
2.591614255765199104e+00,1.294469096664747894e+03,1.316199029243032101e+03
2.593081761006289288e+00,1.294469111368906624e+03,1.316199043347738552e+03
2.594549266247379471e+00,1.294469125967488480e+03,1.316199057351171859e+03
2.596016771488469654e+00,1.294469140461251527e+03,1.316199071254059390e+03
2.597484276729559838e+00,1.294469154850948144e+03,1.316199085057123284e+03
2.598951781970650021e+00,1.294469169137325707e+03,1.316199098761079995e+03
2.600419287211739761e+00,1.294469183321126366e+03,1.316199112366641430e+03
2.601886792452830388e+00,1.294469197403085900e+03,1.316199125874513811e+03
2.603354297693920572e+00,1.294469211383936226e+03,1.316199139285398815e+03
2.604821802935010311e+00,1.294469225264402894e+03,1.316199152599992431e+03
2.606289308176100938e+00,1.294469239045206905e+03,1.316199165818986557e+03
2.607756813417190678e+00,1.294469252727063576e+03,1.316199178943066954e+03
2.609224318658280861e+00,1.294469266310683679e+03,1.316199191972915742e+03
2.610691823899371045e+00,1.294469279796772526e+03,1.316199204909209129e+03
2.612159329140461228e+00,1.294469293186030200e+03,1.316199217752619006e+03
2.613626834381551411e+00,1.294469306479152010e+03,1.316199230503812259e+03
2.615094339622641595e+00,1.294469319676828036e+03,1.316199243163451001e+03
2.616561844863731778e+00,1.294469332779744036e+03,1.316199255732192796e+03
2.618029350104821518e+00,1.294469345788580085e+03,1.316199268210689752e+03
2.619496855345912145e+00,1.294469358704011938e+03,1.316199280599590338e+03
2.620964360587001885e+00,1.294469371526709892e+03,1.316199292899537568e+03
2.622431865828092068e+00,1.294469384257340153e+03,1.316199305111170361e+03
2.623899371069182695e+00,1.294469396896563467e+03,1.316199317235122862e+03
2.625366876310272435e+00,1.294469409445036035e+03,1.316199329272024215e+03
2.626834381551362618e+00,1.294469421903409739e+03,1.316199341222499697e+03
2.628301886792452802e+00,1.294469434272331682e+03,1.316199353087170266e+03
2.629769392033542985e+00,1.294469446552443515e+03,1.316199364866651194e+03
2.631236897274633169e+00,1.294469458744383473e+03,1.316199376561554800e+03
2.632704402515723352e+00,1.294469470848784567e+03,1.316199388172487943e+03
2.634171907756813535e+00,1.294469482866274802e+03,1.316199399700053846e+03
2.635639412997903275e+00,1.294469494797478774e+03,1.316199411144850956e+03
2.637106918238993902e+00,1.294469506643016075e+03,1.316199422507473628e+03
2.638574423480083642e+00,1.294469518403501070e+03,1.316199433788511897e+03
2.640041928721173825e+00,1.294469530079545393e+03,1.316199444988551249e+03
2.641509433962264453e+00,1.294469541671754541e+03,1.316199456108173763e+03
2.642976939203354192e+00,1.294469553180731054e+03,1.316199467147956284e+03
2.644444444444444375e+00,1.294469564607072243e+03,1.316199478108472704e+03
2.645911949685534559e+00,1.294469575951371553e+03,1.316199488990291229e+03
2.647379454926624742e+00,1.294469587214217654e+03,1.316199499793978021e+03
2.648846960167714926e+00,1.294469598396196034e+03,1.316199510520093327e+03
2.650314465408805109e+00,1.294469609497886950e+03,1.316199521169194441e+03
2.651781970649895293e+00,1.294469620519866794e+03,1.316199531741834107e+03
2.653249475890985032e+00,1.294469631462708094e+03,1.316199542238561435e+03
2.654716981132075659e+00,1.294469642326979056e+03,1.316199552659921210e+03
2.656184486373165399e+00,1.294469653113243794e+03,1.316199563006455492e+03
2.657651991614255582e+00,1.294469663822062330e+03,1.316199573278700427e+03
2.659119496855346210e+00,1.294469674453990820e+03,1.316199583477189890e+03
2.660587002096435949e+00,1.294469685009581326e+03,1.316199593602453433e+03
2.662054507337526132e+00,1.294469695489381820e+03,1.316199603655016972e+03
2.663522012578616316e+00,1.294469705893936407e+03,1.316199613635402557e+03
2.664989517819706499e+00,1.294469716223785781e+03,1.316199623544127917e+03
2.666457023060796239e+00,1.294469726479466090e+03,1.316199633381708054e+03
2.667924528301886866e+00,1.294469736661509842e+03,1.316199643148653422e+03
2.669392033542977050e+00,1.294469746770445909e+03,1.316199652845471746e+03
2.670859538784067233e+00,1.294469756806798841e+03,1.316199662472665977e+03
2.672327044025157416e+00,1.294469766771090235e+03,1.316199672030736338e+03
2.673794549266247156e+00,1.294469776663837138e+03,1.316199681520178729e+03
2.675262054507337783e+00,1.294469786485553414e+03,1.316199690941486779e+03
2.676729559748427523e+00,1.294469796236749289e+03,1.316199700295148887e+03
2.678197064989517706e+00,1.294469805917930898e+03,1.316199709581650950e+03
2.679664570230608334e+00,1.294469815529600737e+03,1.316199718801475228e+03
2.681132075471698073e+00,1.294469825072258118e+03,1.316199727955100343e+03
2.682599580712788256e+00,1.294469834546398715e+03,1.316199737043001960e+03
2.684067085953878440e+00,1.294469843952514111e+03,1.316199746065651880e+03
2.685534591194968623e+00,1.294469853291092932e+03,1.316199755023518264e+03
2.687002096436058807e+00,1.294469862562619937e+03,1.316199763917066775e+03
2.688469601677148990e+00,1.294469871767576933e+03,1.316199772746758526e+03
2.689937106918239174e+00,1.294469880906441631e+03,1.316199781513052812e+03
2.691404612159328913e+00,1.294469889979688560e+03,1.316199790216404153e+03
2.692872117400419540e+00,1.294469898987788838e+03,1.316199798857265250e+03
2.694339622641509280e+00,1.294469907931210628e+03,1.316199807436084029e+03
2.695807127882599463e+00,1.294469916810417544e+03,1.316199815953306370e+03
2.697274633123690091e+00,1.294469925625871610e+03,1.316199824409374287e+03
2.698742138364779830e+00,1.294469934378029848e+03,1.316199832804727066e+03
2.700209643605870014e+00,1.294469943067347003e+03,1.316199841139800583e+03
2.701677148846960197e+00,1.294469951694274187e+03,1.316199849415027757e+03
2.703144654088050380e+00,1.294469960259259324e+03,1.316199857630837869e+03
2.704612159329140120e+00,1.294469968762747385e+03,1.316199865787658155e+03
2.706079664570230747e+00,1.294469977205179930e+03,1.316199873885911984e+03
2.707547169811320931e+00,1.294469985586995108e+03,1.316199881926019543e+03
2.709014675052410670e+00,1.294469993908628112e+03,1.316199889908398745e+03
2.710482180293501298e+00,1.294470002170511179e+03,1.316199897833463638e+03
2.711949685534591037e+00,1.294470010373073592e+03,1.316199905701625994e+03
2.713417190775681220e+00,1.294470018516740765e+03,1.316199913513294405e+03
2.714884696016771404e+00,1.294470026601936070e+03,1.316199921268874505e+03
2.716352201257861587e+00,1.294470034629078782e+03,1.316199928968768972e+03
2.717819706498951771e+00,1.294470042598586133e+03,1.316199936613377758e+03
2.719287211740041954e+00,1.294470050510871715e+03,1.316199944203097402e+03
2.720754716981132137e+00,1.294470058366346848e+03,1.316199951738322397e+03
2.722222222222221877e+00,1.294470066165418984e+03,1.316199959219444054e+03
2.723689727463312504e+00,1.294470073908493077e+03,1.316199966646850726e+03
2.725157232704402688e+00,1.294470081595971578e+03,1.316199974020927812e+03
2.726624737945492427e+00,1.294470089228253300e+03,1.316199981342058663e+03
2.728092243186583055e+00,1.294470096805734556e+03,1.316199988610623222e+03
2.729559748427672794e+00,1.294470104328809157e+03,1.316199995826999157e+03
2.731027253668762977e+00,1.294470111797867503e+03,1.316200002991560723e+03
2.732494758909853161e+00,1.294470119213297494e+03,1.316200010104680359e+03
2.733962264150943344e+00,1.294470126575484073e+03,1.316200017166727093e+03
2.735429769392033528e+00,1.294470133884809684e+03,1.316200024178067906e+03
2.736897274633123711e+00,1.294470141141653812e+03,1.316200031139066823e+03
2.738364779874213895e+00,1.294470148346393216e+03,1.316200038050085368e+03
2.739832285115303634e+00,1.294470155499402154e+03,1.316200044911482109e+03
2.741299790356394261e+00,1.294470162601051697e+03,1.316200051723613569e+03
2.742767295597484001e+00,1.294470169651711103e+03,1.316200058486833541e+03
2.744234800838574184e+00,1.294470176651746215e+03,1.316200065201492862e+03
2.745702306079664812e+00,1.294470183601520603e+03,1.316200071867940551e+03
2.747169811320754551e+00,1.294470190501395109e+03,1.316200078486522671e+03
2.748637316561844735e+00,1.294470197351728075e+03,1.316200085057583010e+03
2.750104821802934918e+00,1.294470204152875340e+03,1.316200091581462402e+03
2.751572327044025101e+00,1.294470210905189560e+03,1.316200098058499862e+03
2.753039832285115285e+00,1.294470217609022029e+03,1.316200104489032128e+03
2.754507337526205468e+00,1.294470224264720173e+03,1.316200110873392305e+03
2.755974842767295652e+00,1.294470230872630054e+03,1.316200117211912357e+03
2.757442348008385835e+00,1.294470237433094553e+03,1.316200123504921521e+03
2.758909853249476019e+00,1.294470243946454502e+03,1.316200129752746307e+03
2.760377358490565758e+00,1.294470250413048234e+03,1.316200135955711175e+03
2.761844863731656385e+00,1.294470256833211124e+03,1.316200142114138544e+03
2.763312368972746569e+00,1.294470263207276957e+03,1.316200148228347643e+03
2.764779874213836308e+00,1.294470269535576335e+03,1.316200154298656344e+03
2.766247379454926936e+00,1.294470275818438267e+03,1.316200160325380011e+03
2.767714884696016675e+00,1.294470282056188580e+03,1.316200166308831285e+03
2.769182389937106858e+00,1.294470288249151508e+03,1.316200172249320758e+03
2.770649895178197042e+00,1.294470294397648559e+03,1.316200178147157203e+03
2.772117400419287225e+00,1.294470300501998736e+03,1.316200184002646893e+03
2.773584905660377409e+00,1.294470306562519681e+03,1.316200189816093598e+03
2.775052410901467592e+00,1.294470312579525398e+03,1.316200195587799271e+03
2.776519916142557776e+00,1.294470318553328752e+03,1.316200201318063819e+03
2.777987421383647515e+00,1.294470324484239654e+03,1.316200207007184645e+03
2.779454926624738142e+00,1.294470330372565968e+03,1.316200212655456880e+03
2.780922431865828326e+00,1.294470336218613738e+03,1.316200218263174293e+03
2.782389937106918065e+00,1.294470342022686509e+03,1.316200223830627920e+03
2.783857442348008693e+00,1.294470347785085778e+03,1.316200229358106753e+03
2.785324947589098432e+00,1.294470353506110541e+03,1.316200234845897967e+03
2.786792452830188616e+00,1.294470359186057749e+03,1.316200240294286459e+03
2.788259958071278799e+00,1.294470364825222759e+03,1.316200245703555083e+03
2.789727463312368982e+00,1.294470370423897975e+03,1.316200251073984873e+03
2.791194968553459166e+00,1.294470375982374435e+03,1.316200256405854361e+03
2.792662473794549349e+00,1.294470381500940448e+03,1.316200261699440716e+03
2.794129979035639533e+00,1.294470386979882960e+03,1.316200266955018833e+03
2.795597484276729272e+00,1.294470392419486416e+03,1.316200272172861560e+03
2.797064989517819900e+00,1.294470397820032986e+03,1.316200277353239699e+03
2.798532494758909639e+00,1.294470403181803249e+03,1.316200282496422233e+03
2.799999999999999822e+00,1.294470408505075284e+03,1.316200287602676553e+03
2.801467505241090450e+00,1.294470413790126258e+03,1.316200292672267551e+03
2.802935010482180189e+00,1.294470419037230158e+03,1.316200297705458524e+03
2.804402515723270373e+00,1.294470424246659377e+03,1.316200302702510726e+03
2.805870020964360556e+00,1.294470429418684489e+03,1.316200307663683816e+03
2.807337526205450740e+00,1.294470434553574250e+03,1.316200312589235182e+03
2.808805031446540923e+00,1.294470439651594916e+03,1.316200317479420846e+03
2.810272536687631106e+00,1.294470444713011602e+03,1.316200322334494331e+03
2.811740041928721290e+00,1.294470449738086700e+03,1.316200327154708475e+03
2.813207547169811029e+00,1.294470454727081687e+03,1.316200331940312935e+03
2.814675052410901657e+00,1.294470459680255090e+03,1.316200336691556458e+03
2.816142557651991396e+00,1.294470464597864520e+03,1.316200341408685517e+03
2.817610062893081579e+00,1.294470469480165093e+03,1.316200346091945448e+03
2.819077568134172207e+00,1.294470474327410329e+03,1.316200350741579086e+03
2.820545073375261946e+00,1.294470479139852159e+03,1.316200355357828130e+03
2.822012578616352130e+00,1.294470483917740239e+03,1.316200359940932231e+03
2.823480083857442313e+00,1.294470488661322634e+03,1.316200364491129221e+03
2.824947589098532497e+00,1.294470493370845816e+03,1.316200369008655343e+03
2.826415094339622236e+00,1.294470498046554439e+03,1.316200373493745474e+03
2.827882599580712863e+00,1.294470502688691113e+03,1.316200377946632443e+03
2.829350104821803047e+00,1.294470507297496624e+03,1.316200382367547036e+03
2.830817610062892786e+00,1.294470511873210853e+03,1.316200386756719354e+03
2.832285115303983414e+00,1.294470516416070950e+03,1.316200391114376771e+03
2.833752620545073153e+00,1.294470520926313156e+03,1.316200395440746433e+03
2.835220125786163781e+00,1.294470525404171440e+03,1.316200399736052304e+03
2.836687631027253520e+00,1.294470529849878403e+03,1.316200404000517210e+03
2.838155136268343703e+00,1.294470534263664831e+03,1.316200408234363067e+03
2.839622641509434331e+00,1.294470538645759916e+03,1.316200412437809746e+03
2.841090146750524070e+00,1.294470542996391259e+03,1.316200416611075298e+03
2.842557651991614254e+00,1.294470547315784643e+03,1.316200420754376637e+03
2.844025157232704437e+00,1.294470551604164712e+03,1.316200424867928632e+03
2.845492662473794621e+00,1.294470555861753837e+03,1.316200428951945241e+03
2.846960167714884804e+00,1.294470560088773027e+03,1.316200433006637923e+03
2.848427672955974987e+00,1.294470564285442151e+03,1.316200437032217906e+03
2.849895178197065171e+00,1.294470568451978806e+03,1.316200441028893920e+03
2.851362683438154910e+00,1.294470572588599225e+03,1.316200444996873557e+03
2.852830188679245538e+00,1.294470576695518503e+03,1.316200448936362591e+03
2.854297693920335277e+00,1.294470580772949916e+03,1.316200452847565884e+03
2.855765199161425461e+00,1.294470584821104922e+03,1.316200456730686483e+03
2.857232704402516088e+00,1.294470588840194068e+03,1.316200460585926066e+03
2.858700209643605827e+00,1.294470592830425858e+03,1.316200464413484497e+03
2.860167714884696011e+00,1.294470596792007427e+03,1.316200468213561180e+03
2.861635220125786194e+00,1.294470600725144550e+03,1.316200471986352795e+03
2.863102725366876378e+00,1.294470604630041407e+03,1.316200475732055565e+03
2.864570230607966117e+00,1.294470608506900817e+03,1.316200479450863668e+03
2.866037735849056745e+00,1.294470612355924231e+03,1.316200483142970825e+03
2.867505241090146928e+00,1.294470616177311285e+03,1.316200486808568257e+03
2.868972746331236667e+00,1.294470619971260703e+03,1.316200490447846278e+03
2.870440251572327295e+00,1.294470623737969163e+03,1.316200494060994288e+03
2.871907756813417034e+00,1.294470627477632206e+03,1.316200497648199416e+03
2.873375262054507218e+00,1.294470631190444465e+03,1.316200501209648110e+03
2.874842767295597401e+00,1.294470634876598297e+03,1.316200504745525450e+03
2.876310272536687584e+00,1.294470638536285378e+03,1.316200508256015155e+03
2.877777777777777768e+00,1.294470642169695566e+03,1.316200511741298897e+03
2.879245283018867951e+00,1.294470645777017580e+03,1.316200515201558119e+03
2.880712788259958135e+00,1.294470649358438777e+03,1.316200518636972674e+03
2.882180293501047874e+00,1.294470652914145376e+03,1.316200522047720597e+03
2.883647798742138502e+00,1.294470656444321321e+03,1.316200525433979010e+03
2.885115303983228685e+00,1.294470659949150786e+03,1.316200528795923901e+03
2.886582809224318424e+00,1.294470663428814987e+03,1.316200532133729666e+03
2.888050314465409052e+00,1.294470666883494914e+03,1.316200535447570019e+03
2.889517819706498791e+00,1.294470670313370192e+03,1.316200538737616625e+03
2.890985324947588975e+00,1.294470673718618855e+03,1.316200542004040244e+03
2.892452830188679158e+00,1.294470677099417344e+03,1.316200545247010950e+03
2.893920335429769342e+00,1.294470680455941419e+03,1.316200548466696773e+03
2.895387840670859525e+00,1.294470683788365477e+03,1.316200551663265060e+03
2.896855345911949708e+00,1.294470687096862321e+03,1.316200554836881793e+03
2.898322851153039892e+00,1.294470690381604072e+03,1.316200557987711818e+03
2.899790356394129631e+00,1.294470693642761262e+03,1.316200561115918390e+03
2.901257861635220259e+00,1.294470696880503056e+03,1.316200564221664308e+03
2.902725366876309998e+00,1.294470700094997710e+03,1.316200567305110781e+03
2.904192872117400182e+00,1.294470703286411890e+03,1.316200570366418106e+03
2.905660377358490809e+00,1.294470706454911351e+03,1.316200573405744763e+03
2.907127882599580548e+00,1.294470709600661166e+03,1.316200576423248776e+03
2.908595387840670732e+00,1.294470712723823908e+03,1.316200579419087035e+03
2.910062893081760915e+00,1.294470715824562149e+03,1.316200582393415061e+03
2.911530398322851099e+00,1.294470718903036868e+03,1.316200585346387015e+03
2.912997903563941282e+00,1.294470721959408365e+03,1.316200588278156374e+03
2.914465408805031466e+00,1.294470724993834438e+03,1.316200591188875478e+03
2.915932914046121649e+00,1.294470728006473109e+03,1.316200594078695303e+03
2.917400419287211832e+00,1.294470730997481041e+03,1.316200596947766371e+03
2.918867924528302016e+00,1.294470733967013075e+03,1.316200599796236929e+03
2.920335429769391755e+00,1.294470736915224052e+03,1.316200602624255453e+03
2.921802935010482383e+00,1.294470739842266312e+03,1.316200605431968597e+03
2.923270440251572566e+00,1.294470742748292423e+03,1.316200608219522110e+03
2.924737945492662305e+00,1.294470745633452680e+03,1.316200610987060827e+03
2.926205450733752933e+00,1.294470748497897603e+03,1.316200613734728449e+03
2.927672955974842672e+00,1.294470751341775440e+03,1.316200616462667313e+03
2.929140461215932856e+00,1.294470754165234212e+03,1.316200619171019753e+03
2.930607966457023039e+00,1.294470756968420119e+03,1.316200621859925604e+03
2.932075471698113223e+00,1.294470759751479136e+03,1.316200624529525385e+03
2.933542976939203406e+00,1.294470762514555645e+03,1.316200627179957110e+03
2.935010482180293589e+00,1.294470765257792891e+03,1.316200629811358340e+03
2.936477987421383773e+00,1.294470767981333665e+03,1.316200632423865954e+03
2.937945492662473512e+00,1.294470770685318939e+03,1.316200635017615923e+03
2.939412997903564140e+00,1.294470773369889685e+03,1.316200637592742169e+03
2.940880503144654323e+00,1.294470776035184826e+03,1.316200640149379069e+03
2.942348008385744063e+00,1.294470778681343063e+03,1.316200642687659183e+03
2.943815513626834690e+00,1.294470781308501728e+03,1.316200645207714160e+03
2.945283018867924429e+00,1.294470783916797245e+03,1.316200647709674740e+03
2.946750524109014613e+00,1.294470786506364675e+03,1.316200650193671208e+03
2.948218029350104796e+00,1.294470789077339077e+03,1.316200652659832485e+03
2.949685534591194980e+00,1.294470791629853920e+03,1.316200655108286583e+03
2.951153039832285163e+00,1.294470794164041081e+03,1.316200657539160602e+03
2.952620545073375347e+00,1.294470796680033118e+03,1.316200659952580736e+03
2.954088050314465530e+00,1.294470799177959634e+03,1.316200662348672495e+03
2.955555555555555269e+00,1.294470801657951142e+03,1.316200664727559797e+03
2.957023060796645897e+00,1.294470804120136108e+03,1.316200667089366561e+03
2.958490566037735636e+00,1.294470806564642317e+03,1.316200669434215570e+03
2.959958071278825820e+00,1.294470808991596869e+03,1.316200671762228239e+03
2.961425576519916447e+00,1.294470811401125502e+03,1.316200674073525761e+03
2.962893081761006187e+00,1.294470813793353727e+03,1.316200676368227960e+03
2.964360587002096370e+00,1.294470816168405690e+03,1.316200678646453980e+03
2.965828092243186553e+00,1.294470818526404400e+03,1.316200680908322283e+03
2.967295597484276737e+00,1.294470820867472867e+03,1.316200683153949967e+03
2.968763102725366920e+00,1.294470823191732052e+03,1.316200685383454129e+03
2.970230607966457104e+00,1.294470825499302691e+03,1.316200687596950274e+03
2.971698113207547287e+00,1.294470827790305066e+03,1.316200689794553227e+03
2.973165618448637026e+00,1.294470830064857637e+03,1.316200691976377357e+03
2.974633123689727654e+00,1.294470832323078866e+03,1.316200694142535667e+03
2.976100628930817393e+00,1.294470834565086079e+03,1.316200696293140936e+03
2.977568134171907577e+00,1.294470836790995463e+03,1.316200698428304804e+03
2.979035639412998204e+00,1.294470839000922751e+03,1.316200700548137775e+03
2.980503144654087944e+00,1.294470841194982313e+03,1.316200702652750351e+03
2.981970649895178127e+00,1.294470843373288517e+03,1.316200704742251673e+03
2.983438155136268310e+00,1.294470845535954368e+03,1.316200706816750198e+03
2.984905660377358494e+00,1.294470847683092188e+03,1.316200708876353701e+03
2.986373165618448233e+00,1.294470849814813164e+03,1.316200710921169048e+03
2.987840670859538861e+00,1.294470851931228253e+03,1.316200712951302421e+03
2.989308176100629044e+00,1.294470854032447505e+03,1.316200714966859323e+03
2.990775681341718784e+00,1.294470856118579832e+03,1.316200716967944572e+03
2.992243186582809411e+00,1.294470858189733462e+03,1.316200718954661625e+03
2.993710691823899150e+00,1.294470860246016173e+03,1.316200720927113935e+03
2.995178197064989334e+00,1.294470862287534601e+03,1.316200722885403820e+03
2.996645702306079517e+00,1.294470864314394930e+03,1.316200724829633145e+03
2.998113207547169701e+00,1.294470866326701980e+03,1.316200726759902864e+03
2.999580712788260328e+00,1.294470868324560570e+03,1.316200728676313247e+03
