X,Y,Edep
0,0,2.48322E-30
0,1,0
0,2,1.25061E-30
0,3,3.77192E-31
0,4,0
0,5,1.6952E-31
0,6,1.73774E-30
0,7,6.53642E-31
0,8,3.43281E-30
0,9,4.98949E-30
0,10,6.63678E-31
0,11,1.29063E-30
0,12,2.92079E-30
0,13,2.05807E-30
0,14,7.57568E-31
0,15,1.03744E-30
0,16,7.53706E-31
0,17,8.3106E-31
0,18,4.50159E-31
0,19,5.65027E-31
0,20,3.10593E-31
0,21,4.59795E-32
0,22,3.82049E-31
0,23,5.40742E-31
0,24,1.30014E-30
0,25,2.05192E-30
0,26,1.44203E-30
0,27,7.44576E-31
0,28,1.2748E-30
0,29,1.81609E-30
0,30,2.18861E-30
0,31,7.94534E-31
0,32,4.53211E-31
0,33,1.12663E-30
0,34,2.23427E-30
0,35,4.92664E-30
0,36,3.35525E-30
0,37,2.13899E-30
0,38,1.09674E-30
0,39,1.45759E-30
0,40,8.26539E-31
0,41,1.47703E-30
0,42,1.77444E-30
0,43,1.27629E-30
0,44,1.12816E-30
0,45,1.89036E-30
0,46,2.74485E-30
0,47,4.12886E-30
0,48,5.60605E-30
0,49,5.33627E-30
0,50,5.69024E-30
0,51,3.46931E-30
0,52,5.46432E-30
0,53,2.7016E-30
0,54,3.6814E-30
0,55,1.82884E-30
0,56,1.98353E-30
0,57,3.13633E-30
0,58,3.70853E-30
0,59,1.70584E-30
0,60,7.59428E-31
0,61,7.27543E-31
0,62,4.67034E-30
0,63,9.92837E-31
0,64,8.79274E-30
0,65,3.08033E-30
0,66,3.85133E-30
0,67,6.74507E-30
0,68,3.55451E-30
0,69,2.92466E-30
0,70,4.17647E-30
0,71,3.59527E-30
0,72,1.53037E-30
0,73,1.85801E-30
0,74,1.35087E-30
0,75,4.7069E-30
0,76,5.96128E-30
0,77,6.08879E-30
0,78,7.13219E-30
0,79,3.1978E-30
0,80,1.41158E-30
0,81,2.0898E-30
0,82,8.27452E-30
0,83,5.40655E-30
0,84,1.20214E-29
0,85,4.69506E-30
0,86,4.17267E-30
0,87,1.0924E-05
0,88,1.80199E-05
0,89,1.27019E-05
0,90,5.44215E-05
0,91,9.76084E-05
0,92,0.000136653
0,93,0.002770281
0,94,0.000492465
0,95,0.000598526
0,96,0.002579848
0,97,0.00520931
0,98,0.013338223
0,99,0.096745949
0,100,0.689832974
0,101,0.012423415
0,102,0.004417513
0,103,0.002450929
0,104,0.000617634
0,105,0.001235957
0,106,0.000231352
0,107,0.000113727
0,108,0.000474896
0,109,4.2977E-06
0,110,1.08492E-05
0,111,5.93676E-06
0,112,8.86906E-06
0,113,1.01491E-06
0,114,7.40204E-30
0,115,1.04356E-29
0,116,1.29363E-29
0,117,4.17445E-30
0,118,2.99791E-29
0,119,2.91021E-29
0,120,9.55082E-30
0,121,1.02477E-29
0,122,1.65732E-29
0,123,8.12133E-30
0,124,6.47535E-30
0,125,9.04949E-30
0,126,1.12631E-29
0,127,2.96651E-30
0,128,3.95881E-30
0,129,1.09132E-29
0,130,3.5788E-30
0,131,1.13296E-29
0,132,3.11123E-30
0,133,5.59173E-30
0,134,1.97422E-30
0,135,1.30137E-30
0,136,6.4316E-31
0,137,1.91855E-30
0,138,2.29325E-30
0,139,2.41863E-30
0,140,2.14347E-30
0,141,2.05627E-30
0,142,5.47368E-30
0,143,1.37423E-30
0,144,6.13698E-30
0,145,7.78179E-30
0,146,2.61833E-30
0,147,1.53364E-30
0,148,2.97253E-30
0,149,2.49976E-30
0,150,2.13738E-30
0,151,1.46871E-30
0,152,1.69145E-30
0,153,2.11937E-30
0,154,1.32874E-30
0,155,5.81292E-31
0,156,2.32324E-30
0,157,1.91006E-30
0,158,6.75363E-31
0,159,7.49898E-31
0,160,7.86735E-31
0,161,5.16915E-31
0,162,7.86047E-31
0,163,2.44407E-30
0,164,2.91393E-30
0,165,1.72945E-30
0,166,1.63924E-30
0,167,1.54485E-30
0,168,1.1296E-30
0,169,2.84435E-30
0,170,6.22225E-31
0,171,1.09537E-30
0,172,1.86587E-30
0,173,8.19079E-30
0,174,1.52319E-30
0,175,1.23605E-30
0,176,2.48383E-30
0,177,1.62044E-30
0,178,1.69025E-30
0,179,3.60128E-29
0,180,7.88618E-31
0,181,1.05019E-30
0,182,2.56911E-30
0,183,3.74274E-30
0,184,1.10847E-30
0,185,1.33902E-30
0,186,1.9335E-30
0,187,1.00698E-30
0,188,6.78942E-31
0,189,4.06054E-31
0,190,1.03067E-30
0,191,5.85655E-30
0,192,1.56306E-29
0,193,2.34433E-30
0,194,2.49435E-30
0,195,3.65419E-30
0,196,1.84444E-30
0,197,4.97349E-31
0,198,1.17855E-30
0,199,8.96115E-31
1,0,2.47708E-30
1,1,8.36337E-31
1,2,1.30506E-30
1,3,6.81327E-31
1,4,5.34739E-31
1,5,1.93648E-31
1,6,7.51053E-32
1,7,2.09626E-30
1,8,1.55108E-31
1,9,3.80177E-31
1,10,4.97363E-30
1,11,2.97264E-30
1,12,6.87439E-31
1,13,3.55143E-30
1,14,2.38385E-30
1,15,4.5994E-31
1,16,1.07115E-30
1,17,1.60462E-30
1,18,8.17011E-31
1,19,4.02332E-31
1,20,2.98232E-31
1,21,3.44442E-31
1,22,1.93477E-31
1,23,3.8065E-31
1,24,3.94732E-31
1,25,1.88904E-30
1,26,9.29678E-31
1,27,1.19289E-30
1,28,6.06054E-31
1,29,9.40349E-31
1,30,1.29269E-30
1,31,2.34271E-30
1,32,1.11795E-30
1,33,5.01568E-31
1,34,9.42965E-31
1,35,1.75873E-30
1,36,1.86559E-30
1,37,3.40851E-30
1,38,3.23641E-30
1,39,2.77702E-30
1,40,1.29636E-30
1,41,9.74924E-31
1,42,1.45178E-30
1,43,1.27065E-30
1,44,7.43751E-31
1,45,9.86048E-31
1,46,1.19618E-30
1,47,2.0952E-30
1,48,1.12596E-30
1,49,5.18431E-30
1,50,5.35943E-30
1,51,2.05466E-30
1,52,3.23725E-30
1,53,3.95031E-30
1,54,2.79036E-30
1,55,2.10902E-30
1,56,1.96648E-30
1,57,2.23796E-30
1,58,2.48567E-30
1,59,1.2109E-30
1,60,1.70068E-30
1,61,2.36995E-30
1,62,1.86044E-30
1,63,5.88204E-30
1,64,3.04179E-30
1,65,1.02888E-29
1,66,5.17848E-30
1,67,7.75677E-30
1,68,3.5917E-30
1,69,3.36638E-30
1,70,1.84198E-30
1,71,5.0478E-30
1,72,5.19841E-30
1,73,2.38519E-30
1,74,1.86612E-30
1,75,5.71199E-30
1,76,4.69883E-30
1,77,2.79715E-30
1,78,3.80633E-30
1,79,7.09029E-30
1,80,2.98889E-30
1,81,3.79959E-06
1,82,1.02839E-05
1,83,1.31014E-06
1,84,1.14319E-05
1,85,5.10743E-05
1,86,1.82999E-05
1,87,3.02894E-05
1,88,0.000272852
1,89,0.000240621
1,90,0.000629787
1,91,0.000712891
1,92,0.001375365
1,93,0.00042548
1,94,0.001766207
1,95,0.003988891
1,96,0.008558683
1,97,0.00888235
1,98,0.021229156
1,99,0.207190754
1,100,0.605390377
1,101,0.022648093
1,102,0.011168473
1,103,0.002821665
1,104,0.002289561
1,105,0.001474582
1,106,0.000332015
1,107,0.000179701
1,108,0.000781645
1,109,8.57717E-05
1,110,3.26763E-05
1,111,0.000112608
1,112,0.000193681
1,113,5.6769E-05
1,114,0.000108351
1,115,4.27123E-05
1,116,2.25494E-05
1,117,2.91012E-05
1,118,1.02401E-05
1,119,5.23024E-30
1,120,1.48849E-29
1,121,7.39024E-30
1,122,1.95589E-29
1,123,4.58461E-30
1,124,1.07987E-29
1,125,6.31244E-30
1,126,2.07511E-31
1,127,4.13862E-30
1,128,1.79896E-31
1,129,5.80166E-30
1,130,1.72008E-29
1,131,6.04918E-30
1,132,4.06089E-30
1,133,3.43556E-30
1,134,4.10573E-30
1,135,3.55972E-30
1,136,2.61609E-30
1,137,1.22718E-30
1,138,8.38138E-31
1,139,1.30166E-30
1,140,1.89721E-30
1,141,4.6028E-30
1,142,9.04382E-31
1,143,7.02911E-31
1,144,1.10072E-29
1,145,4.47076E-30
1,146,2.47806E-30
1,147,2.30552E-30
1,148,1.52586E-30
1,149,7.63736E-31
1,150,2.02074E-30
1,151,1.98243E-30
1,152,2.88744E-30
1,153,2.05019E-30
1,154,1.65782E-30
1,155,1.79157E-30
1,156,2.92963E-30
1,157,1.43057E-30
1,158,1.26558E-30
1,159,1.51519E-30
1,160,1.12558E-30
1,161,1.56319E-30
1,162,3.40973E-30
1,163,2.19222E-30
1,164,7.56611E-31
1,165,1.60285E-30
1,166,1.13556E-30
1,167,1.63668E-30
1,168,2.68328E-30
1,169,9.20374E-31
1,170,1.23003E-30
1,171,3.73609E-30
1,172,6.62482E-30
1,173,9.32506E-31
1,174,4.34334E-31
1,175,1.27092E-30
1,176,1.95386E-30
1,177,1.81466E-30
1,178,9.20123E-31
1,179,3.47105E-29
1,180,1.07085E-30
1,181,1.4708E-30
1,182,4.27605E-30
1,183,1.4472E-30
1,184,1.72112E-30
1,185,1.48127E-30
1,186,2.18858E-30
1,187,2.81646E-30
1,188,2.75678E-30
1,189,2.99823E-30
1,190,3.29141E-30
1,191,1.71967E-29
1,192,1.33143E-31
1,193,2.52863E-31
1,194,6.4859E-31
1,195,2.66726E-30
1,196,3.02691E-31
1,197,3.64727E-33
1,198,2.03123E-30
1,199,1.00838E-31
2,0,3.07554E-31
2,1,2.26047E-30
2,2,4.15846E-31
2,3,1.49614E-30
2,4,8.09793E-31
2,5,7.15147E-31
2,6,6.66547E-31
2,7,3.60516E-31
2,8,2.33157E-30
2,9,3.12145E-31
2,10,3.02897E-31
2,11,2.40533E-30
2,12,4.83449E-30
2,13,2.27491E-30
2,14,3.49564E-30
2,15,1.27754E-30
2,16,5.23981E-31
2,17,3.2029E-31
2,18,1.59911E-30
2,19,1.59354E-30
2,20,7.90527E-31
2,21,3.88369E-31
2,22,3.67285E-31
2,23,8.38232E-32
2,24,3.41228E-31
2,25,9.55059E-31
2,26,1.46009E-30
2,27,6.95582E-31
2,28,1.3804E-30
2,29,3.34315E-31
2,30,4.19792E-31
2,31,9.15912E-31
2,32,1.8903E-30
2,33,1.59739E-30
2,34,1.3501E-30
2,35,1.55168E-30
2,36,1.54673E-30
2,37,1.10339E-30
2,38,2.42617E-30
2,39,7.56453E-31
2,40,2.66149E-30
2,41,2.47592E-30
2,42,1.21066E-30
2,43,1.17152E-30
2,44,1.47604E-30
2,45,1.11978E-30
2,46,1.36722E-30
2,47,2.53206E-30
2,48,5.36139E-31
2,49,3.90051E-30
2,50,6.76978E-30
2,51,1.70494E-30
2,52,1.33932E-30
2,53,3.36428E-30
2,54,2.58874E-30
2,55,2.13527E-30
2,56,1.25253E-30
2,57,3.33737E-30
2,58,3.44847E-30
2,59,1.48142E-30
2,60,1.16949E-30
2,61,1.25114E-30
2,62,1.59394E-30
2,63,8.45045E-31
2,64,4.32359E-30
2,65,3.96314E-30
2,66,8.62001E-30
2,67,6.38094E-30
2,68,2.41281E-30
2,69,2.82293E-30
2,70,2.41783E-30
2,71,2.47166E-30
2,72,1.4548E-30
2,73,3.84367E-30
2,74,1.02227E-29
2,75,6.34518E-30
2,76,2.39277E-30
2,77,2.70831E-06
2,78,2.55741E-05
2,79,4.808E-05
2,80,3.19745E-05
2,81,1.69486E-05
2,82,0.000401757
2,83,0.000790893
2,84,3.7084E-05
2,85,6.40457E-05
2,86,8.71486E-05
2,87,0.000221594
2,88,0.000215918
2,89,0.000404255
2,90,0.000777909
2,91,0.000416179
2,92,0.001565871
2,93,0.00215444
2,94,0.002603336
2,95,0.002969722
2,96,0.01519169
2,97,0.013750249
2,98,0.031593342
2,99,0.278569096
2,100,0.546751728
2,101,0.02481513
2,102,0.012743484
2,103,0.003106247
2,104,0.003881248
2,105,0.002456373
2,106,0.001496701
2,107,0.000500619
2,108,0.000796807
2,109,0.000469905
2,110,0.000273838
2,111,0.00017654
2,112,4.50355E-05
2,113,0.000135437
2,114,0.000591292
2,115,5.56562E-05
2,116,9.22321E-05
2,117,0.00086325
2,118,0.001009323
2,119,0.000149475
2,120,4.92819E-06
2,121,3.39652E-30
2,122,0.000208722
2,123,5.2976E-07
2,124,2.41937E-29
2,125,2.13059E-29
2,126,2.11583E-29
2,127,2.47037E-29
2,128,2.19308E-29
2,129,3.17388E-29
2,130,3.63598E-29
2,131,2.54901E-29
2,132,2.63951E-29
2,133,2.35519E-29
2,134,2.145E-29
2,135,2.27371E-29
2,136,2.07321E-29
2,137,1.053E-30
2,138,1.28979E-30
2,139,1.90846E-30
2,140,1.85858E-30
2,141,4.12203E-30
2,142,1.33257E-30
2,143,1.07504E-29
2,144,7.21877E-30
2,145,3.27993E-30
2,146,2.01252E-30
2,147,1.75769E-30
2,148,1.30162E-30
2,149,1.52046E-30
2,150,2.63575E-30
2,151,3.19234E-30
2,152,1.70097E-30
2,153,1.91128E-30
2,154,9.1631E-31
2,155,3.31172E-30
2,156,2.85814E-30
2,157,1.7058E-30
2,158,1.36377E-30
2,159,1.37833E-30
2,160,2.54874E-30
2,161,2.33495E-30
2,162,8.50163E-31
2,163,8.73871E-31
2,164,1.82283E-30
2,165,1.05233E-30
2,166,1.45098E-30
2,167,1.27454E-30
2,168,2.33961E-30
2,169,8.26639E-31
2,170,6.40551E-30
2,171,4.42742E-30
2,172,7.46268E-31
2,173,3.90764E-31
2,174,1.16936E-30
2,175,3.42438E-30
2,176,2.97401E-30
2,177,1.29548E-30
2,178,1.14165E-30
2,179,3.51774E-29
2,180,1.05789E-30
2,181,7.29463E-30
2,182,4.12235E-30
2,183,3.73341E-30
2,184,3.57075E-30
2,185,2.74742E-30
2,186,9.48408E-31
2,187,6.57436E-31
2,188,5.96059E-31
2,189,6.02034E-31
2,190,5.91575E-31
2,191,1.6706E-29
2,192,4.33903E-31
2,193,1.19471E-30
2,194,1.71116E-30
2,195,1.39643E-30
2,196,3.84311E-31
2,197,8.86419E-31
2,198,2.23791E-30
2,199,4.85936E-31
3,0,4.06602E-31
3,1,2.15154E-30
3,2,1.30982E-31
3,3,1.03495E-30
3,4,3.28489E-31
3,5,6.29525E-31
3,6,6.78931E-31
3,7,7.16554E-31
3,8,8.65658E-31
3,9,2.07131E-30
3,10,3.16E-31
3,11,3.69213E-31
3,12,7.24172E-31
3,13,4.01279E-30
3,14,6.41277E-30
3,15,2.45139E-30
3,16,9.08421E-31
3,17,8.04387E-31
3,18,6.39543E-31
3,19,6.82958E-31
3,20,1.57529E-30
3,21,1.1537E-30
3,22,1.97258E-31
3,23,3.25117E-31
3,24,2.01487E-31
3,25,4.03362E-31
3,26,1.60154E-30
3,27,9.45233E-31
3,28,6.0725E-31
3,29,1.50715E-30
3,30,6.10371E-31
3,31,2.23902E-31
3,32,7.31644E-31
3,33,1.29225E-30
3,34,1.3891E-30
3,35,1.26607E-30
3,36,3.07829E-30
3,37,8.57091E-31
3,38,1.47082E-30
3,39,2.54192E-30
3,40,7.02546E-31
3,41,4.76711E-31
3,42,1.54008E-30
3,43,2.51003E-30
3,44,1.87387E-30
3,45,5.90201E-31
3,46,8.87191E-31
3,47,2.09668E-30
3,48,2.10836E-30
3,49,3.44644E-30
3,50,3.82179E-30
3,51,4.71613E-30
3,52,2.32546E-30
3,53,1.47055E-30
3,54,3.94523E-30
3,55,2.42959E-30
3,56,2.14571E-30
3,57,2.54143E-30
3,58,3.93489E-30
3,59,2.15107E-30
3,60,1.38153E-30
3,61,9.94376E-31
3,62,9.67904E-31
3,63,1.81931E-30
3,64,4.69603E-30
3,65,6.64075E-30
3,66,6.04742E-30
3,67,1.12804E-29
3,68,2.9206E-30
3,69,2.23631E-30
3,70,2.22851E-30
3,71,2.44498E-30
3,72,9.08978E-07
3,73,6.38112E-05
3,74,1.83913E-06
3,75,8.2321E-05
3,76,2.14931E-05
3,77,2.60575E-05
3,78,4.33395E-05
3,79,2.01798E-05
3,80,0.000236452
3,81,3.44672E-05
3,82,0.000484528
3,83,0.000491359
3,84,0.000489271
3,85,0.000156929
3,86,0.000457413
3,87,0.001057621
3,88,0.000321489
3,89,0.003537568
3,90,0.001178655
3,91,0.000325639
3,92,0.00104483
3,93,0.001954639
3,94,0.004659896
3,95,0.007626796
3,96,0.009477071
3,97,0.021372202
3,98,0.033459184
3,99,0.316757346
3,100,0.513716858
3,101,0.027300352
3,102,0.011058509
3,103,0.005450424
3,104,0.002908285
3,105,0.002570734
3,106,0.002112862
3,107,0.000737168
3,108,0.000304209
3,109,0.001788688
3,110,0.000345537
3,111,0.000424695
3,112,0.000454252
3,113,0.001192851
3,114,0.001173428
3,115,0.000809852
3,116,0.00019604
3,117,0.000399121
3,118,0.000534471
3,119,2.14192E-05
3,120,0.000542831
3,121,0.000254201
3,122,4.67703E-05
3,123,5.37021E-05
3,124,3.1433E-30
3,125,7.01569E-06
3,126,4.69298E-06
3,127,3.75268E-30
3,128,1.0563E-29
3,129,9.53726E-30
3,130,1.08178E-29
3,131,5.42171E-30
3,132,5.61755E-30
3,133,1.98601E-30
3,134,1.08239E-30
3,135,1.29008E-30
3,136,4.15392E-30
3,137,2.2144E-29
3,138,2.185E-29
3,139,2.17919E-29
3,140,2.23161E-29
3,141,2.47141E-29
3,142,2.6163E-29
3,143,3.2833E-29
3,144,2.2028E-29
3,145,2.16425E-29
3,146,2.15353E-29
3,147,2.12674E-29
3,148,2.18955E-29
3,149,2.12273E-29
3,150,2.53576E-29
3,151,2.32029E-29
3,152,2.27568E-29
3,153,2.16767E-29
3,154,2.40953E-29
3,155,2.20457E-29
3,156,2.12863E-29
3,157,2.11207E-29
3,158,2.21048E-29
3,159,2.32238E-29
3,160,2.11907E-29
3,161,2.08879E-29
3,162,2.17379E-29
3,163,2.18055E-29
3,164,2.12973E-29
3,165,2.16702E-29
3,166,2.11624E-29
3,167,2.20415E-29
3,168,2.19286E-29
3,169,2.82512E-29
3,170,2.39818E-29
3,171,2.1501E-29
3,172,2.12924E-29
3,173,2.15154E-29
3,174,2.36977E-29
3,175,2.36694E-29
3,176,2.19389E-29
3,177,2.30801E-29
3,178,5.1392E-29
3,179,2.98317E-29
3,180,2.7606E-29
3,181,2.23017E-29
3,182,2.1123E-29
3,183,2.06898E-29
3,184,2.03989E-29
3,185,2.02109E-29
3,186,2.05403E-29
3,187,2.08292E-29
3,188,2.05208E-29
3,189,2.04215E-29
3,190,3.26944E-29
3,191,2.54484E-29
3,192,2.19281E-29
3,193,2.18756E-29
3,194,2.15899E-29
3,195,2.13038E-29
3,196,2.13313E-29
3,197,6.84301E-30
3,198,1.40857E-30
3,199,4.3099E-31
4,0,9.85411E-31
4,1,2.39408E-30
4,2,3.84979E-31
4,3,8.92471E-31
4,4,4.41902E-31
4,5,4.41015E-31
4,6,5.51848E-31
4,7,7.0762E-31
4,8,7.14496E-31
4,9,1.00288E-30
4,10,2.60341E-30
4,11,8.5638E-31
4,12,8.03481E-31
4,13,5.35137E-31
4,14,1.72869E-30
4,15,7.69618E-30
4,16,3.27127E-30
4,17,8.64959E-31
4,18,8.06039E-31
4,19,9.27625E-31
4,20,9.62039E-31
4,21,1.3893E-30
4,22,1.37583E-30
4,23,6.83903E-31
4,24,3.74859E-31
4,25,2.18356E-31
4,26,6.74575E-31
4,27,1.60174E-30
4,28,5.64088E-31
4,29,6.43669E-31
4,30,1.52311E-30
4,31,1.34044E-30
4,32,9.98357E-31
4,33,8.8538E-31
4,34,1.26265E-30
4,35,2.13357E-30
4,36,2.48363E-30
4,37,9.03314E-31
4,38,1.28082E-30
4,39,2.22932E-30
4,40,2.54084E-30
4,41,1.85278E-30
4,42,7.96472E-31
4,43,7.7687E-31
4,44,9.46053E-31
4,45,2.18857E-30
4,46,2.26889E-30
4,47,3.14547E-30
4,48,2.91792E-30
4,49,7.82044E-31
4,50,3.95403E-30
4,51,1.42513E-30
4,52,3.61709E-30
4,53,2.1756E-30
4,54,1.37997E-30
4,55,3.97393E-30
4,56,2.53353E-30
4,57,2.99149E-30
4,58,3.06304E-30
4,59,1.81979E-30
4,60,1.99833E-30
4,61,1.93882E-30
4,62,1.21923E-30
4,63,4.55717E-30
4,64,3.59968E-30
4,65,3.2865E-30
4,66,6.16113E-30
4,67,9.00069E-30
4,68,6.48277E-30
4,69,2.48803E-30
4,70,5.89016E-07
4,71,4.70412E-06
4,72,1.24647E-05
4,73,3.31817E-05
4,74,2.16662E-30
4,75,5.96062E-31
4,76,2.10689E-05
4,77,3.85547E-05
4,78,3.70078E-05
4,79,5.29167E-05
4,80,2.7188E-05
4,81,0.00034953
4,82,8.12518E-05
4,83,0.000220869
4,84,0.000516707
4,85,0.000269788
4,86,0.0003653
4,87,0.002366329
4,88,0.000471863
4,89,0.001262457
4,90,0.001220137
4,91,0.001151918
4,92,0.000603225
4,93,0.004180631
4,94,0.00299411
4,95,0.005397719
4,96,0.00799061
4,97,0.012715172
4,98,0.036628222
4,99,0.344852894
4,100,0.491018251
4,101,0.02711498
4,102,0.01671136
4,103,0.010999984
4,104,0.003069046
4,105,0.002231243
4,106,0.003422861
4,107,0.001672033
4,108,0.001855861
4,109,0.001799713
4,110,0.000668497
4,111,0.00249806
4,112,0.003138567
4,113,0.001985716
4,114,0.000292869
4,115,9.64947E-05
4,116,7.83269E-05
4,117,0.000507326
4,118,2.18899E-05
4,119,0.001155149
4,120,0.000132782
4,121,0.001372609
4,122,0.000275984
4,123,3.05481E-05
4,124,1.21109E-05
4,125,4.92903E-05
4,126,2.39523E-05
4,127,1.35181E-05
4,128,9.02578E-06
4,129,3.58402E-06
4,130,1.74322E-30
4,131,1.34871E-29
4,132,3.47762E-30
4,133,1.32188E-30
4,134,7.75959E-31
4,135,7.64655E-31
4,136,1.43286E-30
4,137,2.76576E-30
4,138,9.18937E-31
4,139,1.01693E-30
4,140,5.49568E-30
4,141,4.67258E-30
4,142,1.12065E-29
4,143,3.40949E-30
4,144,1.19277E-30
4,145,1.02441E-30
4,146,8.55828E-31
4,147,1.11516E-30
4,148,1.53148E-30
4,149,4.0441E-30
4,150,3.36169E-30
4,151,1.75839E-30
4,152,9.82373E-31
4,153,1.55651E-30
4,154,2.47846E-30
4,155,1.50866E-30
4,156,1.48278E-30
4,157,1.98575E-30
4,158,1.82614E-30
4,159,2.43868E-31
4,160,4.67545E-31
4,161,1.56824E-30
4,162,1.10399E-30
4,163,1.217E-30
4,164,1.02041E-30
4,165,1.13552E-30
4,166,1.38174E-30
4,167,4.86591E-30
4,168,7.51469E-30
4,169,2.88044E-31
4,170,2.05337E-30
4,171,1.59172E-30
4,172,3.26137E-30
4,173,5.26007E-30
4,174,5.01315E-30
4,175,2.48291E-30
4,176,1.6599E-30
4,177,9.24604E-31
4,178,3.54268E-29
4,179,3.55484E-30
4,180,2.39004E-30
4,181,1.15886E-30
4,182,8.16705E-31
4,183,4.55141E-31
4,184,5.86342E-31
4,185,8.39983E-31
4,186,1.66402E-30
4,187,7.78399E-31
4,188,9.11752E-31
4,189,7.8366E-31
4,190,1.77096E-29
4,191,2.08049E-30
4,192,1.48591E-30
4,193,6.56828E-31
4,194,1.57793E-30
4,195,4.57141E-31
4,196,4.44163E-31
4,197,1.69111E-29
4,198,2.03959E-29
4,199,2.05165E-29
5,0,2.72058E-31
5,1,1.66608E-30
5,2,1.84552E-30
5,3,6.24555E-31
5,4,1.39525E-30
5,5,5.96776E-31
5,6,6.78784E-31
5,7,8.33251E-31
5,8,1.00433E-30
5,9,1.39114E-30
5,10,1.29175E-30
5,11,2.73313E-30
5,12,1.46899E-30
5,13,1.64987E-30
5,14,1.85057E-30
5,15,2.34138E-30
5,16,6.63148E-30
5,17,6.75948E-30
5,18,1.71967E-30
5,19,1.41015E-30
5,20,1.25922E-30
5,21,1.67334E-30
5,22,2.04054E-30
5,23,1.56355E-30
5,24,1.20933E-30
5,25,1.07512E-30
5,26,7.3793E-31
5,27,7.63522E-31
5,28,1.44801E-30
5,29,2.81037E-31
5,30,1.93578E-31
5,31,8.13046E-31
5,32,8.2472E-31
5,33,7.5461E-31
5,34,1.23428E-30
5,35,1.28668E-30
5,36,3.88439E-30
5,37,1.6914E-30
5,38,6.70227E-31
5,39,8.10728E-31
5,40,1.80415E-30
5,41,2.37052E-30
5,42,2.46898E-30
5,43,1.0001E-30
5,44,1.35189E-30
5,45,6.33999E-31
5,46,5.15492E-31
5,47,1.58047E-30
5,48,6.13326E-30
5,49,2.4563E-30
5,50,5.44489E-31
5,51,3.19483E-30
5,52,1.29801E-30
5,53,3.35106E-30
5,54,1.52995E-30
5,55,8.8232E-31
5,56,2.31232E-30
5,57,3.08455E-30
5,58,3.47765E-30
5,59,2.26998E-30
5,60,2.8353E-30
5,61,2.69772E-30
5,62,3.04591E-30
5,63,7.10527E-30
5,64,1.06485E-30
5,65,5.67004E-30
5,66,8.33318E-06
5,67,9.29738E-30
5,68,7.51993E-06
5,69,1.04491E-05
5,70,1.40686E-05
5,71,2.96982E-05
5,72,0.000804741
5,73,4.65257E-05
5,74,5.56008E-05
5,75,3.00403E-05
5,76,4.65141E-05
5,77,7.84721E-05
5,78,0.000151262
5,79,0.000580632
5,80,0.000158062
5,81,0.000579216
5,82,0.000482211
5,83,0.000408073
5,84,0.000300986
5,85,0.000409287
5,86,0.000973776
5,87,0.0002597
5,88,0.001929458
5,89,0.001116941
5,90,0.001930081
5,91,0.001273248
5,92,0.003205415
5,93,0.002653584
5,94,0.004089829
5,95,0.004933582
5,96,0.007300904
5,97,0.011871487
5,98,0.031013617
5,99,0.374483473
5,100,0.475797668
5,101,0.032604354
5,102,0.019743802
5,103,0.010746483
5,104,0.004606941
5,105,0.0019562
5,106,0.003446452
5,107,0.002413485
5,108,0.002336018
5,109,0.000690031
5,110,0.000796256
5,111,0.001066316
5,112,0.000926733
5,113,0.000653313
5,114,0.000547416
5,115,0.000630735
5,116,6.545E-05
5,117,0.000202912
5,118,0.001513306
5,119,0.001103049
5,120,0.000156791
5,121,0.000511437
5,122,1.83758E-05
5,123,8.28574E-05
5,124,0.00010504
5,125,0.000199043
5,126,6.0061E-05
5,127,4.92426E-05
5,128,4.08239E-05
5,129,3.00015E-05
5,130,2.31739E-05
5,131,2.21742E-05
5,132,4.81049E-06
5,133,1.72585E-30
5,134,9.87761E-31
5,135,1.5279E-30
5,136,6.4094E-31
5,137,6.42771E-31
5,138,3.92262E-30
5,139,2.64579E-30
5,140,5.63673E-30
5,141,9.18497E-30
5,142,5.99339E-30
5,143,1.26494E-30
5,144,8.86064E-31
5,145,1.03756E-30
5,146,1.32525E-30
5,147,1.7983E-30
5,148,3.04366E-30
5,149,3.56386E-30
5,150,1.94021E-30
5,151,1.03169E-30
5,152,5.89027E-31
5,153,2.48463E-30
5,154,1.66162E-30
5,155,2.10049E-30
5,156,1.62459E-30
5,157,1.5088E-30
5,158,1.10388E-30
5,159,9.28479E-31
5,160,1.54527E-30
5,161,1.48751E-30
5,162,1.75254E-30
5,163,9.97986E-31
5,164,1.43991E-30
5,165,1.14059E-30
5,166,6.3786E-30
5,167,8.65458E-30
5,168,2.59103E-30
5,169,3.28399E-30
5,170,4.24135E-30
5,171,2.38653E-30
5,172,3.05214E-30
5,173,2.1609E-30
5,174,1.24455E-30
5,175,1.23061E-30
5,176,1.45979E-30
5,177,1.52534E-30
5,178,3.68903E-29
5,179,2.8428E-30
5,180,1.91028E-30
5,181,8.90557E-31
5,182,3.3455E-31
5,183,5.01785E-31
5,184,5.08161E-31
5,185,8.33131E-31
5,186,2.67339E-31
5,187,4.18814E-31
5,188,4.13663E-31
5,189,5.01476E-30
5,190,1.45858E-29
5,191,1.07741E-30
5,192,4.48866E-31
5,193,4.64046E-31
5,194,1.4435E-30
5,195,4.44932E-31
5,196,5.37638E-31
5,197,2.02914E-30
5,198,6.31922E-31
5,199,6.73497E-31
6,0,1.11173E-30
6,1,1.00803E-30
6,2,2.94019E-30
6,3,7.46666E-31
6,4,1.26309E-30
6,5,2.45437E-31
6,6,2.21128E-31
6,7,2.21128E-31
6,8,2.8337E-31
6,9,5.66644E-31
6,10,9.07934E-31
6,11,1.06677E-30
6,12,1.93111E-30
6,13,8.14136E-31
6,14,8.63474E-31
6,15,8.54773E-31
6,16,3.14131E-30
6,17,4.37886E-30
6,18,8.31138E-30
6,19,6.8619E-30
6,20,3.31954E-30
6,21,3.26295E-30
6,22,3.76231E-30
6,23,4.69538E-30
6,24,4.6972E-30
6,25,3.76471E-30
6,26,3.84549E-30
6,27,3.98542E-30
6,28,3.7823E-30
6,29,4.41803E-30
6,30,3.83708E-30
6,31,3.56947E-30
6,32,3.78063E-30
6,33,4.02214E-30
6,34,3.2879E-30
6,35,3.72412E-30
6,36,5.42933E-30
6,37,5.23003E-30
6,38,4.80901E-30
6,39,3.75689E-30
6,40,3.82076E-30
6,41,3.69427E-30
6,42,4.09951E-30
6,43,5.16123E-30
6,44,4.72094E-30
6,45,3.41879E-30
6,46,2.98361E-30
6,47,5.11508E-30
6,48,5.32694E-30
6,49,3.64828E-30
6,50,5.69063E-30
6,51,7.69794E-30
6,52,4.35138E-30
6,53,3.97511E-30
6,54,5.23965E-30
6,55,4.88216E-30
6,56,5.0976E-30
6,57,6.2894E-30
6,58,5.76461E-30
6,59,2.75636E-30
6,60,3.42732E-30
6,61,3.17982E-30
6,62,3.95775E-30
6,63,1.05309E-29
6,64,8.47185E-06
6,65,1.47278E-05
6,66,3.22694E-05
6,67,4.5489E-05
6,68,8.96071E-05
6,69,5.89267E-05
6,70,0.000457416
6,71,0.000953791
6,72,0.000869876
6,73,3.71034E-05
6,74,0.000342449
6,75,0.000314979
6,76,5.77678E-05
6,77,7.2593E-05
6,78,0.000476847
6,79,0.000190163
6,80,0.000786185
6,81,0.002315504
6,82,0.000851301
6,83,0.000734026
6,84,0.001355025
6,85,0.002382351
6,86,0.001257076
6,87,0.000407063
6,88,0.001051865
6,89,0.002304878
6,90,0.001114926
6,91,0.001771669
6,92,0.003614513
6,93,0.00757204
6,94,0.008757773
6,95,0.007312448
6,96,0.011416103
6,97,0.00925875
6,98,0.028578708
6,99,0.391644563
6,100,0.442402601
6,101,0.036028161
6,102,0.022318439
6,103,0.013100052
6,104,0.008914745
6,105,0.001829246
6,106,0.002767188
6,107,0.002694345
6,108,0.002299276
6,109,0.002284584
6,110,0.00087815
6,111,0.00033284
6,112,0.002340402
6,113,0.000120272
6,114,0.000342424
6,115,0.000225084
6,116,0.000180069
6,117,0.000814518
6,118,0.001132749
6,119,0.000149971
6,120,0.001108905
6,121,0.001163673
6,122,0.000114112
6,123,0.000624822
6,124,0.000213489
6,125,3.70611E-05
6,126,0.000387993
6,127,3.97946E-05
6,128,0.000154249
6,129,0.000108168
6,130,0.000129184
6,131,0.000153506
6,132,0.00038868
6,133,7.43562E-05
6,134,7.88015E-05
6,135,1.33964E-05
6,136,2.93708E-30
6,137,2.4574E-30
6,138,1.79993E-30
6,139,6.23894E-30
6,140,1.03738E-29
6,141,3.41979E-30
6,142,5.81874E-30
6,143,1.46328E-30
6,144,1.84599E-30
6,145,2.88202E-30
6,146,2.43784E-30
6,147,3.08655E-30
6,148,1.95508E-30
6,149,3.38126E-30
6,150,1.72894E-30
6,151,9.79245E-31
6,152,3.25905E-30
6,153,2.63454E-30
6,154,3.13489E-30
6,155,2.24412E-30
6,156,1.7579E-30
6,157,1.80338E-30
6,158,1.67762E-30
6,159,1.89163E-30
6,160,1.92036E-30
6,161,2.27411E-30
6,162,3.14966E-30
6,163,3.18178E-30
6,164,2.91597E-30
6,165,8.6451E-30
6,166,7.26877E-30
6,167,9.7387E-31
6,168,1.25587E-30
6,169,1.95442E-30
6,170,2.51718E-30
6,171,2.54819E-30
6,172,1.86787E-30
6,173,2.44239E-30
6,174,1.74105E-30
6,175,8.18918E-31
6,176,9.38337E-31
6,177,1.72395E-30
6,178,3.69515E-29
6,179,2.171E-30
6,180,4.15299E-31
6,181,5.59827E-31
6,182,6.04546E-31
6,183,1.07878E-30
6,184,8.89106E-31
6,185,9.90065E-31
6,186,5.2321E-31
6,187,8.21482E-31
6,188,5.52573E-31
6,189,1.92254E-29
6,190,8.93139E-31
6,191,2.61601E-31
6,192,1.68598E-31
6,193,2.32794E-31
6,194,1.68898E-30
6,195,9.08014E-31
6,196,1.08289E-30
6,197,1.68174E-30
6,198,2.22081E-31
6,199,2.37914E-30
7,0,2.67044E-30
7,1,2.86733E-30
7,2,5.15035E-30
7,3,3.06873E-30
7,4,3.73256E-30
7,5,3.04292E-30
7,6,2.8642E-30
7,7,2.44449E-30
7,8,2.44449E-30
7,9,2.44449E-30
7,10,2.69241E-30
7,11,2.81102E-30
7,12,3.54889E-30
7,13,4.10962E-30
7,14,3.04792E-30
7,15,3.26521E-30
7,16,2.76056E-30
7,17,3.03954E-30
7,18,8.79208E-31
7,19,2.60748E-30
7,20,5.78817E-30
7,21,1.44068E-30
7,22,4.83903E-31
7,23,7.30358E-31
7,24,9.05651E-31
7,25,1.57103E-30
7,26,1.53891E-30
7,27,7.14641E-31
7,28,7.70606E-31
7,29,1.27522E-30
7,30,9.92968E-31
7,31,9.81369E-31
7,32,4.54526E-31
7,33,5.24426E-31
7,34,1.13174E-30
7,35,3.46385E-31
7,36,1.14143E-30
7,37,2.44626E-30
7,38,1.75475E-30
7,39,2.61129E-30
7,40,1.71689E-30
7,41,5.9524E-30
7,42,6.34883E-30
7,43,5.8916E-30
7,44,6.83003E-30
7,45,7.56651E-30
7,46,4.50038E-30
7,47,4.95845E-30
7,48,3.44808E-30
7,49,2.47495E-30
7,50,2.81755E-30
7,51,5.02209E-30
7,52,2.85659E-30
7,53,3.58284E-30
7,54,3.63844E-30
7,55,3.63854E-30
7,56,2.25E-30
7,57,4.41509E-30
7,58,4.83174E-30
7,59,2.39336E-30
7,60,1.86553E-07
7,61,7.14025E-06
7,62,1.10707E-05
7,63,1.04629E-05
7,64,1.47912E-05
7,65,4.40068E-05
7,66,3.40518E-05
7,67,2.11361E-05
7,68,0.000392169
7,69,0.000342593
7,70,9.65521E-05
7,71,0.00091336
7,72,0.000921455
7,73,0.000587939
7,74,0.000277246
7,75,0.000602831
7,76,8.65568E-05
7,77,9.20761E-05
7,78,0.000754378
7,79,0.000427906
7,80,0.000529523
7,81,0.001298914
7,82,0.000353747
7,83,0.00098541
7,84,0.000864689
7,85,0.000971997
7,86,0.001725679
7,87,0.002145044
7,88,0.00173551
7,89,0.001808344
7,90,0.002268671
7,91,0.001510962
7,92,0.00602322
7,93,0.004480732
7,94,0.004392428
7,95,0.008577626
7,96,0.009955653
7,97,0.015100203
7,98,0.028435518
7,99,0.391537368
7,100,0.439604684
7,101,0.029863852
7,102,0.014589444
7,103,0.010888876
7,104,0.006037635
7,105,0.00308387
7,106,0.002196999
7,107,0.002435796
7,108,0.001473697
7,109,0.001314514
7,110,0.002078212
7,111,0.000642458
7,112,0.00085594
7,113,0.00071789
7,114,0.00039449
7,115,0.000159415
7,116,0.00193154
7,117,0.000690753
7,118,0.001043722
7,119,0.001108868
7,120,0.000668221
7,121,9.05408E-05
7,122,0.000456329
7,123,6.69186E-05
7,124,6.10123E-05
7,125,0.000219765
7,126,0.000277488
7,127,5.542E-05
7,128,6.68823E-05
7,129,2.86238E-05
7,130,7.15986E-05
7,131,0.000245732
7,132,0.000175173
7,133,1.97417E-05
7,134,2.2272E-05
7,135,1.26269E-05
7,136,1.12128E-05
7,137,6.1024E-06
7,138,2.72539E-06
7,139,1.061E-29
7,140,5.99296E-30
7,141,7.58804E-30
7,142,2.45326E-30
7,143,1.72053E-30
7,144,1.08971E-30
7,145,1.90515E-30
7,146,2.70125E-30
7,147,1.39233E-30
7,148,1.52002E-30
7,149,4.67503E-30
7,150,1.49438E-30
7,151,3.75443E-30
7,152,3.15469E-30
7,153,1.69744E-30
7,154,2.70143E-30
7,155,1.74922E-30
7,156,1.3991E-30
7,157,4.56469E-30
7,158,4.15579E-30
7,159,4.2806E-30
7,160,4.26189E-30
7,161,3.02254E-30
7,162,1.18526E-30
7,163,2.61047E-30
7,164,8.15733E-30
7,165,3.56883E-30
7,166,2.88249E-30
7,167,1.0363E-30
7,168,1.15778E-30
7,169,3.36056E-30
7,170,1.94302E-30
7,171,1.68325E-30
7,172,2.66642E-30
7,173,1.21606E-30
7,174,4.24924E-31
7,175,9.11735E-31
7,176,1.4368E-30
7,177,4.00168E-30
7,178,3.56466E-29
7,179,1.43426E-30
7,180,8.79733E-31
7,181,5.97331E-31
7,182,9.85265E-31
7,183,9.33338E-31
7,184,8.69425E-31
7,185,6.02212E-31
7,186,9.1201E-31
7,187,9.45279E-31
7,188,2.95929E-30
7,189,1.77717E-29
7,190,6.86466E-31
7,191,9.09954E-31
7,192,1.18035E-30
7,193,2.19911E-30
7,194,1.00304E-30
7,195,9.83723E-31
7,196,2.20688E-30
7,197,6.23758E-31
7,198,3.19514E-30
7,199,1.64436E-30
8,0,7.78667E-31
8,1,5.31431E-31
8,2,1.81184E-30
8,3,1.41791E-30
8,4,1.06779E-30
8,5,1.38794E-30
8,6,6.2837E-31
8,7,6.51608E-31
8,8,6.11613E-31
8,9,4.08123E-31
8,10,4.7301E-31
8,11,3.23271E-31
8,12,2.06612E-31
8,13,1.28643E-30
8,14,2.21243E-30
8,15,8.09502E-31
8,16,6.81537E-31
8,17,1.90767E-30
8,18,2.56734E-30
8,19,6.06629E-31
8,20,1.14204E-30
8,21,4.50499E-30
8,22,4.62618E-30
8,23,5.40512E-31
8,24,9.94368E-31
8,25,5.70875E-31
8,26,1.27152E-30
8,27,1.98643E-30
8,28,1.54884E-30
8,29,3.53591E-32
8,30,1.15139E-30
8,31,6.00187E-31
8,32,1.03723E-30
8,33,6.65787E-31
8,34,1.72444E-31
8,35,9.26936E-31
8,36,4.12793E-31
8,37,1.66977E-30
8,38,6.5974E-31
8,39,7.32223E-31
8,40,2.08794E-30
8,41,1.59927E-30
8,42,9.10897E-31
8,43,1.66371E-30
8,44,9.79106E-31
8,45,1.48008E-30
8,46,4.97726E-30
8,47,5.90175E-30
8,48,5.57806E-30
8,49,5.26643E-30
8,50,5.90114E-30
8,51,8.51066E-30
8,52,5.55785E-30
8,53,2.88759E-30
8,54,2.14219E-30
8,55,3.80745E-30
8,56,5.11834E-30
8,57,5.77647E-30
8,58,5.76523E-30
8,59,2.62891E-30
8,60,8.29813E-06
8,61,1.27188E-05
8,62,2.22333E-05
8,63,3.26602E-05
8,64,2.22808E-05
8,65,2.6673E-05
8,66,0.000413642
8,67,0.000772369
8,68,0.000501642
8,69,0.000242931
8,70,0.000216915
8,71,0.000364018
8,72,0.000992279
8,73,0.000128721
8,74,8.77575E-05
8,75,8.76038E-05
8,76,0.000145605
8,77,0.000280309
8,78,0.000415132
8,79,0.00123747
8,80,0.000961735
8,81,0.002525968
8,82,0.001749657
8,83,0.000188981
8,84,0.001616851
8,85,0.003345734
8,86,0.003396108
8,87,0.000867376
8,88,0.000865733
8,89,0.000913034
8,90,0.001548641
8,91,0.001481536
8,92,0.004082862
8,93,0.003537411
8,94,0.003406782
8,95,0.007567661
8,96,0.01387651
8,97,0.012021556
8,98,0.035516454
8,99,0.393080147
8,100,0.431904341
8,101,0.037528396
8,102,0.019368882
8,103,0.0148607
8,104,0.004713678
8,105,0.005211874
8,106,0.004131638
8,107,0.002512909
8,108,0.001643523
8,109,0.004166355
8,110,0.002694976
8,111,0.002359542
8,112,0.000981714
8,113,0.000878791
8,114,0.000231465
8,115,0.000378979
8,116,0.000905417
8,117,0.000947661
8,118,0.001284284
8,119,0.000346762
8,120,0.000143047
8,121,0.000685055
8,122,0.000442416
8,123,0.000279369
8,124,0.001089833
8,125,0.000858372
8,126,0.000159378
8,127,7.0425E-05
8,128,6.38084E-05
8,129,0.000246971
8,130,0.000300744
8,131,0.001282873
8,132,4.28034E-05
8,133,5.3913E-05
8,134,2.51743E-05
8,135,2.43993E-05
8,136,2.14633E-05
8,137,2.86292E-05
8,138,2.18571E-05
8,139,1.06721E-05
8,140,6.12615E-30
8,141,8.01051E-30
8,142,1.24789E-30
8,143,1.01394E-30
8,144,2.15758E-30
8,145,3.98599E-30
8,146,2.28627E-30
8,147,2.34764E-30
8,148,3.62642E-30
8,149,3.93056E-30
8,150,2.53467E-30
8,151,2.97292E-30
8,152,3.41808E-30
8,153,5.18338E-30
8,154,3.18191E-30
8,155,4.02184E-30
8,156,4.45982E-30
8,157,1.77159E-30
8,158,1.54703E-30
8,159,1.03536E-30
8,160,7.07991E-31
8,161,4.99414E-31
8,162,4.33266E-30
8,163,7.21845E-30
8,164,1.16844E-30
8,165,2.44292E-30
8,166,2.22707E-31
8,167,9.7384E-31
8,168,2.47031E-30
8,169,2.46345E-30
8,170,1.36846E-30
8,171,2.92275E-30
8,172,1.59492E-30
8,173,1.42807E-30
8,174,1.18694E-30
8,175,9.48601E-31
8,176,4.74067E-30
8,177,1.26599E-30
8,178,3.55544E-29
8,179,5.5046E-31
8,180,7.19348E-31
8,181,1.25975E-30
8,182,7.31346E-31
8,183,8.00735E-31
8,184,1.21043E-30
8,185,1.03981E-30
8,186,1.3098E-30
8,187,2.64402E-30
8,188,1.31353E-29
8,189,5.47036E-30
8,190,7.99357E-31
8,191,3.36294E-31
8,192,3.86599E-31
8,193,1.44942E-30
8,194,4.20638E-31
8,195,5.05173E-31
8,196,2.31848E-30
8,197,3.16138E-30
8,198,6.80392E-31
8,199,3.4703E-31
9,0,6.68992E-30
9,1,9.34539E-31
9,2,7.87121E-31
9,3,2.46498E-30
9,4,9.36282E-31
9,5,2.16062E-30
9,6,9.25279E-31
9,7,7.29487E-31
9,8,5.91097E-31
9,9,7.05372E-31
9,10,6.34414E-31
9,11,8.11139E-31
9,12,4.96172E-31
9,13,4.96172E-31
9,14,1.22999E-30
9,15,2.63382E-30
9,16,8.07357E-31
9,17,6.40093E-31
9,18,2.64766E-30
9,19,2.41717E-30
9,20,5.07065E-31
9,21,1.41462E-30
9,22,1.40815E-30
9,23,5.69082E-30
9,24,2.79951E-30
9,25,1.61857E-30
9,26,9.17469E-31
9,27,1.03009E-30
9,28,2.02187E-30
9,29,2.57747E-30
9,30,1.23138E-30
9,31,1.8164E-30
9,32,1.14715E-30
9,33,1.55698E-30
9,34,1.68513E-30
9,35,1.12054E-30
9,36,1.61598E-30
9,37,2.9363E-30
9,38,1.08243E-30
9,39,1.68427E-30
9,40,1.84128E-30
9,41,2.7306E-30
9,42,2.99383E-30
9,43,1.83986E-30
9,44,2.20847E-30
9,45,2.46087E-30
9,46,4.65611E-30
9,47,3.08732E-30
9,48,2.96007E-30
9,49,1.4792E-30
9,50,2.18916E-30
9,51,1.73628E-30
9,52,4.75364E-30
9,53,4.79916E-30
9,54,5.4096E-30
9,55,5.56657E-30
9,56,6.25758E-30
9,57,2.6459E-05
9,58,1.64381E-05
9,59,1.51697E-05
9,60,1.84619E-05
9,61,2.11935E-05
9,62,1.13811E-05
9,63,1.91262E-05
9,64,2.58139E-05
9,65,1.58499E-05
9,66,0.000406914
9,67,0.000457571
9,68,4.181E-05
9,69,0.000590899
9,70,4.067E-05
9,71,5.75776E-05
9,72,0.000290999
9,73,0.000193394
9,74,7.59273E-05
9,75,8.33814E-05
9,76,7.86755E-05
9,77,0.000433158
9,78,0.000323374
9,79,0.000553845
9,80,0.001900983
9,81,0.001839955
9,82,0.001186634
9,83,0.000248349
9,84,0.000339415
9,85,0.000729179
9,86,0.001675582
9,87,0.001155205
9,88,0.001466986
9,89,0.000468646
9,90,0.001207454
9,91,0.000856811
9,92,0.003458802
9,93,0.005608853
9,94,0.005266481
9,95,0.006008198
9,96,0.010873051
9,97,0.018936623
9,98,0.035682509
9,99,0.385115066
9,100,0.42467829
9,101,0.036129693
9,102,0.022489376
9,103,0.011168925
9,104,0.006891289
9,105,0.0043486
9,106,0.004275846
9,107,0.001620263
9,108,0.00268222
9,109,0.001617691
9,110,0.001550542
9,111,0.000900604
9,112,0.000308177
9,113,0.000471456
9,114,0.000405868
9,115,0.00028787
9,116,0.000742354
9,117,0.000837773
9,118,0.0001704
9,119,0.000375111
9,120,0.000372648
9,121,0.000941945
9,122,0.000990083
9,123,0.001313429
9,124,0.000213103
9,125,0.000432644
9,126,0.00122294
9,127,0.000399571
9,128,0.000251003
9,129,0.000246367
9,130,0.000268906
9,131,0.000127667
9,132,8.0975E-05
9,133,8.04017E-05
9,134,5.90135E-05
9,135,3.3396E-05
9,136,4.22544E-05
9,137,3.94653E-05
9,138,4.61238E-05
9,139,1.60307E-05
9,140,2.42937E-05
9,141,1.46364E-05
9,142,4.64342E-06
9,143,6.73191E-07
9,144,3.35797E-30
9,145,1.70729E-30
9,146,1.00228E-30
9,147,3.0518E-30
9,148,6.31027E-30
9,149,4.86265E-30
9,150,5.48779E-30
9,151,3.95697E-30
9,152,1.82254E-30
9,153,2.57647E-30
9,154,1.52685E-30
9,155,1.55728E-30
9,156,1.19188E-30
9,157,8.63785E-31
9,158,5.78651E-31
9,159,1.1986E-30
9,160,1.10351E-30
9,161,6.5343E-30
9,162,4.80413E-30
9,163,4.834E-31
9,164,7.35116E-31
9,165,2.26187E-30
9,166,2.08711E-30
9,167,2.50587E-30
9,168,1.37972E-30
9,169,2.44117E-30
9,170,1.51154E-30
9,171,1.62887E-30
9,172,7.69637E-31
9,173,5.2674E-31
9,174,3.88115E-31
9,175,4.86947E-30
9,176,1.04969E-30
9,177,4.33338E-31
9,178,3.56692E-29
9,179,1.22884E-30
9,180,1.21825E-30
9,181,4.43614E-31
9,182,6.47167E-31
9,183,1.48137E-30
9,184,3.80317E-31
9,185,1.32896E-30
9,186,2.46142E-30
9,187,5.71806E-31
9,188,1.68929E-29
9,189,8.14111E-31
9,190,4.2151E-31
9,191,4.93831E-31
9,192,5.84195E-31
9,193,1.3734E-30
9,194,5.71297E-31
9,195,9.36511E-31
9,196,4.19415E-30
9,197,2.29621E-31
9,198,1.03809E-30
9,199,1.36462E-30
10,0,7.72332E-30
10,1,6.3708E-31
10,2,1.09566E-30
10,3,3.27486E-30
10,4,9.35026E-31
10,5,1.55006E-30
10,6,9.62747E-31
10,7,1.12289E-30
10,8,1.066E-30
10,9,8.46363E-31
10,10,5.59199E-31
10,11,8.18E-31
10,12,8.80353E-31
10,13,6.0988E-31
10,14,6.0988E-31
10,15,1.93169E-30
10,16,2.19166E-30
10,17,1.19747E-30
10,18,1.98831E-30
10,19,2.38866E-30
10,20,1.706E-30
10,21,9.75265E-31
10,22,1.08485E-30
10,23,9.33131E-32
10,24,3.10424E-30
10,25,4.98937E-30
10,26,9.86587E-31
10,27,1.01596E-30
10,28,7.87028E-31
10,29,1.35839E-30
10,30,1.83141E-30
10,31,1.95884E-30
10,32,1.7053E-30
10,33,7.11391E-31
10,34,1.15069E-30
10,35,1.63468E-30
10,36,1.34641E-30
10,37,2.97876E-30
10,38,1.13177E-30
10,39,3.82912E-31
10,40,1.0627E-30
10,41,4.79462E-31
10,42,9.1214E-31
10,43,1.83204E-30
10,44,1.00603E-30
10,45,1.69785E-30
10,46,3.9519E-30
10,47,1.10299E-30
10,48,3.38098E-30
10,49,2.30803E-30
10,50,2.40089E-30
10,51,1.41223E-30
10,52,4.54977E-30
10,53,1.43989E-30
10,54,3.03849E-30
10,55,4.06103E-06
10,56,1.47447E-05
10,57,2.36594E-05
10,58,2.42691E-05
10,59,0.000159599
10,60,4.99532E-05
10,61,0.000250496
10,62,2.44777E-05
10,63,2.07196E-05
10,64,4.95544E-05
10,65,3.72165E-05
10,66,2.91175E-05
10,67,0.000330638
10,68,0.000277694
10,69,4.94461E-05
10,70,7.09837E-05
10,71,5.71818E-05
10,72,6.73866E-05
10,73,0.000122374
10,74,8.14321E-05
10,75,9.23122E-05
10,76,0.000244666
10,77,0.000379257
10,78,0.001341638
10,79,0.000209227
10,80,0.00050058
10,81,0.001487301
10,82,0.001797886
10,83,0.001046835
10,84,0.001200557
10,85,0.000883155
10,86,0.000731161
10,87,0.001368765
10,88,0.002813877
10,89,0.003743233
10,90,0.004127006
10,91,0.001561011
10,92,0.002446982
10,93,0.002608306
10,94,0.003525654
10,95,0.005942707
10,96,0.010659704
10,97,0.020729781
10,98,0.038832872
10,99,0.412027157
10,100,0.414012579
10,101,0.041646133
10,102,0.019822731
10,103,0.011422852
10,104,0.006453288
10,105,0.007631959
10,106,0.003795788
10,107,0.001516354
10,108,0.001801448
10,109,0.001292889
10,110,0.001047875
10,111,0.001948951
10,112,0.000778194
10,113,0.001217777
10,114,0.000301269
10,115,0.000265577
10,116,0.000207139
10,117,0.000477971
10,118,0.000422557
10,119,0.000983571
10,120,0.003216273
10,121,0.000487798
10,122,0.001249546
10,123,0.001206895
10,124,0.000558125
10,125,0.000149043
10,126,7.75713E-05
10,127,0.000224269
10,128,0.000933544
10,129,0.000153551
10,130,7.13657E-05
10,131,6.97925E-05
10,132,0.00045912
10,133,0.000182865
10,134,7.67601E-05
10,135,3.92806E-05
10,136,3.5467E-05
10,137,0.000557998
10,138,0.000720622
10,139,7.98197E-05
10,140,0.00277761
10,141,1.28015E-05
10,142,5.56299E-05
10,143,1.36722E-05
10,144,3.26597E-06
10,145,3.99316E-30
10,146,4.6578E-30
10,147,3.33434E-30
10,148,1.21241E-30
10,149,3.89709E-30
10,150,2.23842E-30
10,151,1.25573E-30
10,152,1.92483E-30
10,153,1.15207E-30
10,154,8.03363E-31
10,155,1.41929E-30
10,156,1.89227E-30
10,157,1.66302E-30
10,158,1.59082E-30
10,159,1.19166E-30
10,160,7.85105E-30
10,161,2.49641E-30
10,162,3.67182E-31
10,163,4.87532E-31
10,164,2.32897E-30
10,165,2.1297E-30
10,166,1.40303E-30
10,167,9.73743E-31
10,168,6.08386E-31
10,169,2.06238E-30
10,170,1.9392E-30
10,171,5.87495E-31
10,172,9.87379E-31
10,173,4.64646E-31
10,174,4.47258E-30
10,175,1.33195E-30
10,176,3.95444E-31
10,177,1.13629E-30
10,178,3.48881E-29
10,179,7.75667E-31
10,180,3.19335E-31
10,181,6.57139E-31
10,182,1.05733E-30
10,183,1.43395E-30
10,184,2.0099E-30
10,185,2.24252E-30
10,186,4.88203E-31
10,187,4.7241E-30
10,188,1.30935E-29
10,189,1.57606E-30
10,190,1.37864E-30
10,191,1.79379E-30
10,192,1.77447E-30
10,193,2.52302E-30
10,194,2.76125E-30
10,195,5.0649E-30
10,196,1.75071E-30
10,197,1.77208E-30
10,198,1.36366E-30
10,199,6.37083E-31
11,0,5.12643E-30
11,1,1.96557E-30
11,2,0
11,3,2.12689E-30
11,4,4.79083E-31
11,5,6.62477E-31
11,6,1.54477E-30
11,7,8.85502E-31
11,8,6.47405E-31
11,9,8.67059E-31
11,10,1.01566E-30
11,11,5.29144E-31
11,12,7.48506E-31
11,13,6.82247E-31
11,14,4.11469E-31
11,15,3.45058E-31
11,16,1.54497E-30
11,17,1.53235E-30
11,18,1.31642E-30
11,19,2.5466E-30
11,20,4.21517E-30
11,21,2.14071E-30
11,22,2.41939E-30
11,23,2.46039E-30
11,24,1.35167E-30
11,25,1.45727E-30
11,26,6.29302E-30
11,27,4.62049E-30
11,28,1.15544E-30
11,29,1.37475E-30
11,30,1.77549E-30
11,31,1.9621E-30
11,32,2.52686E-30
11,33,2.0513E-30
11,34,1.30063E-30
11,35,9.92927E-31
11,36,1.34597E-30
11,37,1.92085E-30
11,38,3.66289E-30
11,39,2.12641E-30
11,40,1.84256E-30
11,41,1.99482E-30
11,42,1.36935E-30
11,43,1.44884E-30
11,44,2.60617E-30
11,45,4.39485E-30
11,46,2.37163E-30
11,47,1.71757E-30
11,48,1.94184E-30
11,49,1.39295E-30
11,50,2.83737E-30
11,51,1.49399E-30
11,52,3.87532E-30
11,53,6.2038E-31
11,54,2.62145E-06
11,55,7.82094E-06
11,56,4.97238E-06
11,57,8.61166E-05
11,58,4.47722E-05
11,59,1.41657E-05
11,60,1.84079E-05
11,61,3.23449E-05
11,62,9.53491E-05
11,63,4.14235E-05
11,64,2.77914E-05
11,65,6.0109E-05
11,66,5.69636E-05
11,67,9.77987E-05
11,68,0.000562195
11,69,8.22075E-05
11,70,0.000101605
11,71,0.000111109
11,72,0.000123226
11,73,8.37819E-05
11,74,5.12901E-05
11,75,0.001146509
11,76,0.000886574
11,77,0.000339932
11,78,0.000147892
11,79,0.000181056
11,80,0.000112348
11,81,0.000178336
11,82,0.000859769
11,83,0.001382128
11,84,0.000932856
11,85,0.001385452
11,86,0.000425556
11,87,0.0014041
11,88,0.003302778
11,89,0.003176314
11,90,0.004077253
11,91,0.002050349
11,92,0.003942936
11,93,0.007319962
11,94,0.004971605
11,95,0.008889007
11,96,0.014860184
11,97,0.023477231
11,98,0.040449055
11,99,0.388164701
11,100,0.407407636
11,101,0.04017529
11,102,0.017608561
11,103,0.011716951
11,104,0.0089548
11,105,0.007977662
11,106,0.005101263
11,107,0.005265444
11,108,0.002533049
11,109,0.001339152
11,110,0.003361321
11,111,0.001634194
11,112,0.003104382
11,113,0.00172485
11,114,0.000413388
11,115,0.000137888
11,116,0.000209722
11,117,0.001027945
11,118,0.000870297
11,119,0.000733925
11,120,0.001604729
11,121,0.002124861
11,122,0.000629647
11,123,0.001954793
11,124,0.000207113
11,125,0.000110004
11,126,9.16705E-05
11,127,0.000161818
11,128,0.000472342
11,129,0.000134646
11,130,5.95587E-05
11,131,0.000313156
11,132,0.00122963
11,133,0.000430129
11,134,6.33873E-05
11,135,0.000488529
11,136,0.000118542
11,137,9.5743E-05
11,138,4.33769E-05
11,139,0.000944102
11,140,0.000578234
11,141,0.000332418
11,142,6.71438E-06
11,143,7.98484E-06
11,144,1.18685E-30
11,145,6.77838E-06
11,146,1.52066E-30
11,147,2.81364E-30
11,148,2.15424E-30
11,149,4.83948E-30
11,150,1.36362E-30
11,151,1.14716E-30
11,152,2.77011E-30
11,153,1.79309E-30
11,154,2.17412E-30
11,155,2.50664E-30
11,156,2.24363E-30
11,157,1.17884E-30
11,158,3.06333E-30
11,159,7.70707E-30
11,160,6.80799E-31
11,161,8.7737E-31
11,162,1.07983E-30
11,163,1.30787E-30
11,164,4.89769E-30
11,165,1.87605E-30
11,166,1.71146E-30
11,167,1.37894E-30
11,168,1.40657E-30
11,169,2.71426E-30
11,170,8.2563E-31
11,171,7.3707E-31
11,172,5.84051E-31
11,173,3.88218E-30
11,174,2.24807E-30
11,175,7.96945E-31
11,176,7.27459E-31
11,177,1.68479E-30
11,178,3.60062E-29
11,179,2.17093E-30
11,180,2.15047E-30
11,181,1.81267E-30
11,182,1.91605E-30
11,183,2.26353E-30
11,184,2.78671E-30
11,185,1.45016E-30
11,186,1.37149E-30
11,187,1.78785E-29
11,188,8.6904E-31
11,189,9.80533E-31
11,190,1.04852E-30
11,191,1.00036E-30
11,192,1.78636E-30
11,193,2.12596E-30
11,194,2.00381E-30
11,195,1.96755E-30
11,196,5.29212E-32
11,197,1.64748E-31
11,198,3.52729E-32
11,199,0
12,0,1.08749E-30
12,1,7.83558E-30
12,2,7.43572E-31
12,3,9.21072E-31
12,4,2.62679E-30
12,5,1.10818E-30
12,6,2.07197E-30
12,7,1.33455E-30
12,8,1.6339E-30
12,9,1.83646E-30
12,10,1.75481E-30
12,11,1.91826E-30
12,12,1.90386E-30
12,13,1.55499E-30
12,14,1.70256E-30
12,15,2.19384E-30
12,16,2.14965E-30
12,17,2.58553E-30
12,18,1.74174E-30
12,19,1.86506E-30
12,20,1.19665E-30
12,21,2.94515E-30
12,22,1.48673E-30
12,23,1.6085E-30
12,24,1.90602E-30
12,25,1.08327E-30
12,26,5.70132E-31
12,27,3.11642E-30
12,28,5.64711E-30
12,29,1.93738E-30
12,30,7.10423E-31
12,31,7.07248E-31
12,32,1.31061E-30
12,33,2.36609E-30
12,34,1.22776E-30
12,35,1.525E-30
12,36,1.09591E-30
12,37,1.18275E-30
12,38,2.05414E-30
12,39,1.53805E-30
12,40,2.29185E-30
12,41,1.31764E-30
12,42,1.85792E-30
12,43,1.05915E-30
12,44,7.96903E-31
12,45,3.74087E-30
12,46,1.39347E-30
12,47,1.42449E-30
12,48,2.10039E-30
12,49,9.30957E-31
12,50,1.97008E-30
12,51,4.31905E-06
12,52,6.77667E-06
12,53,1.45555E-30
12,54,1.67018E-06
12,55,7.14837E-06
12,56,1.76955E-05
12,57,2.9874E-05
12,58,6.08355E-05
12,59,0.000151296
12,60,0.000187856
12,61,8.28128E-05
12,62,0.000179962
12,63,9.5381E-05
12,64,8.02384E-05
12,65,0.000101169
12,66,6.54546E-05
12,67,0.000474121
12,68,0.000131133
12,69,5.42768E-05
12,70,2.29429E-05
12,71,4.22782E-05
12,72,0.00018523
12,73,5.26313E-05
12,74,0.000208876
12,75,0.000792999
12,76,8.74243E-05
12,77,0.000614709
12,78,0.000466572
12,79,0.000465514
12,80,0.000673396
12,81,0.001124629
12,82,0.000755869
12,83,0.00231958
12,84,0.001837193
12,85,0.00135992
12,86,0.001358266
12,87,0.003198756
12,88,0.001823105
12,89,0.001533988
12,90,0.003739364
12,91,0.001844356
12,92,0.003409955
12,93,0.00230942
12,94,0.005619326
12,95,0.006521099
12,96,0.010943986
12,97,0.021611011
12,98,0.0432006
12,99,0.376620731
12,100,0.402171155
12,101,0.041199307
12,102,0.019280019
12,103,0.013912261
12,104,0.010384037
12,105,0.007618033
12,106,0.005434313
12,107,0.007290008
12,108,0.002068494
12,109,0.002743126
12,110,0.00221339
12,111,0.001579217
12,112,0.00140302
12,113,0.001191
12,114,0.000829226
12,115,0.001567154
12,116,0.001041337
12,117,0.000957356
12,118,0.003055868
12,119,0.001460124
12,120,0.000190835
12,121,0.000518902
12,122,0.000448693
12,123,0.000260975
12,124,0.000212254
12,125,0.000248364
12,126,0.000157269
12,127,0.000581336
12,128,0.000404189
12,129,0.000362865
12,130,0.000114098
12,131,0.000684123
12,132,0.000987197
12,133,0.000176028
12,134,0.000158634
12,135,0.001098657
12,136,0.000402923
12,137,0.00034271
12,138,0.000290157
12,139,0.000117738
12,140,0.000583277
12,141,0.000420328
12,142,0.00036848
12,143,0.000644605
12,144,3.34103E-05
12,145,9.0495E-06
12,146,7.42426E-06
12,147,9.67033E-06
12,148,4.27242E-30
12,149,2.60755E-30
12,150,1.62786E-30
12,151,3.04161E-30
12,152,2.36428E-30
12,153,1.58005E-30
12,154,9.55438E-31
12,155,1.43348E-30
12,156,1.79229E-30
12,157,4.91126E-30
12,158,5.85532E-30
12,159,1.22177E-30
12,160,1.22839E-30
12,161,1.25009E-30
12,162,1.93462E-30
12,163,4.17764E-30
12,164,1.71065E-30
12,165,1.15987E-30
12,166,1.15128E-30
12,167,1.04948E-30
12,168,2.09883E-30
12,169,3.9048E-30
12,170,2.20526E-30
12,171,2.49895E-30
12,172,4.378E-30
12,173,3.86043E-30
12,174,1.3391E-30
12,175,1.44948E-30
12,176,2.43687E-30
12,177,2.37853E-30
12,178,3.55213E-29
12,179,2.90536E-31
12,180,1.9807E-31
12,181,6.28471E-31
12,182,1.57592E-30
12,183,1.97876E-30
12,184,4.70467E-31
12,185,2.52094E-31
12,186,4.18883E-31
12,187,1.69259E-29
12,188,4.18883E-31
12,189,1.16012E-30
12,190,4.39309E-31
12,191,0
12,192,2.7615E-30
12,193,1.3431E-30
12,194,0
12,195,1.58448E-30
12,196,0
12,197,2.08718E-31
12,198,1.96147E-31
12,199,1.96147E-31
13,0,3.14554E-30
13,1,8.88277E-30
13,2,6.70162E-31
13,3,4.70215E-31
13,4,2.40162E-30
13,5,5.73144E-31
13,6,1.64969E-30
13,7,8.44264E-31
13,8,6.2134E-31
13,9,5.62227E-31
13,10,7.11176E-31
13,11,1.10135E-30
13,12,9.97227E-31
13,13,1.10973E-30
13,14,5.12959E-31
13,15,2.7E-31
13,16,7.66594E-31
13,17,8.38978E-31
13,18,1.79639E-30
13,19,1.76368E-30
13,20,1.79642E-30
13,21,2.39392E-30
13,22,1.95473E-30
13,23,1.38099E-30
13,24,1.75715E-30
13,25,1.70828E-30
13,26,1.65616E-30
13,27,1.24528E-30
13,28,1.94868E-30
13,29,5.15583E-30
13,30,5.17987E-30
13,31,1.49668E-30
13,32,1.21216E-30
13,33,1.48942E-30
13,34,2.51232E-30
13,35,1.36505E-30
13,36,1.59236E-30
13,37,2.77805E-30
13,38,2.91943E-30
13,39,1.13175E-30
13,40,1.51261E-30
13,41,2.4844E-30
13,42,2.16591E-30
13,43,2.38511E-30
13,44,3.46803E-30
13,45,2.15811E-30
13,46,1.73595E-30
13,47,2.7629E-30
13,48,3.1087E-30
13,49,6.20123E-06
13,50,1.15372E-05
13,51,1.63262E-05
13,52,3.64543E-05
13,53,1.557E-05
13,54,3.81723E-05
13,55,2.73974E-05
13,56,2.0472E-05
13,57,4.56571E-05
13,58,3.08064E-05
13,59,4.89802E-05
13,60,4.78829E-05
13,61,9.56917E-05
13,62,9.9385E-05
13,63,4.00705E-05
13,64,0.000494877
13,65,6.26485E-05
13,66,0.000121004
13,67,0.000377258
13,68,0.000793426
13,69,0.000259965
13,70,9.00428E-05
13,71,0.000428467
13,72,0.000780576
13,73,0.00021388
13,74,0.000401611
13,75,0.000809687
13,76,0.000991225
13,77,0.000448129
13,78,0.000724612
13,79,0.001440785
13,80,0.001667805
13,81,0.000919312
13,82,0.002416519
13,83,0.00323428
13,84,0.001980709
13,85,0.0008907
13,86,0.000362931
13,87,0.00414013
13,88,0.001571515
13,89,0.00122022
13,90,0.00240013
13,91,0.003269158
13,92,0.003937984
13,93,0.004772771
13,94,0.004210945
13,95,0.006876076
13,96,0.01040588
13,97,0.022356904
13,98,0.050789525
13,99,0.3870857
13,100,0.401892061
13,101,0.058091457
13,102,0.016571633
13,103,0.009592474
13,104,0.007971031
13,105,0.0045964
13,106,0.002906793
13,107,0.002809773
13,108,0.001678087
13,109,0.002219016
13,110,0.002109582
13,111,0.000983114
13,112,0.002073384
13,113,0.001298125
13,114,0.000475594
13,115,0.000557073
13,116,0.001330446
13,117,0.000816969
13,118,0.000855106
13,119,0.000513888
13,120,0.001113103
13,121,0.000464125
13,122,0.001662099
13,123,0.000667644
13,124,0.000470813
13,125,0.000250389
13,126,0.000157803
13,127,0.000800989
13,128,8.82473E-05
13,129,0.000589116
13,130,7.01993E-05
13,131,6.53327E-05
13,132,0.000664713
13,133,7.92993E-05
13,134,0.000614272
13,135,0.000294713
13,136,0.000106325
13,137,3.43581E-05
13,138,3.17347E-05
13,139,5.46307E-05
13,140,6.15232E-05
13,141,4.33392E-05
13,142,5.85118E-05
13,143,0.000400178
13,144,3.806E-05
13,145,2.0852E-05
13,146,2.61382E-05
13,147,1.39635E-05
13,148,1.53884E-30
13,149,2.19648E-05
13,150,3.81848E-07
13,151,2.69188E-30
13,152,9.37976E-31
13,153,7.4063E-31
13,154,2.0087E-30
13,155,2.30275E-30
13,156,7.04751E-30
13,157,3.51826E-30
13,158,1.44785E-30
13,159,1.13146E-30
13,160,1.56996E-30
13,161,3.30177E-30
13,162,2.59336E-30
13,163,3.67988E-30
13,164,2.1852E-30
13,165,2.14276E-30
13,166,1.72429E-30
13,167,1.58606E-30
13,168,3.77027E-30
13,169,3.94592E-31
13,170,1.24279E-30
13,171,2.48329E-30
13,172,3.75039E-30
13,173,1.136E-30
13,174,1.50485E-30
13,175,1.70509E-30
13,176,1.97402E-30
13,177,1.19938E-30
13,178,3.47817E-29
13,179,3.40759E-31
13,180,4.88905E-31
13,181,1.75897E-30
13,182,1.42577E-30
13,183,5.36052E-31
13,184,1.94424E-31
13,185,1.66789E-31
13,186,1.27367E-29
13,187,3.89186E-30
13,188,5.27458E-31
13,189,7.20158E-31
13,190,0
13,191,2.1156E-30
13,192,2.02479E-30
13,193,2.02157E-31
13,194,1.61752E-30
13,195,6.76048E-31
13,196,4.37382E-31
13,197,5.50549E-31
13,198,2.02157E-31
13,199,3.91872E-31
14,0,3.15621E-31
14,1,4.01059E-30
14,2,7.35534E-30
14,3,1.99601E-30
14,4,3.26928E-30
14,5,2.15539E-31
14,6,3.38995E-31
14,7,1.51186E-30
14,8,1.10924E-30
14,9,6.85099E-31
14,10,6.50011E-31
14,11,5.40069E-31
14,12,8.31216E-31
14,13,1.40432E-30
14,14,1.56335E-30
14,15,1.17033E-30
14,16,1.02789E-30
14,17,8.33665E-31
14,18,7.7022E-31
14,19,1.79993E-30
14,20,1.88781E-30
14,21,4.2733E-31
14,22,2.94956E-30
14,23,8.63425E-31
14,24,9.16523E-31
14,25,1.98894E-30
14,26,1.65857E-30
14,27,1.32714E-30
14,28,1.63316E-30
14,29,1.56969E-30
14,30,2.27607E-30
14,31,5.65911E-30
14,32,2.896E-30
14,33,1.21145E-30
14,34,1.797E-30
14,35,1.80202E-30
14,36,1.11862E-30
14,37,6.8945E-31
14,38,2.60355E-30
14,39,2.19795E-30
14,40,1.34086E-30
14,41,5.40775E-31
14,42,1.34996E-30
14,43,1.73644E-30
14,44,4.59474E-30
14,45,1.96762E-30
14,46,1.54205E-30
14,47,1.24718E-30
14,48,2.82064E-05
14,49,2.4365E-05
14,50,2.15322E-05
14,51,2.91346E-05
14,52,3.57654E-05
14,53,3.22137E-05
14,54,3.68863E-05
14,55,3.0842E-05
14,56,3.85715E-05
14,57,0.000228592
14,58,2.56993E-05
14,59,2.76929E-05
14,60,4.10361E-05
14,61,3.20479E-05
14,62,3.11716E-05
14,63,4.9442E-05
14,64,0.000186185
14,65,0.000341692
14,66,0.00119312
14,67,0.000643137
14,68,0.000350622
14,69,0.000317471
14,70,0.000392007
14,71,0.001567555
14,72,0.000119495
14,73,0.000130223
14,74,0.000296466
14,75,0.000614939
14,76,0.000332853
14,77,0.000311967
14,78,0.000724496
14,79,0.000161792
14,80,0.001748738
14,81,0.002970417
14,82,0.000798825
14,83,0.000767618
14,84,0.000598768
14,85,0.001016863
14,86,0.001360122
14,87,0.000812102
14,88,0.00163409
14,89,0.001513778
14,90,0.004532872
14,91,0.003886295
14,92,0.003528579
14,93,0.003174995
14,94,0.00339702
14,95,0.00807771
14,96,0.014632727
14,97,0.020935547
14,98,0.054714399
14,99,0.38151893
14,100,0.407878575
14,101,0.060279231
14,102,0.026435159
14,103,0.010233886
14,104,0.007118727
14,105,0.003389833
14,106,0.002611421
14,107,0.003208285
14,108,0.001829198
14,109,0.002281145
14,110,0.001578174
14,111,0.001803382
14,112,0.002400628
14,113,0.001572822
14,114,0.000837639
14,115,0.000458694
14,116,0.000443665
14,117,0.000977897
14,118,0.000602834
14,119,0.000689286
14,120,0.001787036
14,121,0.000986643
14,122,0.000775727
14,123,0.000507817
14,124,0.000931825
14,125,0.002536806
14,126,0.000320296
14,127,0.000317109
14,128,0.000341715
14,129,0.000633299
14,130,0.00017403
14,131,0.000427617
14,132,5.45006E-05
14,133,5.93865E-05
14,134,4.17351E-05
14,135,8.90744E-05
14,136,4.57104E-05
14,137,0.001519363
14,138,0.000406347
14,139,5.67792E-05
14,140,5.5382E-05
14,141,3.15597E-05
14,142,2.46863E-05
14,143,2.72427E-05
14,144,5.72908E-05
14,145,5.40796E-05
14,146,0.000372187
14,147,4.64655E-05
14,148,1.90759E-05
14,149,3.2066E-05
14,150,1.22546E-05
14,151,1.78855E-30
14,152,1.85638E-30
14,153,2.16235E-30
14,154,3.26888E-30
14,155,9.35123E-30
14,156,2.83362E-30
14,157,2.05856E-30
14,158,1.175E-30
14,159,1.69649E-30
14,160,3.05088E-30
14,161,7.42228E-31
14,162,1.61762E-30
14,163,1.64912E-30
14,164,5.29837E-31
14,165,1.83128E-31
14,166,2.55384E-31
14,167,1.39147E-30
14,168,2.1473E-30
14,169,1.31484E-30
14,170,2.56363E-30
14,171,5.09009E-30
14,172,1.09224E-30
14,173,7.81135E-31
14,174,9.40471E-31
14,175,8.44686E-31
14,176,6.65754E-31
14,177,7.05112E-31
14,178,3.47105E-29
14,179,8.68317E-31
14,180,2.12844E-30
14,181,1.75743E-30
14,182,1.29082E-30
14,183,6.77367E-31
14,184,6.57561E-31
14,185,2.67173E-31
14,186,1.69463E-29
14,187,5.41778E-31
14,188,5.39462E-31
14,189,6.02744E-31
14,190,2.71868E-30
14,191,1.20647E-30
14,192,1.14684E-30
14,193,1.96147E-31
14,194,1.67201E-30
14,195,0
14,196,2.00021E-31
14,197,0
14,198,3.17454E-31
14,199,3.10824E-30
15,0,7.76968E-31
15,1,7.28066E-31
15,2,8.32957E-30
15,3,1.32954E-30
15,4,2.08867E-30
15,5,3.43481E-30
15,6,2.32392E-30
15,7,2.47698E-30
15,8,4.82004E-31
15,9,8.55826E-31
15,10,4.61342E-31
15,11,2.92008E-31
15,12,2.15539E-31
15,13,2.15539E-31
15,14,6.78074E-31
15,15,7.90591E-31
15,16,1.04203E-30
15,17,7.94192E-31
15,18,5.51358E-31
15,19,1.78441E-31
15,20,1.98984E-30
15,21,1.58511E-30
15,22,4.03676E-31
15,23,2.89747E-30
15,24,6.10477E-31
15,25,3.3828E-31
15,26,1.3176E-30
15,27,1.28208E-30
15,28,1.0977E-30
15,29,1.48566E-30
15,30,1.80783E-30
15,31,1.34041E-30
15,32,3.60784E-30
15,33,5.23674E-30
15,34,9.83509E-31
15,35,2.16069E-30
15,36,1.68704E-30
15,37,2.3056E-30
15,38,1.25159E-30
15,39,2.69822E-30
15,40,1.34852E-30
15,41,2.0108E-30
15,42,1.57059E-30
15,43,2.12555E-30
15,44,3.23302E-30
15,45,1.94995E-30
15,46,7.67968E-06
15,47,4.18892E-06
15,48,5.3671E-05
15,49,4.6687E-05
15,50,1.31236E-06
15,51,1.40414E-05
15,52,1.61532E-05
15,53,0.00026165
15,54,2.10623E-05
15,55,3.97061E-05
15,56,4.4262E-05
15,57,3.22709E-05
15,58,3.05135E-05
15,59,0.000111478
15,60,4.69444E-05
15,61,3.14933E-05
15,62,1.27675E-05
15,63,1.83584E-05
15,64,2.87924E-05
15,65,9.1976E-05
15,66,0.000662449
15,67,0.000676448
15,68,0.000213368
15,69,0.000228928
15,70,8.53937E-05
15,71,0.000755784
15,72,0.00062134
15,73,0.000257671
15,74,0.000225954
15,75,0.000110243
15,76,0.000169639
15,77,0.00019426
15,78,0.000107482
15,79,0.000494859
15,80,0.000507586
15,81,0.001204181
15,82,0.000877335
15,83,0.000391148
15,84,0.000203119
15,85,0.001260347
15,86,0.001289031
15,87,0.001132192
15,88,0.000959419
15,89,0.001444456
15,90,0.003514639
15,91,0.002671022
15,92,0.001725085
15,93,0.003360088
15,94,0.008030468
15,95,0.008404698
15,96,0.013774954
15,97,0.021196748
15,98,0.05449036
15,99,0.371096296
15,100,0.386361823
15,101,0.063000746
15,102,0.02502784
15,103,0.014002727
15,104,0.012952622
15,105,0.008301704
15,106,0.007546823
15,107,0.003350731
15,108,0.003656533
15,109,0.003193696
15,110,0.002377918
15,111,0.001699902
15,112,0.002025889
15,113,0.000885976
15,114,0.001031388
15,115,0.001149229
15,116,0.000708654
15,117,0.001307603
15,118,0.001659459
15,119,0.000395375
15,120,0.000245222
15,121,0.001601625
15,122,0.001476312
15,123,0.000851415
15,124,0.000229434
15,125,0.001921812
15,126,0.000308727
15,127,0.000534916
15,128,0.000467996
15,129,0.000905354
15,130,0.000608911
15,131,0.001160468
15,132,0.000161992
15,133,5.51283E-05
15,134,0.00014314
15,135,5.71958E-05
15,136,0.00025269
15,137,0.000853582
15,138,0.001775987
15,139,0.001021608
15,140,5.03484E-05
15,141,5.18318E-05
15,142,5.30539E-05
15,143,4.74805E-05
15,144,3.55483E-05
15,145,0.000245172
15,146,5.55952E-05
15,147,5.7402E-05
15,148,5.09232E-05
15,149,6.11574E-05
15,150,5.34757E-05
15,151,3.06081E-05
15,152,1.25391E-05
15,153,5.04036E-06
15,154,8.5813E-30
15,155,1.19402E-30
15,156,7.26973E-31
15,157,1.24331E-30
15,158,1.75602E-30
15,159,2.31968E-30
15,160,2.789E-31
15,161,7.54235E-31
15,162,3.0023E-30
15,163,1.34194E-30
15,164,8.70774E-31
15,165,1.03181E-30
15,166,1.23191E-30
15,167,2.59786E-30
15,168,2.83821E-30
15,169,1.42831E-30
15,170,4.98137E-30
15,171,5.4566E-31
15,172,4.59372E-31
15,173,9.1052E-31
15,174,5.23768E-31
15,175,1.11392E-30
15,176,6.56266E-31
15,177,3.03804E-29
15,178,4.81799E-30
15,179,1.59026E-30
15,180,1.14848E-30
15,181,3.98929E-31
15,182,2.56583E-31
15,183,3.48235E-33
15,184,2.56904E-31
15,185,5.33823E-30
15,186,1.24774E-29
15,187,9.62762E-31
15,188,1.07585E-30
15,189,3.61207E-30
15,190,9.86239E-31
15,191,1.65308E-30
15,192,2.38749E-31
15,193,2.38749E-31
15,194,1.74945E-30
15,195,0
15,196,7.44001E-31
15,197,3.1156E-30
15,198,3.1174E-30
15,199,4.66067E-31
16,0,4.16344E-31
16,1,2.62247E-31
16,2,6.39829E-30
16,3,1.40817E-30
16,4,9.15552E-31
16,5,2.08545E-30
16,6,1.36971E-31
16,7,1.29778E-30
16,8,1.85131E-30
16,9,2.10182E-30
16,10,2.55586E-30
16,11,7.31948E-31
16,12,3.4333E-31
16,13,2.99918E-31
16,14,4.65955E-31
16,15,6.77494E-31
16,16,1.1044E-30
16,17,1.55204E-30
16,18,1.31724E-30
16,19,1.15025E-30
16,20,7.67515E-31
16,21,2.82006E-30
16,22,9.54538E-31
16,23,1.6359E-30
16,24,2.15759E-30
16,25,8.45088E-31
16,26,8.04885E-31
16,27,1.81116E-30
16,28,1.93805E-30
16,29,9.83324E-31
16,30,1.83672E-30
16,31,2.41223E-30
16,32,2.16295E-30
16,33,1.85383E-30
16,34,5.95604E-30
16,35,3.74453E-30
16,36,2.26921E-30
16,37,1.29989E-30
16,38,1.29601E-30
16,39,2.87793E-30
16,40,2.08516E-30
16,41,1.68387E-30
16,42,2.31221E-30
16,43,5.7177E-30
16,44,2.22128E-06
16,45,2.22045E-30
16,46,6.55449E-06
16,47,1.55041E-05
16,48,6.15206E-06
16,49,3.97228E-05
16,50,3.44359E-05
16,51,4.14736E-06
16,52,1.10492E-05
16,53,5.59311E-06
16,54,4.92077E-05
16,55,2.28799E-05
16,56,6.89614E-05
16,57,0.000154104
16,58,3.93268E-05
16,59,1.83208E-05
16,60,2.08014E-05
16,61,3.10228E-05
16,62,4.73484E-05
16,63,7.27652E-05
16,64,0.000414695
16,65,0.000494387
16,66,0.000433452
16,67,6.51551E-05
16,68,0.000542904
16,69,4.34546E-05
16,70,0.000127103
16,71,0.000114128
16,72,0.000118723
16,73,0.000142948
16,74,0.000353294
16,75,0.000391453
16,76,0.000150277
16,77,0.000112053
16,78,0.000647963
16,79,0.000433158
16,80,0.000574813
16,81,0.001403727
16,82,0.000191323
16,83,0.001285501
16,84,0.000848273
16,85,0.00105753
16,86,0.003068821
16,87,0.001639413
16,88,0.001231145
16,89,0.001768461
16,90,0.002043899
16,91,0.001963673
16,92,0.001383676
16,93,0.002809062
16,94,0.00679702
16,95,0.008688668
16,96,0.011307555
16,97,0.030698163
16,98,0.063997295
16,99,0.368881642
16,100,0.359865415
16,101,0.054694874
16,102,0.032084902
16,103,0.015732202
16,104,0.006067125
16,105,0.005460825
16,106,0.005967188
16,107,0.008327432
16,108,0.004190031
16,109,0.002470191
16,110,0.002100871
16,111,0.002648782
16,112,0.003088565
16,113,0.002595022
16,114,0.002496909
16,115,0.001529367
16,116,0.002596204
16,117,0.002370149
16,118,0.001559651
16,119,0.000457338
16,120,0.000311238
16,121,0.000516704
16,122,0.000699569
16,123,0.000412542
16,124,0.002384989
16,125,0.000446868
16,126,0.001078368
16,127,0.000784521
16,128,0.000623315
16,129,0.000139386
16,130,8.29591E-05
16,131,0.000112828
16,132,0.001371095
16,133,0.000516169
16,134,0.00045268
16,135,0.000467088
16,136,0.000526048
16,137,5.18473E-05
16,138,0.00024854
16,139,0.000234428
16,140,3.91017E-05
16,141,8.12142E-05
16,142,2.48731E-05
16,143,4.5713E-05
16,144,3.43481E-05
16,145,5.47268E-05
16,146,4.88673E-05
16,147,2.91622E-05
16,148,7.03873E-05
16,149,2.22556E-05
16,150,1.06447E-05
16,151,1.0701E-05
16,152,1.6599E-05
16,153,6.4771E-06
16,154,1.86985E-30
16,155,1.94516E-30
16,156,2.55802E-30
16,157,3.36576E-30
16,158,3.10132E-30
16,159,1.83605E-30
16,160,1.88506E-30
16,161,2.70818E-30
16,162,2.79948E-30
16,163,1.22928E-30
16,164,1.55785E-30
16,165,2.08709E-30
16,166,3.48228E-30
16,167,1.83104E-30
16,168,2.14986E-30
16,169,5.00694E-30
16,170,1.15536E-30
16,171,8.15679E-31
16,172,9.59791E-31
16,173,3.67615E-31
16,174,3.26272E-31
16,175,8.35495E-31
16,176,9.02694E-31
16,177,3.43248E-29
16,178,1.76287E-30
16,179,8.03342E-31
16,180,5.94407E-31
16,181,4.26178E-31
16,182,5.66401E-31
16,183,4.4662E-31
16,184,3.93057E-31
16,185,1.70874E-29
16,186,7.38684E-31
16,187,1.28164E-30
16,188,2.63037E-30
16,189,8.71379E-31
16,190,2.17404E-31
16,191,1.6234E-30
16,192,4.33371E-31
16,193,1.44523E-30
16,194,2.19276E-30
16,195,3.78946E-30
16,196,3.33033E-30
16,197,6.67707E-31
16,198,6.45173E-31
16,199,7.90912E-31
17,0,4.02636E-31
17,1,6.60323E-31
17,2,6.12652E-31
17,3,7.83955E-30
17,4,8.30163E-31
17,5,3.04468E-30
17,6,4.07221E-31
17,7,3.17863E-31
17,8,7.89514E-31
17,9,1.84549E-31
17,10,3.03489E-31
17,11,2.27231E-30
17,12,2.34481E-30
17,13,1.87323E-30
17,14,4.99312E-31
17,15,4.12234E-31
17,16,3.21219E-31
17,17,1.50511E-31
17,18,4.88619E-31
17,19,1.10248E-30
17,20,9.37779E-31
17,21,1.29359E-30
17,22,3.29221E-30
17,23,9.82787E-31
17,24,3.0399E-30
17,25,1.45765E-30
17,26,1.13201E-30
17,27,6.0337E-31
17,28,1.21985E-30
17,29,1.06205E-30
17,30,6.27299E-31
17,31,9.74647E-31
17,32,1.32458E-30
17,33,9.3523E-31
17,34,1.00852E-30
17,35,3.21665E-30
17,36,6.06738E-30
17,37,4.15436E-30
17,38,1.67027E-30
17,39,3.0272E-30
17,40,1.8509E-30
17,41,1.80118E-30
17,42,1.38678E-30
17,43,3.77347E-30
17,44,1.8606E-05
17,45,2.80868E-05
17,46,3.2579E-05
17,47,4.85158E-05
17,48,4.11872E-05
17,49,4.17097E-05
17,50,4.01876E-05
17,51,3.19383E-05
17,52,4.52882E-05
17,53,4.28729E-05
17,54,2.44312E-05
17,55,2.59585E-05
17,56,2.22293E-05
17,57,0.000103479
17,58,5.62182E-05
17,59,7.10687E-05
17,60,3.33492E-05
17,61,2.36085E-05
17,62,2.91712E-05
17,63,0.000805207
17,64,0.000328791
17,65,0.000372434
17,66,9.7321E-05
17,67,0.000100104
17,68,8.73511E-05
17,69,6.16514E-05
17,70,4.81497E-05
17,71,8.86545E-05
17,72,0.000393718
17,73,0.000123405
17,74,0.000614709
17,75,0.000302489
17,76,0.000802082
17,77,0.000250427
17,78,0.000127136
17,79,0.000245192
17,80,0.000699297
17,81,0.001288606
17,82,0.000420632
17,83,0.000849826
17,84,0.000580601
17,85,0.001675599
17,86,0.00308282
17,87,0.002747473
17,88,0.003487851
17,89,0.001142623
17,90,0.002913759
17,91,0.003393728
17,92,0.002646407
17,93,0.004158487
17,94,0.008566878
17,95,0.010420419
17,96,0.018522804
17,97,0.037892831
17,98,0.078014264
17,99,0.356709161
17,100,0.352443147
17,101,0.065283915
17,102,0.028082801
17,103,0.023345284
17,104,0.009651085
17,105,0.009174643
17,106,0.008235375
17,107,0.005142576
17,108,0.003500933
17,109,0.007015697
17,110,0.004134126
17,111,0.000708877
17,112,0.002114641
17,113,0.003972859
17,114,0.001883257
17,115,0.001075043
17,116,0.00089101
17,117,0.004418914
17,118,0.001707787
17,119,0.000194259
17,120,0.000151851
17,121,0.000780794
17,122,0.00055389
17,123,0.000152004
17,124,0.000200606
17,125,0.000197245
17,126,0.000258159
17,127,0.000727429
17,128,0.000321871
17,129,8.67262E-05
17,130,0.000247093
17,131,0.000136773
17,132,0.000107924
17,133,0.002410477
17,134,0.000549192
17,135,0.000282399
17,136,0.002177664
17,137,0.00016472
17,138,0.000366138
17,139,5.86929E-05
17,140,1.63239E-05
17,141,2.46104E-05
17,142,5.07186E-05
17,143,6.79836E-05
17,144,4.3883E-05
17,145,6.36356E-05
17,146,3.02867E-05
17,147,3.49889E-05
17,148,6.21688E-05
17,149,9.22591E-05
17,150,3.54532E-05
17,151,1.84153E-05
17,152,1.62546E-05
17,153,1.27789E-05
17,154,5.99386E-06
17,155,2.10757E-30
17,156,3.24991E-30
17,157,2.32233E-30
17,158,1.42659E-30
17,159,1.12263E-30
17,160,1.83463E-30
17,161,3.12972E-30
17,162,2.34955E-30
17,163,2.26381E-30
17,164,1.99098E-30
17,165,2.28605E-30
17,166,2.60394E-30
17,167,1.47729E-30
17,168,5.23998E-30
17,169,2.72149E-30
17,170,1.67114E-30
17,171,1.36052E-30
17,172,9.95147E-31
17,173,6.39188E-31
17,174,1.14913E-30
17,175,5.11659E-31
17,176,6.89747E-31
17,177,3.59953E-29
17,178,1.14746E-31
17,179,6.89525E-31
17,180,4.80289E-31
17,181,4.42605E-31
17,182,4.39594E-31
17,183,1.80053E-31
17,184,1.8849E-31
17,185,1.70749E-29
17,186,1.6273E-30
17,187,1.86547E-30
17,188,2.221E-31
17,189,1.70501E-31
17,190,2.13453E-31
17,191,9.90512E-31
17,192,1.74248E-30
17,193,4.74393E-30
17,194,2.25685E-30
17,195,5.76545E-31
17,196,3.96307E-31
17,197,8.2043E-31
17,198,9.12051E-31
17,199,9.57728E-31
18,0,1.40134E-30
18,1,8.93774E-31
18,2,6.68429E-31
18,3,7.40275E-30
18,4,5.36292E-31
18,5,2.37287E-30
18,6,1.47773E-30
18,7,7.14009E-31
18,8,1.16151E-30
18,9,2.16456E-31
18,10,2.16456E-31
18,11,1.84141E-31
18,12,4.63653E-31
18,13,8.02115E-31
18,14,1.63396E-30
18,15,2.09216E-30
18,16,2.30961E-30
18,17,1.28935E-30
18,18,8.50545E-31
18,19,7.42455E-31
18,20,9.35717E-31
18,21,6.72641E-31
18,22,1.61013E-30
18,23,2.27058E-30
18,24,9.35091E-31
18,25,3.08551E-30
18,26,6.21945E-31
18,27,8.40345E-31
18,28,6.36944E-31
18,29,1.7614E-30
18,30,1.31909E-30
18,31,1.50477E-30
18,32,1.1357E-30
18,33,1.07299E-30
18,34,7.4749E-31
18,35,1.01226E-30
18,36,9.25253E-31
18,37,4.95728E-30
18,38,5.40784E-30
18,39,2.38516E-30
18,40,6.13751E-31
18,41,6.86117E-07
18,42,2.66246E-06
18,43,1.12308E-05
18,44,2.13777E-05
18,45,2.0058E-05
18,46,2.81011E-05
18,47,5.94698E-05
18,48,7.19336E-05
18,49,0.000366159
18,50,0.000159336
18,51,7.71119E-05
18,52,4.52779E-05
18,53,2.93445E-05
18,54,2.77607E-05
18,55,6.01659E-05
18,56,4.20435E-05
18,57,0.000300833
18,58,4.40272E-05
18,59,5.33302E-05
18,60,5.91172E-05
18,61,5.99349E-05
18,62,0.000101772
18,63,0.001547389
18,64,0.000341487
18,65,0.000386872
18,66,6.45942E-05
18,67,9.42067E-05
18,68,0.00018302
18,69,0.000258794
18,70,0.00012817
18,71,6.72317E-05
18,72,8.17778E-05
18,73,0.00017481
18,74,0.000123542
18,75,0.000171305
18,76,0.001010932
18,77,0.000529087
18,78,0.000770791
18,79,0.000166539
18,80,0.000609698
18,81,0.000588649
18,82,0.000487724
18,83,0.001770104
18,84,0.001350192
18,85,0.001316833
18,86,0.003147742
18,87,0.001436624
18,88,0.002202627
18,89,0.002445897
18,90,0.005654758
18,91,0.004089919
18,92,0.00603552
18,93,0.005030209
18,94,0.010653483
18,95,0.01238197
18,96,0.023513084
18,97,0.03377461
18,98,0.081600591
18,99,0.360735181
18,100,0.356103967
18,101,0.071591297
18,102,0.031858515
18,103,0.015609654
18,104,0.011040895
18,105,0.007271319
18,106,0.00957417
18,107,0.005811928
18,108,0.003642405
18,109,0.002735352
18,110,0.003716864
18,111,0.001587615
18,112,0.002486917
18,113,0.007179295
18,114,0.002589153
18,115,0.000909534
18,116,0.001471031
18,117,0.00064051
18,118,0.000943796
18,119,0.001335621
18,120,0.000560267
18,121,0.000738812
18,122,0.001271067
18,123,0.000739936
18,124,0.00123895
18,125,0.00093013
18,126,0.000132713
18,127,0.000622674
18,128,0.000910105
18,129,0.00010236
18,130,0.00020261
18,131,0.00053348
18,132,0.00040797
18,133,0.000125156
18,134,0.002374872
18,135,0.000889682
18,136,0.000562269
18,137,0.000394686
18,138,9.53083E-05
18,139,0.000291138
18,140,8.14734E-05
18,141,6.58356E-05
18,142,4.19034E-05
18,143,4.06579E-05
18,144,5.43964E-05
18,145,6.40225E-05
18,146,4.3317E-05
18,147,3.62987E-05
18,148,5.63334E-05
18,149,0.000113385
18,150,4.26832E-05
18,151,0.000176817
18,152,1.80418E-05
18,153,2.02682E-05
18,154,9.02157E-06
18,155,3.80727E-06
18,156,8.27879E-06
18,157,5.17913E-06
18,158,1.78203E-30
18,159,1.95015E-30
18,160,2.19779E-30
18,161,3.86855E-30
18,162,1.95609E-30
18,163,1.9523E-30
18,164,2.10773E-30
18,165,3.38844E-30
18,166,9.54402E-31
18,167,3.54621E-30
18,168,4.2144E-30
18,169,2.26672E-30
18,170,1.03482E-30
18,171,7.50534E-31
18,172,6.74019E-31
18,173,1.0706E-30
18,174,1.97726E-30
18,175,1.22659E-30
18,176,2.56801E-30
18,177,3.50201E-29
18,178,1.77833E-30
18,179,1.44529E-30
18,180,1.04248E-30
18,181,5.60451E-31
18,182,7.43004E-31
18,183,1.00194E-30
18,184,1.41727E-29
18,185,5.76671E-30
18,186,2.04986E-30
18,187,7.43257E-31
18,188,1.13586E-30
18,189,7.43257E-31
18,190,3.81037E-30
18,191,4.04216E-30
18,192,1.98584E-30
18,193,2.2839E-30
18,194,5.38935E-31
18,195,9.14222E-31
18,196,1.11875E-30
18,197,1.05577E-30
18,198,1.31158E-30
18,199,7.90989E-31
19,0,1.42349E-30
19,1,2.03021E-30
19,2,1.97356E-30
19,3,4.39961E-30
19,4,4.73252E-30
19,5,1.11798E-30
19,6,3.48878E-30
19,7,1.05308E-30
19,8,1.52241E-30
19,9,7.07021E-31
19,10,6.9143E-31
19,11,7.73688E-31
19,12,9.64944E-31
19,13,1.01285E-30
19,14,1.31074E-30
19,15,6.97519E-31
19,16,8.17375E-31
19,17,1.61683E-30
19,18,2.26892E-30
19,19,1.9846E-30
19,20,1.61658E-30
19,21,9.08549E-31
19,22,1.33643E-30
19,23,1.64845E-30
19,24,2.99763E-30
19,25,1.74524E-30
19,26,2.48161E-30
19,27,7.89539E-31
19,28,9.91877E-31
19,29,1.00358E-30
19,30,9.59205E-31
19,31,7.22138E-31
19,32,1.38831E-30
19,33,1.86065E-30
19,34,1.63129E-30
19,35,8.7769E-31
19,36,1.14756E-30
19,37,1.40385E-30
19,38,2.71974E-30
19,39,6.71966E-30
19,40,9.61242E-06
19,41,6.86313E-06
19,42,4.22273E-05
19,43,1.01838E-05
19,44,2.11041E-05
19,45,5.25604E-07
19,46,1.57844E-05
19,47,2.27042E-05
19,48,4.38569E-05
19,49,5.2868E-05
19,50,3.64317E-05
19,51,4.86513E-05
19,52,5.39289E-05
19,53,4.10478E-05
19,54,7.26444E-05
19,55,3.96162E-05
19,56,2.13645E-05
19,57,3.19515E-05
19,58,3.37176E-05
19,59,3.72186E-05
19,60,0.000344719
19,61,0.000536525
19,62,8.85164E-05
19,63,0.000299852
19,64,0.000134876
19,65,0.000126475
19,66,0.000137066
19,67,0.000107402
19,68,0.000132674
19,69,9.4881E-05
19,70,0.000130102
19,71,9.69468E-05
19,72,0.000142235
19,73,0.000628094
19,74,0.000868721
19,75,0.000372806
19,76,0.000867327
19,77,0.001519047
19,78,0.000484501
19,79,0.00321253
19,80,0.000219911
19,81,0.000321708
19,82,0.001532871
19,83,0.00084114
19,84,0.002438277
19,85,0.000737681
19,86,0.002364722
19,87,0.002139592
19,88,0.004419577
19,89,0.002828398
19,90,0.004955074
19,91,0.003026028
19,92,0.00505921
19,93,0.010859474
19,94,0.009025498
19,95,0.011434871
19,96,0.017317402
19,97,0.03499092
19,98,0.082402984
19,99,0.343859662
19,100,0.33414696
19,101,0.09707411
19,102,0.030401384
19,103,0.01485051
19,104,0.008491285
19,105,0.007030244
19,106,0.005659432
19,107,0.007831254
19,108,0.004061986
19,109,0.002788356
19,110,0.004648038
19,111,0.00209721
19,112,0.001792042
19,113,0.003717809
19,114,0.002742441
19,115,0.001007416
19,116,0.00047833
19,117,0.000727191
19,118,0.00186965
19,119,0.003149133
19,120,0.000749424
19,121,0.000758362
19,122,0.001800809
19,123,0.000430992
19,124,0.002415873
19,125,0.000900247
19,126,0.000559607
19,127,0.000315073
19,128,0.000226571
19,129,0.00067466
19,130,0.000262279
19,131,0.000212802
19,132,0.000200168
19,133,0.000917112
19,134,0.001435707
19,135,0.00039399
19,136,0.000922466
19,137,0.000209743
19,138,0.000113779
19,139,0.000368364
19,140,4.00765E-05
19,141,0.000181544
19,142,0.000110716
19,143,8.35671E-05
19,144,6.4596E-05
19,145,4.46665E-05
19,146,4.25848E-05
19,147,4.73096E-05
19,148,5.12674E-05
19,149,2.56687E-05
19,150,2.64747E-05
19,151,0.001047696
19,152,1.68112E-05
19,153,2.66145E-05
19,154,1.54725E-05
19,155,1.9319E-05
19,156,1.44666E-05
19,157,1.02558E-05
19,158,1.86277E-30
19,159,1.96301E-30
19,160,3.3109E-30
19,161,1.67994E-30
19,162,1.82962E-30
19,163,1.63558E-30
19,164,3.17351E-30
19,165,1.27048E-30
19,166,2.62253E-30
19,167,4.40965E-30
19,168,2.20204E-30
19,169,8.10215E-31
19,170,4.47659E-31
19,171,6.29386E-31
19,172,9.75192E-31
19,173,1.73204E-30
19,174,1.57707E-30
19,175,3.11358E-30
19,176,1.23403E-30
19,177,3.53461E-29
19,178,1.64148E-30
19,179,1.26939E-30
19,180,1.11791E-30
19,181,1.36163E-30
19,182,1.70471E-30
19,183,1.05557E-30
19,184,1.96447E-29
19,185,1.64741E-30
19,186,3.72107E-31
19,187,3.72107E-31
19,188,3.60939E-30
19,189,3.47512E-30
19,190,1.85634E-30
19,191,5.71788E-31
19,192,1.22775E-30
19,193,1.24776E-30
19,194,5.18121E-31
19,195,9.19836E-31
19,196,6.87972E-31
19,197,8.19439E-31
19,198,3.7115E-31
19,199,1.53434E-30
20,0,8.56478E-31
20,1,6.53347E-31
20,2,1.05879E-30
20,3,2.02754E-30
20,4,9.36477E-30
20,5,1.73564E-30
20,6,3.86553E-30
20,7,2.89408E-30
20,8,2.34623E-30
20,9,1.837E-30
20,10,1.12568E-30
20,11,8.53653E-31
20,12,7.57654E-31
20,13,8.74679E-31
20,14,7.65428E-31
20,15,1.02237E-30
20,16,6.90712E-31
20,17,9.33388E-31
20,18,8.17167E-31
20,19,7.04499E-31
20,20,1.42058E-30
20,21,2.47522E-30
20,22,2.33529E-30
20,23,3.08265E-30
20,24,5.9853E-31
20,25,2.75068E-30
20,26,2.7865E-30
20,27,1.46246E-30
20,28,8.25676E-31
20,29,1.06261E-30
20,30,1.26794E-30
20,31,1.39875E-30
20,32,8.15295E-31
20,33,9.74093E-31
20,34,1.27677E-30
20,35,1.86477E-30
20,36,2.46912E-30
20,37,2.37718E-30
20,38,3.5338E-30
20,39,3.51849E-30
20,40,1.24954E-06
20,41,1.60248E-05
20,42,8.98477E-06
20,43,1.99369E-05
20,44,3.14169E-05
20,45,4.14644E-05
20,46,3.01697E-05
20,47,2.91249E-05
20,48,4.20514E-05
20,49,3.29503E-05
20,50,0.000113091
20,51,6.63038E-05
20,52,4.00259E-05
20,53,3.99908E-05
20,54,3.03898E-05
20,55,0.000184111
20,56,6.23361E-05
20,57,6.4204E-05
20,58,5.04121E-05
20,59,5.33051E-05
20,60,0.000195463
20,61,0.000171799
20,62,0.000205002
20,63,0.000673497
20,64,0.000568678
20,65,0.000208113
20,66,8.74397E-05
20,67,9.20044E-05
20,68,8.98696E-05
20,69,0.000871616
20,70,0.00013678
20,71,0.000115127
20,72,0.00040221
20,73,0.000401688
20,74,0.000280032
20,75,0.000590078
20,76,0.000301631
20,77,0.000523494
20,78,0.002215568
20,79,0.001265186
20,80,0.000310089
20,81,0.000544475
20,82,0.000280221
20,83,0.000518581
20,84,0.001306344
20,85,0.001243796
20,86,0.002318641
20,87,0.002164196
20,88,0.003815581
20,89,0.00325007
20,90,0.002554324
20,91,0.003923366
20,92,0.0070248
20,93,0.007747489
20,94,0.010999914
20,95,0.010729281
20,96,0.017992991
20,97,0.039681023
20,98,0.085659474
20,99,0.33226638
20,100,0.336901303
20,101,0.089683841
20,102,0.04022639
20,103,0.018904747
20,104,0.011897683
20,105,0.009296212
20,106,0.005467715
20,107,0.006122488
20,108,0.005084424
20,109,0.002520466
20,110,0.001567404
20,111,0.000534804
20,112,0.003183962
20,113,0.002381984
20,114,0.005259637
20,115,0.00437797
20,116,0.001738265
20,117,0.000464564
20,118,0.000995069
20,119,0.0012164
20,120,0.000922631
20,121,0.000474086
20,122,0.000286489
20,123,0.000190805
20,124,0.000833489
20,125,0.000593376
20,126,0.000363648
20,127,0.00024716
20,128,0.000316455
20,129,0.000767497
20,130,0.000619294
20,131,0.000621597
20,132,0.000518083
20,133,0.000242416
20,134,0.000981269
20,135,0.000655495
20,136,0.000390642
20,137,0.000844077
20,138,0.001085148
20,139,0.000184759
20,140,0.000321485
20,141,7.71203E-05
20,142,0.000519293
20,143,6.83571E-05
20,144,7.84743E-05
20,145,6.12681E-05
20,146,5.64379E-05
20,147,0.000174157
20,148,7.1007E-05
20,149,6.41031E-05
20,150,7.32138E-05
20,151,5.06264E-05
20,152,4.45249E-05
20,153,6.18558E-05
20,154,4.15891E-05
20,155,3.14743E-05
20,156,5.44692E-05
20,157,3.39645E-05
20,158,0.0009222
20,159,2.02497E-05
20,160,1.44835E-05
20,161,1.77301E-30
20,162,1.3722E-30
20,163,1.9839E-30
20,164,1.57582E-30
20,165,2.30076E-30
20,166,4.78187E-30
20,167,3.50274E-30
20,168,1.75249E-30
20,169,1.48947E-30
20,170,2.13397E-30
20,171,2.41812E-30
20,172,2.03294E-30
20,173,2.69705E-30
20,174,2.13854E-30
20,175,8.58982E-31
20,176,8.47381E-31
20,177,3.53728E-29
20,178,1.08425E-30
20,179,1.09415E-30
20,180,1.04961E-30
20,181,1.106E-30
20,182,1.18706E-30
20,183,8.32766E-30
20,184,1.23814E-29
20,185,1.04031E-30
20,186,3.66579E-30
20,187,3.83932E-30
20,188,1.38724E-30
20,189,1.22978E-30
20,190,2.19029E-30
20,191,1.04976E-30
20,192,2.13988E-30
20,193,6.14401E-31
20,194,1.17206E-30
20,195,5.89548E-31
20,196,7.319E-31
20,197,8.17092E-31
20,198,9.01903E-31
20,199,1.2754E-30
21,0,5.60553E-31
21,1,7.53497E-31
21,2,5.33338E-31
21,3,5.69936E-31
21,4,7.76503E-30
21,5,7.50205E-31
21,6,2.88237E-30
21,7,7.11832E-31
21,8,1.95472E-30
21,9,3.19519E-30
21,10,1.46436E-30
21,11,1.63865E-30
21,12,1.45354E-30
21,13,8.63338E-31
21,14,6.53816E-31
21,15,5.39696E-31
21,16,9.47146E-31
21,17,1.15775E-30
21,18,4.4824E-31
21,19,2.69106E-31
21,20,2.1292E-31
21,21,4.22515E-31
21,22,2.33287E-31
21,23,1.1395E-30
21,24,2.85819E-30
21,25,2.95469E-30
21,26,3.86414E-30
21,27,3.09072E-30
21,28,7.78167E-31
21,29,7.52685E-31
21,30,3.91299E-31
21,31,1.32225E-30
21,32,3.06723E-30
21,33,2.0126E-30
21,34,2.97028E-30
21,35,2.10596E-30
21,36,1.22075E-30
21,37,1.91063E-06
21,38,8.20882E-06
21,39,1.26564E-05
21,40,1.42532E-05
21,41,1.82724E-05
21,42,2.48642E-05
21,43,2.70904E-05
21,44,2.31866E-05
21,45,3.80005E-05
21,46,3.64087E-05
21,47,3.34218E-05
21,48,5.06693E-05
21,49,5.27204E-05
21,50,4.36227E-05
21,51,7.91582E-05
21,52,7.56255E-05
21,53,5.56806E-05
21,54,3.80685E-05
21,55,4.0697E-05
21,56,7.08518E-05
21,57,0.000146238
21,58,6.0329E-05
21,59,0.000328568
21,60,6.44591E-05
21,61,7.78312E-05
21,62,0.000154669
21,63,0.000699948
21,64,0.000176816
21,65,0.000151348
21,66,0.000116468
21,67,0.000866924
21,68,0.001010009
21,69,0.000703574
21,70,0.000746826
21,71,0.000298495
21,72,0.000829535
21,73,0.000672789
21,74,0.000908119
21,75,0.000374474
21,76,0.001069481
21,77,0.000315939
21,78,0.001026696
21,79,0.002165215
21,80,0.000372498
21,81,0.000631135
21,82,0.001108301
21,83,0.000604504
21,84,0.001398167
21,85,0.001991725
21,86,0.004169597
21,87,0.002704539
21,88,0.001587179
21,89,0.003538414
21,90,0.003407916
21,91,0.005725949
21,92,0.008387708
21,93,0.004855944
21,94,0.013184781
21,95,0.015970089
21,96,0.023577374
21,97,0.037622288
21,98,0.089410376
21,99,0.333160084
21,100,0.334739355
21,101,0.091615504
21,102,0.046296815
21,103,0.020807733
21,104,0.014533735
21,105,0.007417134
21,106,0.007844751
21,107,0.003648949
21,108,0.004045467
21,109,0.002784508
21,110,0.00261654
21,111,0.003995482
21,112,0.005556282
21,113,0.003762405
21,114,0.001275109
21,115,0.002703825
21,116,0.001073027
21,117,0.001439405
21,118,0.001408619
21,119,0.000601482
21,120,0.000252675
21,121,0.000996447
21,122,0.001078014
21,123,0.00100796
21,124,0.000836431
21,125,0.000641678
21,126,0.000842649
21,127,0.002094965
21,128,0.000726081
21,129,0.000556939
21,130,0.000351585
21,131,0.000963935
21,132,0.001083554
21,133,0.000381866
21,134,0.000753175
21,135,0.000523204
21,136,0.001024246
21,137,0.000383732
21,138,0.000554508
21,139,0.000490286
21,140,7.15807E-05
21,141,9.70122E-05
21,142,3.02873E-05
21,143,8.0457E-05
21,144,0.000103471
21,145,1.91827E-05
21,146,0.000535154
21,147,0.000130481
21,148,5.29331E-05
21,149,3.17072E-05
21,150,4.03976E-05
21,151,0.000314661
21,152,3.57451E-05
21,153,6.11828E-05
21,154,4.82341E-05
21,155,2.66029E-05
21,156,1.77905E-05
21,157,1.89523E-05
21,158,3.31745E-05
21,159,2.03586E-05
21,160,7.17699E-06
21,161,4.1906E-06
21,162,4.34266E-30
21,163,5.50541E-30
21,164,4.8084E-30
21,165,5.79398E-30
21,166,1.10919E-30
21,167,2.41003E-30
21,168,1.54991E-30
21,169,1.25611E-30
21,170,9.09899E-31
21,171,5.43548E-31
21,172,1.9986E-30
21,173,2.66162E-30
21,174,2.33621E-30
21,175,2.56472E-30
21,176,2.56542E-30
21,177,3.69241E-29
21,178,2.39883E-30
21,179,1.77561E-30
21,180,1.62959E-30
21,181,1.21193E-30
21,182,3.67627E-30
21,183,1.93735E-29
21,184,4.73754E-30
21,185,4.21022E-30
21,186,1.76858E-30
21,187,1.35599E-30
21,188,1.92033E-30
21,189,1.07727E-30
21,190,1.94363E-30
21,191,9.13853E-31
21,192,2.97369E-30
21,193,1.97174E-30
21,194,2.09311E-30
21,195,1.83506E-30
21,196,1.61539E-30
21,197,1.1059E-30
21,198,1.51486E-30
21,199,1.14279E-30
22,0,1.53968E-30
22,1,9.82057E-31
22,2,1.31433E-30
22,3,1.27744E-30
22,4,8.43032E-31
22,5,7.89244E-30
22,6,6.60756E-31
22,7,2.43119E-30
22,8,8.52079E-31
22,9,1.72309E-30
22,10,1.7133E-30
22,11,8.15802E-31
22,12,5.1461E-31
22,13,1.0279E-30
22,14,1.52547E-30
22,15,1.73741E-30
22,16,1.55741E-30
22,17,2.0954E-30
22,18,1.18347E-30
22,19,4.01342E-31
22,20,1.82037E-31
22,21,4.54036E-31
22,22,6.64853E-31
22,23,4.5849E-31
22,24,1.49695E-30
22,25,4.00825E-31
22,26,1.44518E-30
22,27,4.76495E-30
22,28,5.627E-30
22,29,4.03818E-30
22,30,3.13359E-30
22,31,2.4217E-30
22,32,1.61665E-30
22,33,2.19376E-30
22,34,1.54042E-30
22,35,1.65595E-30
22,36,1.38612E-30
22,37,8.47591E-06
22,38,2.11007E-05
22,39,1.59886E-06
22,40,6.47086E-06
22,41,9.45962E-06
22,42,4.89564E-06
22,43,2.80639E-30
22,44,1.06204E-05
22,45,2.75233E-05
22,46,3.15765E-05
22,47,3.91423E-05
22,48,2.86884E-05
22,49,3.05708E-05
22,50,3.16664E-05
22,51,2.68971E-05
22,52,3.24125E-05
22,53,0.000196912
22,54,6.56636E-05
22,55,0.000680071
22,56,0.00013881
22,57,6.92329E-05
22,58,0.000106169
22,59,0.000102283
22,60,8.80186E-05
22,61,0.00015108
22,62,0.000316021
22,63,0.00129612
22,64,0.001056969
22,65,0.000430744
22,66,0.000542328
22,67,0.001232309
22,68,0.001222522
22,69,0.000280163
22,70,0.000468358
22,71,0.000143042
22,72,0.000426287
22,73,0.000103671
22,74,0.000622963
22,75,0.002045784
22,76,0.001145443
22,77,0.001448901
22,78,0.000998692
22,79,0.000485735
22,80,0.000372444
22,81,0.001173261
22,82,0.001436632
22,83,0.001011319
22,84,0.002272377
22,85,0.001123903
22,86,0.00159088
22,87,0.003419967
22,88,0.003301571
22,89,0.003954873
22,90,0.002302086
22,91,0.003344649
22,92,0.004012152
22,93,0.006547884
22,94,0.011541822
22,95,0.014265053
22,96,0.021482358
22,97,0.036563178
22,98,0.092880561
22,99,0.316435729
22,100,0.312971184
22,101,0.090597698
22,102,0.039814885
22,103,0.020598037
22,104,0.014033207
22,105,0.010474581
22,106,0.011371826
22,107,0.004334051
22,108,0.004052289
22,109,0.004644763
22,110,0.003755669
22,111,0.002420743
22,112,0.002654264
22,113,0.003176781
22,114,0.001370228
22,115,0.001498725
22,116,0.001947121
22,117,0.001121337
22,118,0.001541547
22,119,0.001054799
22,120,0.001126181
22,121,0.000764931
22,122,0.0001459
22,123,9.99885E-05
22,124,0.000643531
22,125,0.002631208
22,126,0.000277639
22,127,0.000942394
22,128,0.00038255
22,129,0.000421165
22,130,0.000216729
22,131,5.63724E-05
22,132,0.001104139
22,133,0.000604755
22,134,0.000797569
22,135,0.000102689
22,136,0.000558984
22,137,0.00094712
22,138,0.00032457
22,139,0.000197613
22,140,5.99947E-05
22,141,5.1052E-05
22,142,2.02197E-05
22,143,0.000195569
22,144,7.05614E-05
22,145,7.10305E-05
22,146,0.00034309
22,147,0.000190559
22,148,4.79741E-05
22,149,9.44555E-05
22,150,3.87257E-05
22,151,4.57807E-05
22,152,2.68865E-05
22,153,0.000223864
22,154,7.1172E-05
22,155,2.56531E-05
22,156,3.21607E-05
22,157,0.000520382
22,158,4.55623E-05
22,159,1.16711E-05
22,160,1.15767E-05
22,161,3.9707E-06
22,162,2.88461E-30
22,163,1.57658E-30
22,164,5.18247E-30
22,165,3.38767E-30
22,166,4.64501E-30
22,167,5.86529E-30
22,168,4.92449E-30
22,169,4.53762E-30
22,170,4.56258E-30
22,171,5.62636E-30
22,172,4.4916E-30
22,173,1.75546E-30
22,174,1.50544E-30
22,175,1.30904E-30
22,176,1.27475E-30
22,177,3.49945E-29
22,178,7.27409E-31
22,179,1.43463E-30
22,180,2.20759E-30
22,181,6.09935E-30
22,182,4.88816E-30
22,183,1.97117E-29
22,184,1.21451E-30
22,185,9.70236E-31
22,186,1.16748E-30
22,187,1.649E-30
22,188,1.94764E-30
22,189,1.92721E-30
22,190,1.2306E-30
22,191,1.4965E-30
22,192,2.72476E-30
22,193,1.24167E-30
22,194,6.34895E-31
22,195,9.82131E-31
22,196,4.95844E-31
22,197,4.94937E-31
22,198,1.85994E-30
22,199,7.78242E-31
23,0,1.14378E-30
23,1,7.64994E-31
23,2,8.01265E-31
23,3,1.06495E-30
23,4,1.78111E-30
23,5,8.71754E-30
23,6,1.28369E-30
23,7,2.88361E-30
23,8,9.16156E-31
23,9,1.36226E-30
23,10,1.77913E-30
23,11,2.06104E-30
23,12,1.46237E-30
23,13,1.00954E-30
23,14,5.51613E-31
23,15,5.75836E-31
23,16,7.32489E-31
23,17,9.43418E-31
23,18,1.58448E-30
23,19,2.32382E-30
23,20,1.80792E-30
23,21,1.44764E-30
23,22,1.3888E-30
23,23,1.24209E-30
23,24,2.03462E-30
23,25,2.3866E-30
23,26,2.25353E-30
23,27,2.37254E-30
23,28,3.6801E-30
23,29,1.51968E-30
23,30,1.95036E-30
23,31,2.31394E-30
23,32,2.93978E-30
23,33,2.68901E-30
23,34,2.05003E-30
23,35,3.09944E-06
23,36,1.44393E-05
23,37,9.34795E-06
23,38,1.729E-05
23,39,1.53783E-05
23,40,2.96183E-05
23,41,1.34168E-05
23,42,1.12802E-05
23,43,1.43314E-05
23,44,1.17807E-05
23,45,4.69518E-06
23,46,2.23182E-05
23,47,2.13589E-05
23,48,2.67504E-05
23,49,5.83595E-05
23,50,3.23608E-05
23,51,6.16033E-05
23,52,4.17364E-05
23,53,7.68793E-05
23,54,0.000202353
23,55,9.00939E-05
23,56,5.79282E-05
23,57,6.58795E-05
23,58,5.2729E-05
23,59,6.84721E-05
23,60,8.9495E-05
23,61,9.14477E-05
23,62,0.000589806
23,63,0.000345053
23,64,7.95993E-05
23,65,0.001540108
23,66,0.000426897
23,67,0.000486695
23,68,0.000270816
23,69,7.96815E-05
23,70,0.000226119
23,71,9.52882E-05
23,72,0.000475098
23,73,0.000787394
23,74,0.000142609
23,75,0.00011811
23,76,0.000720738
23,77,0.001192113
23,78,0.001006757
23,79,0.001191222
23,80,0.000347745
23,81,0.000369177
23,82,0.000381012
23,83,0.001366245
23,84,0.001226952
23,85,0.002162477
23,86,0.001917229
23,87,0.003083682
23,88,0.002166692
23,89,0.003394362
23,90,0.003151416
23,91,0.002697792
23,92,0.003036062
23,93,0.007904121
23,94,0.013649334
23,95,0.014212759
23,96,0.022196512
23,97,0.041742124
23,98,0.099485497
23,99,0.305772296
23,100,0.307305208
23,101,0.094257657
23,102,0.039018319
23,103,0.020426075
23,104,0.016995998
23,105,0.00632815
23,106,0.005933509
23,107,0.004761838
23,108,0.004865025
23,109,0.002194985
23,110,0.00421261
23,111,0.002019501
23,112,0.001969761
23,113,0.001250034
23,114,0.000628748
23,115,0.002260844
23,116,0.004201802
23,117,0.001102239
23,118,0.000809204
23,119,0.000337062
23,120,0.000423596
23,121,0.001067819
23,122,0.000204043
23,123,0.000322933
23,124,0.0006444
23,125,0.000371524
23,126,0.00022414
23,127,0.000185468
23,128,0.0004118
23,129,9.86177E-05
23,130,0.000579294
23,131,0.002510445
23,132,0.000596904
23,133,0.000785022
23,134,0.001655442
23,135,0.001271936
23,136,0.000151111
23,137,0.000538843
23,138,0.00171595
23,139,0.000125858
23,140,0.000561081
23,141,0.000138646
23,142,7.46908E-05
23,143,9.16367E-05
23,144,1.94464E-05
23,145,0.000140233
23,146,0.000240231
23,147,5.22618E-05
23,148,2.55654E-05
23,149,5.42696E-05
23,150,0.000348518
23,151,5.21059E-05
23,152,4.09061E-05
23,153,6.32845E-05
23,154,0.000211207
23,155,2.50533E-05
23,156,1.63177E-05
23,157,3.23533E-05
23,158,5.90576E-05
23,159,1.98271E-05
23,160,1.49544E-05
23,161,7.23381E-06
23,162,7.536E-06
23,163,1.45512E-05
23,164,3.89012E-07
23,165,7.26106E-31
23,166,1.08461E-30
23,167,2.19892E-30
23,168,3.26214E-31
23,169,2.803E-31
23,170,1.57228E-30
23,171,1.76618E-30
23,172,2.67413E-30
23,173,3.67033E-30
23,174,4.06234E-30
23,175,4.18237E-30
23,176,4.4211E-30
23,177,3.84017E-29
23,178,4.07237E-30
23,179,5.00744E-30
23,180,5.22708E-30
23,181,2.29509E-30
23,182,1.41473E-29
23,183,3.74913E-30
23,184,9.51763E-31
23,185,1.49301E-30
23,186,1.60224E-30
23,187,1.23067E-30
23,188,2.04267E-30
23,189,2.82381E-30
23,190,1.95223E-30
23,191,3.66036E-30
23,192,2.04151E-30
23,193,2.23949E-30
23,194,2.53774E-30
23,195,1.89426E-30
23,196,1.36876E-30
23,197,2.49171E-30
23,198,1.03529E-30
23,199,1.04358E-30
24,0,7.38269E-31
24,1,1.14416E-30
24,2,6.19414E-31
24,3,5.52013E-31
24,4,5.52013E-31
24,5,5.02778E-30
24,6,4.20873E-30
24,7,3.20954E-30
24,8,7.32394E-31
24,9,9.09617E-31
24,10,1.88903E-30
24,11,1.43567E-30
24,12,1.97666E-30
24,13,1.79499E-30
24,14,1.41453E-30
24,15,1.28074E-30
24,16,1.07901E-30
24,17,8.17928E-31
24,18,1.2899E-30
24,19,1.30394E-30
24,20,2.63409E-30
24,21,2.44435E-30
24,22,2.69647E-30
24,23,2.88656E-30
24,24,2.21638E-30
24,25,3.13691E-30
24,26,1.85955E-30
24,27,1.95996E-30
24,28,2.51146E-30
24,29,4.96055E-30
24,30,1.59172E-30
24,31,6.27008E-31
24,32,3.56163E-31
24,33,1.52792E-30
24,34,4.17647E-06
24,35,1.99407E-05
24,36,1.80056E-05
24,37,1.99941E-05
24,38,3.09518E-05
24,39,3.14833E-05
24,40,0.000144185
24,41,3.44847E-05
24,42,4.33944E-05
24,43,4.02496E-05
24,44,2.76948E-05
24,45,2.97425E-05
24,46,2.2978E-05
24,47,2.15059E-05
24,48,3.43696E-05
24,49,0.000390747
24,50,0.000110097
24,51,0.000212292
24,52,0.000518317
24,53,0.000100291
24,54,8.20999E-05
24,55,0.000110662
24,56,4.98814E-05
24,57,6.28997E-05
24,58,3.21482E-05
24,59,0.000298497
24,60,9.25888E-05
24,61,9.22206E-05
24,62,7.5326E-05
24,63,0.000379789
24,64,0.000351406
24,65,0.000345968
24,66,5.73823E-05
24,67,0.000134144
24,68,0.000204547
24,69,0.000125816
24,70,0.000569192
24,71,0.000276924
24,72,0.000236291
24,73,0.000527687
24,74,0.00032133
24,75,0.000804168
24,76,0.003071182
24,77,0.000852431
24,78,0.000767486
24,79,0.001153148
24,80,0.000465902
24,81,0.00136201
24,82,0.000534736
24,83,0.001393179
24,84,0.001720504
24,85,0.00242563
24,86,0.001783905
24,87,0.002747996
24,88,0.002008416
24,89,0.005612905
24,90,0.00361633
24,91,0.006089117
24,92,0.007153596
24,93,0.007037622
24,94,0.009829299
24,95,0.016236258
24,96,0.028054476
24,97,0.044205242
24,98,0.098902753
24,99,0.295724728
24,100,0.294519192
24,101,0.096274636
24,102,0.038809347
24,103,0.021849241
24,104,0.015112875
24,105,0.011842731
24,106,0.008268723
24,107,0.003743632
24,108,0.00418407
24,109,0.003888915
24,110,0.006730724
24,111,0.001641479
24,112,0.000495434
24,113,0.00178387
24,114,0.001163567
24,115,0.002341224
24,116,0.003001826
24,117,0.000957375
24,118,0.001932676
24,119,0.000386118
24,120,0.00215624
24,121,0.000347572
24,122,0.000552139
24,123,0.000398733
24,124,0.00047363
24,125,0.000549668
24,126,0.000363448
24,127,0.000599764
24,128,0.000612253
24,129,0.00031477
24,130,0.000580741
24,131,0.000239701
24,132,0.00128805
24,133,0.000601225
24,134,0.000265379
24,135,0.001336706
24,136,0.000297049
24,137,0.000742993
24,138,0.000362948
24,139,0.000321087
24,140,0.000542685
24,141,0.000835534
24,142,0.000672488
24,143,0.000336416
24,144,0.000332238
24,145,0.000103901
24,146,0.000163704
24,147,9.71054E-05
24,148,3.52444E-05
24,149,2.82777E-05
24,150,3.13472E-05
24,151,0.000301373
24,152,6.3519E-05
24,153,0.000482263
24,154,2.26142E-05
24,155,6.60037E-06
24,156,1.87872E-05
24,157,9.30749E-06
24,158,2.78001E-05
24,159,1.15319E-05
24,160,1.31568E-05
24,161,8.8009E-06
24,162,1.4102E-05
24,163,6.5239E-07
24,164,1.09768E-30
24,165,1.46014E-30
24,166,1.2E-30
24,167,2.13739E-30
24,168,8.82649E-31
24,169,2.58544E-30
24,170,1.64491E-30
24,171,1.49473E-30
24,172,1.02524E-30
24,173,9.33776E-31
24,174,9.68511E-31
24,175,9.24209E-31
24,176,7.05398E-31
24,177,3.74189E-29
24,178,5.07565E-30
24,179,4.78359E-30
24,180,4.40984E-30
24,181,4.21467E-30
24,182,2.08069E-29
24,183,4.3112E-30
24,184,4.51978E-30
24,185,4.26765E-30
24,186,2.20071E-30
24,187,9.92067E-31
24,188,8.80194E-31
24,189,1.6503E-30
24,190,9.5913E-31
24,191,2.77336E-30
24,192,9.52412E-31
24,193,1.37629E-30
24,194,1.07502E-30
24,195,8.65245E-31
24,196,1.65991E-30
24,197,1.81169E-30
24,198,1.76363E-30
24,199,1.74691E-30
25,0,1.40732E-30
25,1,6.37931E-31
25,2,4.90845E-31
25,3,2.8543E-31
25,4,1.73838E-31
25,5,1.81991E-31
25,6,7.55852E-30
25,7,1.7153E-30
25,8,2.18509E-30
25,9,8.33077E-31
25,10,1.65925E-30
25,11,7.71679E-31
25,12,1.32663E-30
25,13,1.85608E-30
25,14,1.97495E-30
25,15,1.81053E-30
25,16,3.09E-30
25,17,2.82126E-30
25,18,2.8516E-30
25,19,2.76505E-30
25,20,8.18585E-31
25,21,1.02006E-30
25,22,8.93207E-31
25,23,7.4713E-31
25,24,7.2546E-31
25,25,1.69977E-30
25,26,1.97571E-30
25,27,1.61827E-30
25,28,1.49446E-30
25,29,2.69729E-30
25,30,5.50928E-30
25,31,2.41128E-30
25,32,3.84111E-07
25,33,1.0466E-05
25,34,2.44876E-05
25,35,2.20169E-05
25,36,3.89563E-05
25,37,2.9263E-05
25,38,2.13395E-05
25,39,1.69112E-05
25,40,2.6534E-05
25,41,3.58338E-05
25,42,3.50351E-05
25,43,3.93743E-05
25,44,4.57713E-05
25,45,4.13237E-05
25,46,4.91663E-05
25,47,3.67738E-05
25,48,6.40731E-05
25,49,0.000183851
25,50,0.000229692
25,51,0.000612975
25,52,0.000289684
25,53,0.000111065
25,54,0.000358278
25,55,4.05518E-05
25,56,2.55314E-05
25,57,7.13869E-05
25,58,0.00018572
25,59,0.000161393
25,60,5.89222E-05
25,61,0.000971675
25,62,0.001232574
25,63,0.00047937
25,64,0.000265081
25,65,8.00145E-05
25,66,0.000132497
25,67,0.000130155
25,68,0.000479992
25,69,0.000142438
25,70,0.000386143
25,71,0.001325156
25,72,0.001204136
25,73,0.000914708
25,74,0.000783355
25,75,0.000634754
25,76,0.001068439
25,77,0.000911516
25,78,0.00064792
25,79,0.000730626
25,80,0.001090488
25,81,0.00030757
25,82,0.000494315
25,83,0.004090516
25,84,0.002162065
25,85,0.00223793
25,86,0.000918587
25,87,0.002766999
25,88,0.001633818
25,89,0.002992126
25,90,0.005741161
25,91,0.008193861
25,92,0.005476235
25,93,0.004075951
25,94,0.0069231
25,95,0.013899061
25,96,0.019356053
25,97,0.04711111
25,98,0.109058644
25,99,0.283274828
25,100,0.284415618
25,101,0.09839388
25,102,0.048810504
25,103,0.02225967
25,104,0.019142377
25,105,0.011927114
25,106,0.006035249
25,107,0.005068958
25,108,0.002957254
25,109,0.004138889
25,110,0.002817027
25,111,0.002005242
25,112,0.001016457
25,113,0.00154319
25,114,0.000666906
25,115,0.001383239
25,116,0.000915337
25,117,0.001917186
25,118,0.000539675
25,119,0.000914478
25,120,0.001026953
25,121,0.00212279
25,122,0.000840702
25,123,0.001110334
25,124,0.002009866
25,125,0.000641704
25,126,0.000622969
25,127,0.000965788
25,128,0.000384703
25,129,0.000682925
25,130,0.001614128
25,131,0.001350861
25,132,0.0005407
25,133,0.000240503
25,134,0.00015064
25,135,0.000726749
25,136,0.000215977
25,137,0.000634544
25,138,0.000335033
25,139,0.000768421
25,140,0.000873504
25,141,0.001186515
25,142,0.000177269
25,143,0.000284815
25,144,0.000325866
25,145,0.000607066
25,146,0.000430197
25,147,0.000388472
25,148,0.000255969
25,149,4.05046E-05
25,150,4.28055E-05
25,151,8.30502E-05
25,152,7.12269E-05
25,153,4.67193E-05
25,154,3.62713E-05
25,155,3.98305E-05
25,156,1.65407E-05
25,157,2.37695E-30
25,158,5.22731E-06
25,159,2.29114E-05
25,160,2.7054E-05
25,161,2.14E-05
25,162,6.39731E-06
25,163,3.34164E-31
25,164,7.89006E-31
25,165,8.48625E-31
25,166,2.49561E-30
25,167,1.92722E-30
25,168,3.04926E-30
25,169,1.57133E-30
25,170,1.31847E-30
25,171,1.43171E-30
25,172,1.22133E-30
25,173,1.06475E-30
25,174,1.94978E-30
25,175,4.06323E-30
25,176,4.0848E-30
25,177,3.67515E-29
25,178,1.42279E-30
25,179,4.49777E-31
25,180,2.90238E-31
25,181,6.35657E-30
25,182,1.16801E-29
25,183,8.45791E-31
25,184,5.17238E-31
25,185,3.51207E-31
25,186,2.35221E-30
25,187,4.03262E-30
25,188,4.58169E-30
25,189,5.35175E-30
25,190,4.52407E-30
25,191,5.49848E-30
25,192,4.60551E-30
25,193,2.18742E-30
25,194,4.08712E-31
25,195,5.86109E-31
25,196,1.78333E-30
25,197,1.21971E-30
25,198,8.39963E-31
25,199,6.85183E-31
26,0,2.11131E-30
26,1,1.97738E-30
26,2,1.6698E-30
26,3,5.14133E-31
26,4,4.07872E-31
26,5,4.09723E-31
26,6,7.3883E-30
26,7,6.24113E-31
26,8,2.74359E-30
26,9,9.18229E-31
26,10,9.90796E-31
26,11,1.18264E-30
26,12,2.08931E-30
26,13,2.34443E-30
26,14,2.79864E-30
26,15,2.79634E-30
26,16,9.57331E-31
26,17,1.3839E-30
26,18,1.55579E-30
26,19,8.98568E-31
26,20,1.41364E-30
26,21,1.16854E-30
26,22,1.01768E-30
26,23,1.01388E-30
26,24,7.02618E-31
26,25,4.72884E-32
26,26,1.26099E-30
26,27,5.00599E-31
26,28,5.91781E-31
26,29,6.65802E-31
26,30,2.6666E-30
26,31,3.42881E-30
26,32,1.00642E-30
26,33,7.55099E-31
26,34,7.9262E-06
26,35,1.11575E-30
26,36,2.37681E-05
26,37,1.55321E-05
26,38,5.06133E-05
26,39,3.84285E-05
26,40,2.52559E-05
26,41,4.78439E-05
26,42,2.46071E-05
26,43,1.87958E-05
26,44,1.96942E-05
26,45,4.64602E-05
26,46,5.91736E-05
26,47,7.576E-05
26,48,6.1925E-05
26,49,6.97697E-05
26,50,0.000432056
26,51,6.84256E-05
26,52,6.92422E-05
26,53,0.000138017
26,54,0.000101677
26,55,9.98335E-05
26,56,0.000118713
26,57,0.000682289
26,58,0.000150003
26,59,0.000223458
26,60,4.7272E-05
26,61,0.000349925
26,62,0.000225326
26,63,0.0003348
26,64,9.67169E-05
26,65,9.52922E-05
26,66,0.000142124
26,67,0.000526047
26,68,0.000375112
26,69,0.000143204
26,70,0.000199937
26,71,0.000321725
26,72,0.001600693
26,73,0.00086805
26,74,0.000586722
26,75,0.000796815
26,76,0.001959876
26,77,0.000846732
26,78,0.000294025
26,79,0.000571225
26,80,0.000629198
26,81,0.000878332
26,82,0.0016993
26,83,0.001977409
26,84,0.001860363
26,85,0.001903804
26,86,0.002171746
26,87,0.001954407
26,88,0.002232571
26,89,0.004907516
26,90,0.004139526
26,91,0.009145209
26,92,0.006894719
26,93,0.005731773
26,94,0.00757348
26,95,0.014098336
26,96,0.027777755
26,97,0.053429122
26,98,0.115570866
26,99,0.273841312
26,100,0.27375349
26,101,0.104807645
26,102,0.046548725
26,103,0.023627705
26,104,0.014937417
26,105,0.014642687
26,106,0.011883511
26,107,0.010070137
26,108,0.009616785
26,109,0.003873608
26,110,0.002921886
26,111,0.002581152
26,112,0.003672957
26,113,0.00148381
26,114,0.001521201
26,115,0.00204302
26,116,0.001196647
26,117,0.000880494
26,118,0.000567971
26,119,0.001173389
26,120,0.000419709
26,121,0.000556278
26,122,0.00043248
26,123,0.000607775
26,124,0.001393117
26,125,0.001093368
26,126,0.000585537
26,127,0.001360063
26,128,0.001354145
26,129,0.001311241
26,130,0.000245349
26,131,0.00043207
26,132,0.000169715
26,133,0.000241488
26,134,9.03405E-05
26,135,0.000788777
26,136,0.000176452
26,137,0.000171361
26,138,0.000134389
26,139,0.001754919
26,140,0.000132925
26,141,0.001419189
26,142,0.001125241
26,143,0.00091636
26,144,5.09206E-05
26,145,4.98379E-05
26,146,0.000111416
26,147,0.000161918
26,148,0.001356375
26,149,0.00103756
26,150,0.000175316
26,151,0.000203196
26,152,0.000302279
26,153,0.000618033
26,154,0.00058299
26,155,4.70946E-05
26,156,3.95163E-05
26,157,2.75128E-05
26,158,2.23759E-05
26,159,5.76743E-05
26,160,0.000170956
26,161,3.03557E-05
26,162,1.31684E-05
26,163,2.14681E-05
26,164,2.3138E-05
26,165,1.768E-05
26,166,7.65856E-06
26,167,3.91996E-06
26,168,7.78803E-31
26,169,6.87433E-31
26,170,1.39064E-30
26,171,8.69572E-31
26,172,2.15465E-30
26,173,3.6875E-30
26,174,3.3791E-30
26,175,1.02937E-30
26,176,2.92867E-30
26,177,3.56813E-29
26,178,1.50319E-30
26,179,1.63828E-30
26,180,1.16936E-30
26,181,1.79302E-29
26,182,6.4886E-31
26,183,4.08789E-31
26,184,5.28496E-31
26,185,8.07133E-31
26,186,1.1525E-30
26,187,8.84658E-31
26,188,2.37542E-30
26,189,7.0886E-31
26,190,2.59204E-30
26,191,9.76613E-31
26,192,9.0179E-31
26,193,2.31202E-30
26,194,3.7439E-30
26,195,4.67979E-30
26,196,4.69855E-30
26,197,4.15459E-30
26,198,4.08942E-30
26,199,4.07792E-30
27,0,8.36271E-31
27,1,1.70461E-30
27,2,2.26864E-30
27,3,2.67036E-30
27,4,1.60127E-30
27,5,7.0789E-31
27,6,1.81328E-30
27,7,6.48451E-30
27,8,3.63416E-30
27,9,2.125E-30
27,10,2.09976E-30
27,11,2.54719E-30
27,12,5.78157E-31
27,13,4.374E-31
27,14,6.05905E-31
27,15,8.8167E-31
27,16,1.67074E-30
27,17,1.60388E-30
27,18,1.28107E-30
27,19,1.85546E-30
27,20,1.60182E-30
27,21,6.87968E-31
27,22,7.04087E-31
27,23,1.21194E-30
27,24,1.44626E-30
27,25,7.79855E-31
27,26,8.5559E-31
27,27,1.02444E-30
27,28,5.54114E-31
27,29,4.14371E-31
27,30,1.14154E-31
27,31,2.52123E-30
27,32,1.97928E-30
27,33,2.52908E-31
27,34,7.8969E-06
27,35,8.52554E-31
27,36,5.75507E-06
27,37,1.92706E-05
27,38,2.42463E-05
27,39,2.45679E-05
27,40,1.78305E-05
27,41,4.14812E-05
27,42,0.000274271
27,43,6.76685E-05
27,44,3.98158E-05
27,45,4.80076E-05
27,46,5.95447E-05
27,47,4.98373E-05
27,48,2.16064E-05
27,49,2.68766E-05
27,50,7.0462E-05
27,51,0.000199629
27,52,9.6505E-05
27,53,0.000103766
27,54,9.80871E-05
27,55,0.000133112
27,56,0.000159111
27,57,6.8644E-05
27,58,0.00048828
27,59,0.000265213
27,60,0.0002104
27,61,0.000210937
27,62,0.00015708
27,63,0.000100442
27,64,0.0001116
27,65,0.000181653
27,66,0.000200282
27,67,0.00010729
27,68,0.001181665
27,69,0.000166841
27,70,0.000166617
27,71,0.000527751
27,72,0.002182407
27,73,0.000618675
27,74,0.00098848
27,75,0.002883966
27,76,0.001999947
27,77,0.000589292
27,78,0.001262131
27,79,0.000249854
27,80,0.00052619
27,81,0.000433183
27,82,0.00194944
27,83,0.001158718
27,84,0.001973812
27,85,0.003896812
27,86,0.002592265
27,87,0.004814611
27,88,0.002756764
27,89,0.004319203
27,90,0.004794707
27,91,0.006251589
27,92,0.007817743
27,93,0.011188941
27,94,0.008210962
27,95,0.012595705
27,96,0.02424633
27,97,0.051369548
27,98,0.114955413
27,99,0.270546076
27,100,0.27216536
27,101,0.114892075
27,102,0.047508219
27,103,0.028949282
27,104,0.013524405
27,105,0.013320708
27,106,0.010021627
27,107,0.00658638
27,108,0.003613874
27,109,0.00184673
27,110,0.005557736
27,111,0.0022873
27,112,0.004091619
27,113,0.001919848
27,114,0.001514935
27,115,0.00230614
27,116,0.001837533
27,117,0.001445213
27,118,0.001093637
27,119,0.000809109
27,120,0.001002525
27,121,0.00029579
27,122,0.00115978
27,123,0.000772994
27,124,0.000316621
27,125,0.00078318
27,126,0.000802386
27,127,0.002231464
27,128,0.00074666
27,129,0.000644897
27,130,0.000553487
27,131,0.000644217
27,132,0.000838771
27,133,0.000353631
27,134,0.000302452
27,135,0.000209742
27,136,0.000574306
27,137,0.000318881
27,138,0.000186914
27,139,0.000873179
27,140,0.000568414
27,141,0.001283026
27,142,0.002481341
27,143,0.000732501
27,144,8.90725E-05
27,145,6.49399E-05
27,146,8.63203E-05
27,147,6.12479E-05
27,148,0.000650196
27,149,0.000133269
27,150,4.19266E-05
27,151,0.000183879
27,152,9.36881E-05
27,153,8.83896E-05
27,154,8.38071E-05
27,155,3.47136E-05
27,156,1.24071E-05
27,157,1.65056E-05
27,158,3.17749E-05
27,159,7.65384E-05
27,160,3.26772E-05
27,161,2.96737E-05
27,162,2.56955E-05
27,163,2.10484E-05
27,164,7.00478E-06
27,165,3.82026E-06
27,166,2.07573E-05
27,167,1.77788E-06
27,168,9.82753E-31
27,169,9.84738E-31
27,170,3.55626E-30
27,171,4.11368E-30
27,172,2.60051E-30
27,173,1.56773E-30
27,174,1.46367E-30
27,175,3.7383E-30
27,176,3.28491E-29
27,177,4.38565E-30
27,178,1.49339E-30
27,179,1.64583E-30
27,180,1.97302E-30
27,181,1.79881E-29
27,182,1.69665E-30
27,183,1.76435E-30
27,184,1.53088E-30
27,185,1.53102E-30
27,186,1.34145E-30
27,187,1.06061E-30
27,188,2.12456E-30
27,189,1.00027E-30
27,190,2.24355E-30
27,191,8.57666E-31
27,192,7.06139E-31
27,193,6.36342E-31
27,194,8.67569E-31
27,195,2.34401E-30
27,196,9.35495E-31
27,197,7.46561E-31
27,198,6.0944E-31
27,199,1.08125E-30
28,0,2.65493E-31
28,1,7.81515E-31
28,2,7.67256E-31
28,3,1.52226E-30
28,4,4.24939E-30
28,5,3.77466E-30
28,6,2.24836E-30
28,7,8.82414E-30
28,8,2.46046E-30
28,9,1.08051E-30
28,10,9.14311E-31
28,11,1.4734E-30
28,12,3.62124E-31
28,13,3.88998E-31
28,14,6.04212E-31
28,15,8.50282E-31
28,16,1.14254E-30
28,17,1.26808E-30
28,18,1.93854E-30
28,19,1.067E-30
28,20,1.69902E-30
28,21,1.04594E-30
28,22,9.55592E-31
28,23,3.41729E-31
28,24,7.4609E-31
28,25,1.48201E-30
28,26,6.8933E-31
28,27,1.13829E-30
28,28,4.93181E-31
28,29,6.01563E-31
28,30,5.94398E-31
28,31,3.21921E-06
28,32,4.70954E-06
28,33,1.85552E-30
28,34,4.98495E-06
28,35,1.52786E-05
28,36,1.1937E-05
28,37,1.37877E-05
28,38,1.19044E-05
28,39,2.66345E-05
28,40,3.77375E-05
28,41,5.16023E-05
28,42,7.27556E-05
28,43,5.04597E-05
28,44,7.90258E-05
28,45,4.98711E-05
28,46,1.85692E-05
28,47,4.58438E-05
28,48,6.11653E-05
28,49,9.61441E-05
28,50,6.93435E-05
28,51,7.63955E-05
28,52,9.40123E-05
28,53,6.2081E-05
28,54,8.37967E-05
28,55,0.000117343
28,56,0.00015891
28,57,0.000138904
28,58,0.000369915
28,59,0.000336295
28,60,6.03788E-05
28,61,0.000105708
28,62,0.000322803
28,63,0.00049188
28,64,0.000161504
28,65,0.000174028
28,66,0.000148398
28,67,0.0003809
28,68,0.000787171
28,69,0.00045236
28,70,0.000188523
28,71,0.000251174
28,72,0.000220307
28,73,0.000452813
28,74,0.000306084
28,75,0.00030331
28,76,0.001392917
28,77,0.001246909
28,78,0.002185799
28,79,0.001502489
28,80,0.001525386
28,81,0.001061719
28,82,0.00083411
28,83,0.001890127
28,84,0.001359126
28,85,0.001980868
28,86,0.002139711
28,87,0.003511359
28,88,0.00646717
28,89,0.00564555
28,90,0.005280268
28,91,0.007701886
28,92,0.005829857
28,93,0.009224811
28,94,0.014895572
28,95,0.019282011
28,96,0.035907895
28,97,0.052644546
28,98,0.112976283
28,99,0.264996755
28,100,0.250041179
28,101,0.1134628
28,102,0.056973999
28,103,0.031976249
28,104,0.017239124
28,105,0.014148824
28,106,0.011269884
28,107,0.008558778
28,108,0.004980423
28,109,0.003006637
28,110,0.004410993
28,111,0.003833354
28,112,0.003990977
28,113,0.002601725
28,114,0.004360044
28,115,0.001476708
28,116,0.001281007
28,117,0.00065121
28,118,0.002013396
28,119,0.002308294
28,120,0.001989145
28,121,0.000516301
28,122,0.000565367
28,123,0.000825625
28,124,0.000250154
28,125,0.000457346
28,126,0.000904917
28,127,0.000500914
28,128,0.000919308
28,129,0.00112103
28,130,0.000333951
28,131,0.000172023
28,132,0.001440816
28,133,0.000531894
28,134,0.000926972
28,135,0.00091564
28,136,0.000192323
28,137,0.000147253
28,138,0.000146394
28,139,0.000110642
28,140,0.000140434
28,141,0.000582047
28,142,0.00074896
28,143,0.001444908
28,144,0.000216989
28,145,0.000346959
28,146,0.00012002
28,147,0.000754657
28,148,9.85469E-05
28,149,0.000548731
28,150,0.000233675
28,151,0.000574468
28,152,0.000304171
28,153,0.000889852
28,154,0.000629953
28,155,1.14302E-05
28,156,3.0961E-05
28,157,2.78454E-05
28,158,0.000640233
28,159,5.42079E-05
28,160,7.5713E-06
28,161,1.87568E-05
28,162,2.08886E-05
28,163,2.22053E-05
28,164,3.96145E-05
28,165,2.72186E-05
28,166,1.80062E-05
28,167,4.76332E-06
28,168,4.58008E-06
28,169,5.56886E-06
28,170,1.63668E-30
28,171,8.63531E-31
28,172,6.99432E-31
28,173,2.1648E-30
28,174,3.997E-30
28,175,1.30746E-30
28,176,3.50649E-29
28,177,1.07764E-30
28,178,9.23105E-31
28,179,5.44409E-31
28,180,1.41777E-29
28,181,2.90591E-30
28,182,1.94345E-31
28,183,4.37269E-31
28,184,4.63928E-31
28,185,1.10431E-30
28,186,1.18761E-30
28,187,1.13607E-30
28,188,2.78127E-30
28,189,1.24644E-30
28,190,2.67023E-30
28,191,1.44294E-30
28,192,7.76937E-31
28,193,9.50639E-31
28,194,2.62981E-30
28,195,7.72445E-31
28,196,7.50641E-31
28,197,1.04429E-30
28,198,1.35435E-30
28,199,7.84318E-31
29,0,2.12386E-30
29,1,2.32596E-30
29,2,2.68806E-30
29,3,2.45609E-30
29,4,7.53486E-31
29,5,1.86655E-30
29,6,3.36216E-30
29,7,7.33025E-30
29,8,2.36882E-30
29,9,2.39022E-30
29,10,6.12355E-31
29,11,1.76674E-30
29,12,1.3661E-30
29,13,1.0093E-30
29,14,8.0078E-31
29,15,7.54491E-31
29,16,9.12426E-31
29,17,7.55043E-31
29,18,8.1803E-31
29,19,9.84116E-31
29,20,3.0579E-30
29,21,1.18229E-30
29,22,5.72616E-31
29,23,9.78724E-31
29,24,6.69756E-31
29,25,5.38572E-31
29,26,1.13792E-30
29,27,1.88334E-30
29,28,1.25868E-30
29,29,7.63328E-31
29,30,1.00076E-30
29,31,8.37017E-31
29,32,9.34873E-31
29,33,9.06073E-06
29,34,1.51447E-05
29,35,2.12932E-05
29,36,1.5595E-05
29,37,2.72539E-05
29,38,4.32238E-05
29,39,3.44246E-05
29,40,3.50683E-05
29,41,2.88892E-05
29,42,0.000121056
29,43,4.89274E-05
29,44,3.75197E-05
29,45,2.81439E-05
29,46,8.53737E-05
29,47,6.76651E-05
29,48,0.000730399
29,49,0.001094296
29,50,0.00052362
29,51,0.000278362
29,52,0.000116034
29,53,9.89626E-05
29,54,0.000623192
29,55,6.12454E-05
29,56,0.00011595
29,57,0.000139638
29,58,0.000148421
29,59,0.001535293
29,60,0.0007981
29,61,0.000236619
29,62,0.000163942
29,63,0.000394796
29,64,8.48127E-05
29,65,0.000793306
29,66,0.000135508
29,67,0.000220517
29,68,0.000363664
29,69,0.000179012
29,70,0.00018815
29,71,0.000927112
29,72,0.000346806
29,73,0.000221143
29,74,0.000212506
29,75,0.000480087
29,76,0.000541901
29,77,0.000728999
29,78,0.001746548
29,79,0.001178174
29,80,0.000564136
29,81,0.001419961
29,82,0.001353472
29,83,0.003967818
29,84,0.001436179
29,85,0.00347463
29,86,0.00169078
29,87,0.003507572
29,88,0.004072624
29,89,0.007324418
29,90,0.004780709
29,91,0.00556018
29,92,0.006831435
29,93,0.010224921
29,94,0.009349575
29,95,0.017061987
29,96,0.03366362
29,97,0.053488223
29,98,0.117648523
29,99,0.252839266
29,100,0.247045265
29,101,0.116814171
29,102,0.058523134
29,103,0.032521715
29,104,0.01842895
29,105,0.013451795
29,106,0.011029339
29,107,0.012962108
29,108,0.004156141
29,109,0.005420338
29,110,0.002798701
29,111,0.00408001
29,112,0.003152625
29,113,0.002550358
29,114,0.002783392
29,115,0.003445913
29,116,0.002166085
29,117,0.001452219
29,118,0.002746021
29,119,0.001661301
29,120,0.002170235
29,121,0.000919674
29,122,0.00062396
29,123,0.001176317
29,124,0.000413785
29,125,0.000231327
29,126,0.000864679
29,127,0.000627659
29,128,0.000513227
29,129,0.001125971
29,130,0.00042074
29,131,0.000505063
29,132,0.000215803
29,133,0.000270806
29,134,0.000223556
29,135,0.000162075
29,136,0.002468117
29,137,0.000128175
29,138,0.000229808
29,139,0.000216408
29,140,0.000153885
29,141,0.000387388
29,142,0.000175388
29,143,0.000137565
29,144,0.000171738
29,145,0.001344245
29,146,6.46791E-05
29,147,0.000486683
29,148,0.000953756
29,149,0.000314509
29,150,9.52435E-05
29,151,5.96104E-05
29,152,0.000146757
29,153,0.00019928
29,154,8.74976E-05
29,155,5.40604E-05
29,156,3.1154E-05
29,157,0.000134007
29,158,4.73287E-05
29,159,1.68989E-05
29,160,1.7328E-05
29,161,1.00195E-05
29,162,2.37746E-05
29,163,3.83957E-05
29,164,0.000498477
29,165,1.93043E-05
29,166,3.46001E-05
29,167,2.32684E-05
29,168,1.72607E-05
29,169,1.45997E-05
29,170,7.19707E-06
29,171,1.29286E-30
29,172,2.78964E-30
29,173,3.78393E-30
29,174,9.01139E-31
29,175,5.52021E-31
29,176,3.52819E-29
29,177,1.17998E-30
29,178,5.19318E-31
29,179,3.72596E-31
29,180,1.68989E-29
29,181,5.20768E-31
29,182,4.55249E-31
29,183,7.01719E-31
29,184,1.04334E-30
29,185,6.98497E-31
29,186,5.229E-31
29,187,9.67386E-31
29,188,2.05511E-30
29,189,2.04673E-30
29,190,1.16792E-30
29,191,8.97484E-31
29,192,1.12711E-30
29,193,2.39727E-30
29,194,1.96821E-30
29,195,1.63336E-30
29,196,1.36597E-30
29,197,1.05457E-30
29,198,8.61355E-31
29,199,5.85854E-31
30,0,6.78823E-31
30,1,6.1366E-31
30,2,8.5285E-31
30,3,1.23858E-30
30,4,9.32357E-31
30,5,9.35106E-31
30,6,5.04374E-31
30,7,1.9865E-30
30,8,1.03938E-29
30,9,3.29826E-30
30,10,5.00865E-31
30,11,3.81813E-31
30,12,1.60302E-30
30,13,4.73767E-31
30,14,3.04283E-31
30,15,1.85182E-31
30,16,1.85182E-31
30,17,5.95183E-31
30,18,1.04915E-30
30,19,1.25234E-30
30,20,2.32826E-30
30,21,2.30301E-30
30,22,2.08765E-30
30,23,1.61749E-30
30,24,9.97536E-31
30,25,1.35298E-30
30,26,1.47915E-30
30,27,1.31253E-30
30,28,0.000242774
30,29,8.81129E-06
30,30,7.08147E-06
30,31,1.07619E-05
30,32,2.28921E-05
30,33,2.48177E-05
30,34,0.000261559
30,35,4.50656E-05
30,36,3.18792E-05
30,37,2.94256E-05
30,38,3.79983E-05
30,39,2.85296E-05
30,40,4.95264E-05
30,41,7.09545E-05
30,42,6.81479E-05
30,43,3.0277E-05
30,44,4.85098E-05
30,45,5.90262E-05
30,46,8.94857E-05
30,47,8.43082E-05
30,48,0.000376321
30,49,3.81681E-05
30,50,0.001656928
30,51,7.2487E-05
30,52,4.36971E-05
30,53,7.32489E-05
30,54,0.000793563
30,55,0.00010055
30,56,6.12452E-05
30,57,0.000192651
30,58,0.000130033
30,59,0.00115565
30,60,0.000904314
30,61,0.000197206
30,62,0.000169675
30,63,6.71609E-05
30,64,4.08405E-05
30,65,0.000121254
30,66,0.000228499
30,67,0.000313441
30,68,0.000145375
30,69,0.000201621
30,70,0.000249289
30,71,0.000351031
30,72,0.000651556
30,73,0.001457517
30,74,0.00073946
30,75,0.000411267
30,76,0.000407822
30,77,0.002066429
30,78,0.000848575
30,79,0.000586309
30,80,0.001327021
30,81,0.001424918
30,82,0.00166456
30,83,0.003944296
30,84,0.001395345
30,85,0.003248368
30,86,0.002273495
30,87,0.002020823
30,88,0.004083958
30,89,0.004667208
30,90,0.005141598
30,91,0.006450429
30,92,0.012949088
30,93,0.014311411
30,94,0.009177256
30,95,0.020369476
30,96,0.035235617
30,97,0.060171565
30,98,0.126648967
30,99,0.246827658
30,100,0.237703288
30,101,0.118781163
30,102,0.055914133
30,103,0.02684081
30,104,0.018850396
30,105,0.013303802
30,106,0.011312186
30,107,0.00794514
30,108,0.005303832
30,109,0.002130794
30,110,0.002033412
30,111,0.002645154
30,112,0.002857188
30,113,0.003120861
30,114,0.002075319
30,115,0.002912467
30,116,0.00127676
30,117,0.002192367
30,118,0.000901342
30,119,0.001157625
30,120,0.001625203
30,121,0.001913423
30,122,0.001228251
30,123,0.000788974
30,124,0.00109325
30,125,0.000596795
30,126,0.000515465
30,127,0.000420972
30,128,0.000387565
30,129,0.000701287
30,130,0.000381905
30,131,0.0021514
30,132,0.000215999
30,133,0.000869404
30,134,0.00063876
30,135,0.000180183
30,136,0.00064664
30,137,0.000237642
30,138,0.000151322
30,139,0.000235383
30,140,0.000412439
30,141,0.000385501
30,142,8.60204E-05
30,143,0.000424272
30,144,0.000519639
30,145,0.000138815
30,146,0.000355638
30,147,0.000101821
30,148,0.000332665
30,149,0.000707795
30,150,0.000306534
30,151,0.000362194
30,152,0.000317493
30,153,8.50133E-05
30,154,0.000204012
30,155,5.95369E-05
30,156,4.00813E-05
30,157,3.67769E-05
30,158,3.19536E-05
30,159,3.15079E-05
30,160,0.00035921
30,161,0.000326012
30,162,1.29198E-05
30,163,7.8841E-05
30,164,2.14197E-05
30,165,6.94095E-06
30,166,1.49776E-05
30,167,2.03558E-05
30,168,2.7182E-05
30,169,2.04806E-05
30,170,2.17009E-05
30,171,5.68736E-06
30,172,3.57963E-30
30,173,1.2148E-30
30,174,1.0662E-30
30,175,1.15256E-30
30,176,3.47368E-29
30,177,4.44232E-31
30,178,6.54005E-31
30,179,6.55563E-30
30,180,1.18141E-29
30,181,1.37576E-30
30,182,1.49126E-30
30,183,1.71498E-30
30,184,1.36268E-30
30,185,8.74096E-31
30,186,6.68581E-31
30,187,2.12254E-30
30,188,1.13387E-30
30,189,2.86233E-30
30,190,1.38695E-30
30,191,1.18118E-30
30,192,1.69203E-30
30,193,2.21171E-30
30,194,8.1634E-31
30,195,3.91591E-31
30,196,8.59417E-31
30,197,1.1064E-30
30,198,1.14875E-30
30,199,1.87476E-30
31,0,6.94419E-31
31,1,3.82151E-31
31,2,3.70867E-31
31,3,5.58124E-31
31,4,6.67315E-31
31,5,6.75498E-31
31,6,1.48797E-30
31,7,1.27543E-30
31,8,7.9183E-30
31,9,4.70708E-30
31,10,2.8884E-30
31,11,1.51916E-30
31,12,1.38707E-30
31,13,4.89614E-31
31,14,4.59971E-31
31,15,1.5035E-31
31,16,0
31,17,1.97383E-31
31,18,5.88431E-31
31,19,1.1366E-30
31,20,2.0952E-30
31,21,9.43851E-31
31,22,1.24756E-30
31,23,1.22253E-30
31,24,1.75978E-30
31,25,1.17651E-30
31,26,1.07175E-30
31,27,1.16026E-30
31,28,1.81055E-05
31,29,1.77029E-05
31,30,2.15815E-05
31,31,2.4767E-05
31,32,3.86607E-05
31,33,5.12622E-05
31,34,0.000480018
31,35,0.00025624
31,36,3.40124E-05
31,37,3.67893E-05
31,38,4.76681E-05
31,39,4.8642E-05
31,40,3.02575E-05
31,41,3.05431E-05
31,42,4.04182E-05
31,43,4.19939E-05
31,44,4.99177E-05
31,45,7.98148E-05
31,46,5.27191E-05
31,47,4.88098E-05
31,48,0.000705836
31,49,8.19927E-05
31,50,0.000112903
31,51,0.000428214
31,52,0.000159788
31,53,0.000105205
31,54,0.000677267
31,55,0.000488519
31,56,0.00027208
31,57,0.000227543
31,58,0.000181131
31,59,0.000558699
31,60,0.000196599
31,61,0.001622161
31,62,0.00081558
31,63,0.000276641
31,64,0.000215668
31,65,0.000245765
31,66,0.000151826
31,67,0.000194194
31,68,0.000160121
31,69,0.000153774
31,70,0.000130897
31,71,0.000392336
31,72,0.000688681
31,73,0.000307412
31,74,0.000350823
31,75,0.000580201
31,76,0.000431972
31,77,0.000828674
31,78,0.001463026
31,79,0.0006626
31,80,0.001719169
31,81,0.001914258
31,82,0.003113659
31,83,0.002016631
31,84,0.003515352
31,85,0.001864237
31,86,0.001611729
31,87,0.002414492
31,88,0.004057593
31,89,0.004270203
31,90,0.003903715
31,91,0.009124309
31,92,0.00980819
31,93,0.0104527
31,94,0.012118555
31,95,0.0176775
31,96,0.032584243
31,97,0.062006458
31,98,0.119479813
31,99,0.241318062
31,100,0.240303634
31,101,0.115820164
31,102,0.063405525
31,103,0.033514085
31,104,0.024089674
31,105,0.019571378
31,106,0.01114403
31,107,0.01150893
31,108,0.007868807
31,109,0.004496611
31,110,0.003425372
31,111,0.002567774
31,112,0.002226388
31,113,0.00303894
31,114,0.001966313
31,115,0.001525745
31,116,0.001928045
31,117,0.001018507
31,118,0.001030429
31,119,0.001197953
31,120,0.001772872
31,121,0.0039117
31,122,0.000752881
31,123,0.000741668
31,124,0.001500425
31,125,0.001439855
31,126,0.000503003
31,127,0.000300727
31,128,0.000158555
31,129,0.00031345
31,130,0.00021231
31,131,0.000385968
31,132,0.000173704
31,133,0.000212732
31,134,0.000784368
31,135,0.000279049
31,136,0.001244459
31,137,0.00050239
31,138,0.000916787
31,139,8.55979E-05
31,140,0.000231702
31,141,0.000664059
31,142,0.000434663
31,143,0.000490969
31,144,0.000614461
31,145,0.000147491
31,146,8.14055E-05
31,147,0.000100855
31,148,0.000372967
31,149,0.000145612
31,150,0.002033753
31,151,0.00033224
31,152,0.000156076
31,153,0.000133091
31,154,0.000168992
31,155,0.000278593
31,156,0.000460156
31,157,0.000106581
31,158,1.4575E-05
31,159,6.48904E-06
31,160,1.75259E-05
31,161,1.09161E-05
31,162,3.67113E-05
31,163,3.54917E-05
31,164,2.30759E-05
31,165,3.3202E-05
31,166,1.5768E-05
31,167,2.51621E-05
31,168,3.19824E-05
31,169,3.08276E-05
31,170,3.20595E-05
31,171,1.46866E-05
31,172,1.03345E-05
31,173,1.15521E-30
31,174,1.48596E-30
31,175,1.40951E-30
31,176,3.51627E-29
31,177,5.69691E-31
31,178,6.28812E-31
31,179,1.76113E-29
31,180,1.51547E-30
31,181,1.4291E-30
31,182,1.89756E-30
31,183,1.27857E-30
31,184,1.3233E-30
31,185,1.32406E-30
31,186,1.4187E-30
31,187,2.71235E-30
31,188,1.18749E-30
31,189,2.56681E-30
31,190,1.09687E-30
31,191,1.36181E-30
31,192,2.14532E-30
31,193,9.90739E-31
31,194,9.45237E-31
31,195,1.3682E-30
31,196,1.32976E-30
31,197,1.40164E-30
31,198,1.71191E-30
31,199,1.21372E-30
32,0,8.79277E-31
32,1,1.00248E-30
32,2,1.07818E-30
32,3,1.09242E-30
32,4,8.7772E-31
32,5,8.5177E-31
32,6,3.65975E-31
32,7,6.42788E-31
32,8,3.04681E-30
32,9,5.94341E-30
32,10,2.87564E-30
32,11,2.8179E-30
32,12,2.93361E-30
32,13,2.17063E-30
32,14,1.11426E-30
32,15,1.29617E-30
32,16,1.21645E-30
32,17,8.45408E-31
32,18,5.81287E-31
32,19,1.14852E-30
32,20,8.60943E-31
32,21,2.7334E-30
32,22,7.87233E-31
32,23,9.05605E-31
32,24,1.22101E-30
32,25,1.52793E-30
32,26,1.78087E-30
32,27,8.03785E-06
32,28,2.56116E-05
32,29,3.53531E-05
32,30,3.53122E-05
32,31,3.14471E-05
32,32,2.99544E-05
32,33,0.000146299
32,34,5.21203E-05
32,35,6.00775E-05
32,36,3.76461E-05
32,37,2.15748E-05
32,38,2.41838E-05
32,39,3.92953E-05
32,40,1.29979E-05
32,41,2.51003E-05
32,42,5.70949E-05
32,43,7.65821E-05
32,44,3.88679E-05
32,45,3.62763E-05
32,46,4.20332E-05
32,47,4.24753E-05
32,48,8.41178E-05
32,49,0.000204278
32,50,0.000121379
32,51,0.000185803
32,52,0.00011678
32,53,0.001334137
32,54,0.000627471
32,55,0.000692696
32,56,0.000676778
32,57,0.000883372
32,58,0.000126798
32,59,0.000406749
32,60,7.03124E-05
32,61,0.000101935
32,62,0.000727354
32,63,0.000938245
32,64,0.000220383
32,65,0.000192101
32,66,0.000145459
32,67,0.000102296
32,68,0.000128534
32,69,0.000191963
32,70,0.000223352
32,71,0.000331
32,72,0.000372147
32,73,0.001431819
32,74,0.000256434
32,75,0.000426172
32,76,0.001366044
32,77,0.000506911
32,78,0.00051905
32,79,0.001517037
32,80,0.002102718
32,81,0.002893717
32,82,0.002762554
32,83,0.00335304
32,84,0.005557004
32,85,0.00193223
32,86,0.004117751
32,87,0.004683664
32,88,0.002699286
32,89,0.004594466
32,90,0.00509693
32,91,0.006781976
32,92,0.006555638
32,93,0.01053322
32,94,0.012812912
32,95,0.024481513
32,96,0.035498682
32,97,0.066415199
32,98,0.125965532
32,99,0.225493726
32,100,0.217739855
32,101,0.12024211
32,102,0.06188107
32,103,0.034847521
32,104,0.021755243
32,105,0.016022137
32,106,0.009520179
32,107,0.010286162
32,108,0.005155119
32,109,0.003827219
32,110,0.006528115
32,111,0.00367207
32,112,0.003582342
32,113,0.003752708
32,114,0.001598697
32,115,0.001827014
32,116,0.001294405
32,117,0.001856176
32,118,0.001511295
32,119,0.000880404
32,120,0.002350188
32,121,0.002083934
32,122,0.002916876
32,123,0.000746112
32,124,0.001104621
32,125,0.0004135
32,126,0.000687678
32,127,0.001496338
32,128,0.000619221
32,129,0.000178593
32,130,0.000520786
32,131,0.000285718
32,132,0.00037876
32,133,0.000301542
32,134,0.000307734
32,135,0.00053162
32,136,0.00068895
32,137,0.001000592
32,138,0.000137447
32,139,0.000396693
32,140,0.000219616
32,141,0.000196838
32,142,0.000184562
32,143,0.000893779
32,144,0.0001888
32,145,9.43496E-05
32,146,0.000321263
32,147,0.000119768
32,148,0.00011949
32,149,5.34213E-05
32,150,8.64642E-05
32,151,0.000480151
32,152,0.00014342
32,153,0.000108924
32,154,0.00024598
32,155,0.000732313
32,156,0.000180161
32,157,0.00012029
32,158,0.00016765
32,159,0.000184016
32,160,5.53932E-05
32,161,5.09519E-05
32,162,4.49002E-05
32,163,3.43765E-05
32,164,2.54475E-05
32,165,0.000238318
32,166,3.98061E-05
32,167,1.98739E-05
32,168,1.45698E-05
32,169,2.43835E-05
32,170,2.40722E-05
32,171,2.14694E-05
32,172,1.51025E-05
32,173,6.30178E-06
32,174,8.6253E-31
32,175,3.8857E-31
32,176,3.48329E-29
32,177,1.66631E-30
32,178,2.40976E-30
32,179,1.86223E-29
32,180,1.41234E-30
32,181,1.00076E-30
32,182,8.42302E-31
32,183,1.34221E-30
32,184,1.17958E-30
32,185,1.34994E-30
32,186,1.3717E-30
32,187,2.49766E-30
32,188,2.31314E-30
32,189,1.80389E-30
32,190,1.78571E-30
32,191,1.55246E-30
32,192,1.38194E-30
32,193,9.5699E-31
32,194,1.48963E-30
32,195,1.70426E-30
32,196,1.66228E-30
32,197,1.38883E-30
32,198,1.07271E-30
32,199,3.0027E-30
33,0,1.36211E-30
33,1,5.5221E-31
33,2,3.48112E-31
33,3,4.20575E-31
33,4,8.21272E-31
33,5,4.77697E-31
33,6,7.57967E-31
33,7,5.81067E-31
33,8,8.6049E-31
33,9,7.91843E-30
33,10,3.16064E-30
33,11,1.01287E-30
33,12,2.6222E-30
33,13,3.78046E-30
33,14,3.16789E-30
33,15,2.55862E-30
33,16,1.63559E-30
33,17,1.13097E-30
33,18,6.07693E-31
33,19,5.05067E-31
33,20,6.76083E-31
33,21,2.1213E-30
33,22,1.42274E-30
33,23,1.51105E-30
33,24,1.19255E-30
33,25,1.62345E-30
33,26,4.94361E-06
33,27,1.35648E-05
33,28,1.52834E-05
33,29,2.83873E-05
33,30,2.46508E-05
33,31,2.76647E-05
33,32,4.26345E-05
33,33,2.88684E-05
33,34,3.56697E-05
33,35,1.51512E-05
33,36,5.85026E-05
33,37,1.17119E-05
33,38,1.10658E-05
33,39,4.12188E-05
33,40,3.55314E-05
33,41,4.8102E-05
33,42,2.67884E-05
33,43,8.51457E-05
33,44,3.97523E-05
33,45,5.97263E-05
33,46,5.51054E-05
33,47,0.000197495
33,48,0.000821314
33,49,0.000156362
33,50,0.000328525
33,51,8.42307E-05
33,52,0.000145731
33,53,0.000291906
33,54,0.0001714
33,55,0.000164166
33,56,0.000574928
33,57,0.001485645
33,58,0.001723931
33,59,0.000363612
33,60,0.000155946
33,61,0.0001115
33,62,0.000323659
33,63,0.000235948
33,64,0.00036525
33,65,0.000126597
33,66,0.00011337
33,67,0.000155555
33,68,0.000399342
33,69,0.000289755
33,70,0.000291601
33,71,0.000203814
33,72,0.000424173
33,73,0.000504405
33,74,0.000580659
33,75,0.000493967
33,76,0.00119367
33,77,0.000636053
33,78,0.001233786
33,79,0.001558694
33,80,0.00371001
33,81,0.001671042
33,82,0.00201451
33,83,0.002273707
33,84,0.003146252
33,85,0.001704061
33,86,0.00326596
33,87,0.003435862
33,88,0.003468896
33,89,0.006902051
33,90,0.003176913
33,91,0.007040781
33,92,0.009636608
33,93,0.011138344
33,94,0.016866329
33,95,0.024851291
33,96,0.035333552
33,97,0.059791018
33,98,0.126878685
33,99,0.213681589
33,100,0.214018536
33,101,0.113953841
33,102,0.064301624
33,103,0.040815287
33,104,0.025914286
33,105,0.014570693
33,106,0.014215309
33,107,0.008204816
33,108,0.005905176
33,109,0.004024004
33,110,0.006867712
33,111,0.004837165
33,112,0.00564206
33,113,0.003046684
33,114,0.003817397
33,115,0.001427262
33,116,0.002063726
33,117,0.001053647
33,118,0.002415595
33,119,0.001685918
33,120,0.000408843
33,121,0.001663376
33,122,0.000754761
33,123,0.002001956
33,124,0.00103717
33,125,0.00130154
33,126,0.000697948
33,127,0.001267644
33,128,0.001610187
33,129,0.000190384
33,130,0.000107615
33,131,0.000234484
33,132,0.000231438
33,133,0.000865926
33,134,0.00076773
33,135,0.001364885
33,136,0.001110748
33,137,0.000831119
33,138,0.000111851
33,139,0.000268457
33,140,0.00017546
33,141,0.000542489
33,142,0.000176726
33,143,0.001682932
33,144,0.000134463
33,145,9.17903E-05
33,146,0.001124869
33,147,0.000219689
33,148,0.00074696
33,149,0.001341014
33,150,4.68085E-05
33,151,0.000319996
33,152,6.49795E-05
33,153,6.57283E-05
33,154,0.000155412
33,155,2.91027E-05
33,156,4.95542E-05
33,157,4.05629E-05
33,158,0.000117552
33,159,0.000194073
33,160,0.00057538
33,161,0.000161649
33,162,1.68566E-05
33,163,2.27949E-05
33,164,0.000139103
33,165,3.75148E-05
33,166,3.16157E-05
33,167,6.29562E-05
33,168,0.000296083
33,169,1.00507E-05
33,170,8.36167E-06
33,171,8.57999E-06
33,172,1.01708E-05
33,173,8.71019E-06
33,174,1.04298E-30
33,175,1.59292E-30
33,176,3.56272E-29
33,177,1.0561E-30
33,178,1.47009E-29
33,179,2.4408E-30
33,180,1.27113E-30
33,181,1.17392E-30
33,182,1.4165E-30
33,183,9.0653E-31
33,184,4.02322E-31
33,185,5.93584E-31
33,186,8.35136E-31
33,187,1.74645E-30
33,188,2.66548E-30
33,189,1.98199E-30
33,190,1.12249E-30
33,191,2.3452E-30
33,192,1.95787E-30
33,193,1.92808E-30
33,194,1.5779E-30
33,195,8.4114E-31
33,196,6.01532E-31
33,197,1.26248E-30
33,198,3.91438E-30
33,199,2.28481E-30
34,0,1.51972E-30
34,1,1.44781E-30
34,2,1.00134E-30
34,3,7.63411E-31
34,4,7.71408E-31
34,5,8.9774E-31
34,6,1.03058E-30
34,7,9.99886E-31
34,8,7.81979E-31
34,9,7.14828E-30
34,10,3.5008E-30
34,11,1.00049E-30
34,12,7.33975E-31
34,13,1.67811E-30
34,14,1.46847E-30
34,15,1.4818E-30
34,16,2.09061E-30
34,17,2.29134E-30
34,18,1.85139E-30
34,19,2.05451E-30
34,20,1.8309E-30
34,21,3.19859E-30
34,22,1.39402E-30
34,23,1.77838E-30
34,24,6.78732E-06
34,25,1.58165E-05
34,26,2.13631E-05
34,27,2.11775E-05
34,28,2.27773E-05
34,29,2.50969E-05
34,30,4.95269E-05
34,31,2.58078E-05
34,32,2.03503E-05
34,33,0.000342014
34,34,2.38182E-05
34,35,2.8493E-05
34,36,0.000265181
34,37,5.00085E-05
34,38,6.0605E-05
34,39,4.36884E-05
34,40,4.2426E-05
34,41,0.00012327
34,42,4.83369E-05
34,43,7.87748E-05
34,44,0.000113094
34,45,8.41251E-05
34,46,0.000439587
34,47,0.00024704
34,48,0.000108944
34,49,0.00010295
34,50,0.000134118
34,51,0.00021252
34,52,0.000140741
34,53,0.000209774
34,54,0.000400971
34,55,0.000578681
34,56,0.000218289
34,57,0.000898793
34,58,0.001402148
34,59,0.000251589
34,60,0.000555585
34,61,0.000206622
34,62,0.000493716
34,63,0.001914664
34,64,0.000180143
34,65,0.000146192
34,66,0.000215428
34,67,0.000264869
34,68,0.000230732
34,69,0.000365955
34,70,0.001129026
34,71,0.000318602
34,72,0.000961454
34,73,0.000366466
34,74,0.001631798
34,75,0.000668525
34,76,0.00092844
34,77,0.000307646
34,78,0.000716522
34,79,0.001871441
34,80,0.000559993
34,81,0.001242327
34,82,0.001029946
34,83,0.001138813
34,84,0.002871647
34,85,0.002830181
34,86,0.00313996
34,87,0.003561025
34,88,0.004651269
34,89,0.007021445
34,90,0.005926558
34,91,0.007040309
34,92,0.00954585
34,93,0.010916158
34,94,0.019875753
34,95,0.026647003
34,96,0.04338379
34,97,0.064885011
34,98,0.132767882
34,99,0.201576768
34,100,0.204508251
34,101,0.128312437
34,102,0.065737479
34,103,0.04339592
34,104,0.026262019
34,105,0.017006687
34,106,0.012185808
34,107,0.008837928
34,108,0.010781097
34,109,0.008146873
34,110,0.007124064
34,111,0.004060349
34,112,0.002758216
34,113,0.002826923
34,114,0.002250847
34,115,0.002423431
34,116,0.003064509
34,117,0.001742068
34,118,0.002323711
34,119,0.002129569
34,120,0.001465291
34,121,0.001382093
34,122,0.00117523
34,123,0.001437279
34,124,0.001671669
34,125,0.001181921
34,126,0.00102227
34,127,0.000158177
34,128,0.001288967
34,129,0.000601936
34,130,0.000400508
34,131,0.000171161
34,132,0.000243257
34,133,0.000170579
34,134,0.000854946
34,135,0.000317821
34,136,0.000854481
34,137,0.000641558
34,138,0.000264592
34,139,0.00031756
34,140,0.000634274
34,141,0.000476078
34,142,0.00032131
34,143,0.000508599
34,144,0.000380784
34,145,0.000797484
34,146,0.000264326
34,147,0.000112033
34,148,0.000408256
34,149,0.000344834
34,150,0.000125484
34,151,0.000555101
34,152,0.00035499
34,153,6.60786E-05
34,154,7.73585E-05
34,155,5.3143E-05
34,156,0.000117766
34,157,9.06379E-05
34,158,0.000143921
34,159,0.00036877
34,160,0.000583107
34,161,0.000368321
34,162,8.35207E-05
34,163,0.000278572
34,164,0.000196323
34,165,0.000231558
34,166,0.000713721
34,167,0.00039818
34,168,2.08822E-05
34,169,1.04207E-05
34,170,7.60558E-06
34,171,7.42278E-06
34,172,1.55718E-05
34,173,1.18247E-05
34,174,1.57339E-05
34,175,7.40468E-06
34,176,3.51047E-29
34,177,1.61335E-30
34,178,1.79208E-29
34,179,1.4613E-30
34,180,1.07138E-30
34,181,9.74491E-31
34,182,6.7392E-31
34,183,6.74469E-31
34,184,1.12594E-30
34,185,1.18734E-30
34,186,2.15289E-30
34,187,1.5215E-30
34,188,2.81685E-30
34,189,1.21635E-30
34,190,2.10597E-30
34,191,1.6903E-30
34,192,1.39807E-30
34,193,1.17401E-30
34,194,8.17617E-31
34,195,1.30263E-30
34,196,3.71154E-30
34,197,3.5072E-30
34,198,1.31071E-30
34,199,2.16544E-30
35,0,1.15514E-30
35,1,4.41858E-31
35,2,1.05564E-30
35,3,9.81829E-31
35,4,1.12072E-30
35,5,1.31977E-30
35,6,9.16164E-31
35,7,1.42017E-30
35,8,1.84662E-30
35,9,1.60042E-30
35,10,9.21472E-30
35,11,2.0209E-30
35,12,7.29186E-31
35,13,1.78557E-30
35,14,1.46081E-30
35,15,1.97513E-30
35,16,2.42933E-30
35,17,1.95559E-30
35,18,3.1993E-30
35,19,3.07323E-30
35,20,1.96663E-30
35,21,3.63785E-30
35,22,2.82965E-30
35,23,1.43238E-06
35,24,1.00095E-05
35,25,1.38015E-05
35,26,1.86705E-05
35,27,2.55096E-05
35,28,3.45975E-05
35,29,3.20944E-05
35,30,4.36272E-05
35,31,3.39203E-05
35,32,4.69949E-05
35,33,0.000195004
35,34,4.71725E-05
35,35,6.52862E-05
35,36,6.94405E-05
35,37,0.000120422
35,38,6.60514E-05
35,39,0.000120593
35,40,0.000111373
35,41,0.000324755
35,42,0.000512141
35,43,9.29441E-05
35,44,8.89798E-05
35,45,0.000164361
35,46,0.000214354
35,47,4.08294E-05
35,48,0.000384919
35,49,0.000368184
35,50,0.000163371
35,51,0.000471259
35,52,8.82877E-05
35,53,0.000160416
35,54,0.000348642
35,55,0.000239666
35,56,0.000473817
35,57,8.98759E-05
35,58,0.000416853
35,59,0.000293266
35,60,0.000994008
35,61,0.0002901
35,62,0.00027322
35,63,0.000420401
35,64,0.000626455
35,65,0.000253844
35,66,0.000202459
35,67,0.001227986
35,68,0.000356143
35,69,0.001144288
35,70,0.000474426
35,71,0.000627761
35,72,0.001071406
35,73,0.000563517
35,74,0.001289918
35,75,0.001061145
35,76,0.000848336
35,77,0.002663044
35,78,0.001421256
35,79,0.001110926
35,80,0.000847012
35,81,0.000803481
35,82,0.001062424
35,83,0.001980369
35,84,0.002354227
35,85,0.00202631
35,86,0.001679471
35,87,0.001944473
35,88,0.002916853
35,89,0.003805046
35,90,0.006510804
35,91,0.004997876
35,92,0.009522571
35,93,0.011473363
35,94,0.021532506
35,95,0.025056819
35,96,0.038743447
35,97,0.062572155
35,98,0.122640729
35,99,0.208332531
35,100,0.194752903
35,101,0.119944168
35,102,0.075974913
35,103,0.048428803
35,104,0.031545842
35,105,0.013876552
35,106,0.012554132
35,107,0.00979804
35,108,0.008046644
35,109,0.00423731
35,110,0.004698093
35,111,0.005990308
35,112,0.002818642
35,113,0.004482779
35,114,0.001449249
35,115,0.001505747
35,116,0.002929687
35,117,0.002173728
35,118,0.002506117
35,119,0.003184677
35,120,0.000860274
35,121,0.000607142
35,122,0.001190718
35,123,0.000797836
35,124,0.003751899
35,125,0.000470429
35,126,0.000354152
35,127,0.000300891
35,128,0.001920085
35,129,0.000576256
35,130,0.00101852
35,131,0.00064677
35,132,0.000133428
35,133,0.000202446
35,134,0.000391072
35,135,0.000372522
35,136,0.000375725
35,137,0.000699017
35,138,0.001573865
35,139,0.000235677
35,140,0.000278683
35,141,0.000358728
35,142,0.000118505
35,143,0.000468833
35,144,0.000110947
35,145,0.001458876
35,146,0.000193798
35,147,0.000190251
35,148,0.000981011
35,149,0.000424978
35,150,0.000624385
35,151,0.000221937
35,152,0.000118694
35,153,8.61848E-05
35,154,7.99538E-05
35,155,0.000349455
35,156,8.46181E-05
35,157,5.61666E-05
35,158,4.2571E-05
35,159,0.000578312
35,160,4.78946E-05
35,161,4.81455E-05
35,162,0.000292505
35,163,5.28861E-05
35,164,0.000123829
35,165,5.71054E-05
35,166,0.000126132
35,167,0.000857763
35,168,1.97367E-05
35,169,2.77013E-05
35,170,2.09172E-05
35,171,1.40146E-05
35,172,1.67781E-05
35,173,2.47771E-05
35,174,2.4911E-05
35,175,2.02155E-05
35,176,1.80152E-06
35,177,8.86521E-30
35,178,1.19208E-29
35,179,1.31881E-30
35,180,1.68357E-30
35,181,1.83014E-30
35,182,1.50622E-30
35,183,1.20025E-30
35,184,1.21421E-30
35,185,1.29895E-30
35,186,2.65719E-30
35,187,3.2027E-30
35,188,2.59166E-30
35,189,9.11945E-31
35,190,1.9126E-30
35,191,7.82987E-31
35,192,2.52705E-31
35,193,2.53863E-31
35,194,1.60907E-30
35,195,3.98255E-30
35,196,1.98633E-30
35,197,1.8333E-30
35,198,1.81837E-30
35,199,1.69728E-30
36,0,1.63148E-30
36,1,1.28807E-30
36,2,8.36701E-31
36,3,1.03094E-30
36,4,1.05929E-30
36,5,9.42716E-31
36,6,7.04017E-31
36,7,5.55563E-31
36,8,4.23954E-31
36,9,6.83303E-31
36,10,7.74315E-30
36,11,2.39309E-30
36,12,6.40936E-31
36,13,1.21692E-30
36,14,2.40991E-30
36,15,2.37331E-30
36,16,2.35507E-30
36,17,2.71883E-30
36,18,1.60255E-30
36,19,2.09861E-30
36,20,3.5742E-30
36,21,2.88207E-30
36,22,4.90957E-07
36,23,7.10858E-06
36,24,1.37968E-05
36,25,2.7869E-05
36,26,3.6741E-05
36,27,2.1765E-05
36,28,1.42824E-05
36,29,1.87452E-05
36,30,0.000329197
36,31,0.000424772
36,32,0.000120035
36,33,0.000575173
36,34,0.001029676
36,35,5.62465E-05
36,36,5.27872E-05
36,37,0.00011713
36,38,0.000791665
36,39,0.000237064
36,40,0.000191536
36,41,0.000770645
36,42,0.000149193
36,43,1.86995E-05
36,44,1.13636E-05
36,45,1.66082E-05
36,46,4.88665E-05
36,47,0.000123188
36,48,6.85255E-05
36,49,8.10038E-05
36,50,0.000351618
36,51,0.000798918
36,52,0.000107158
36,53,0.000106889
36,54,0.000195148
36,55,0.000434471
36,56,0.000253418
36,57,0.000112261
36,58,0.000860474
36,59,0.000417249
36,60,0.000623432
36,61,0.000603286
36,62,0.000176648
36,63,0.000536443
36,64,0.000175772
36,65,0.000179856
36,66,0.000279111
36,67,0.000248464
36,68,0.001751384
36,69,0.000573772
36,70,0.001442139
36,71,0.001179177
36,72,0.000628231
36,73,0.000885038
36,74,0.001109136
36,75,0.000471274
36,76,0.000250576
36,77,0.001760604
36,78,0.001902051
36,79,0.00069695
36,80,0.001691457
36,81,0.000768419
36,82,0.001106793
36,83,0.002086102
36,84,0.002564435
36,85,0.002014274
36,86,0.002908138
36,87,0.001719472
36,88,0.004505896
36,89,0.004243814
36,90,0.00509544
36,91,0.00940238
36,92,0.008471564
36,93,0.014222645
36,94,0.016395563
36,95,0.025373101
36,96,0.040855987
36,97,0.072505819
36,98,0.123700086
36,99,0.194616937
36,100,0.197045069
36,101,0.123083153
36,102,0.070019579
36,103,0.041183992
36,104,0.02549052
36,105,0.017827545
36,106,0.014623271
36,107,0.010257994
36,108,0.009460476
36,109,0.007816517
36,110,0.00585512
36,111,0.00611641
36,112,0.004476372
36,113,0.003405554
36,114,0.004388319
36,115,0.001324794
36,116,0.002907142
36,117,0.002597498
36,118,0.001932622
36,119,0.002966141
36,120,0.001368064
36,121,0.002744154
36,122,0.001063376
36,123,0.00065101
36,124,0.001289385
36,125,0.000776075
36,126,0.000482698
36,127,0.00038367
36,128,0.00081533
36,129,0.001103392
36,130,0.000598137
36,131,0.000592871
36,132,0.000213196
36,133,0.000197449
36,134,0.001762908
36,135,0.000953412
36,136,0.000764655
36,137,0.000998349
36,138,0.000267305
36,139,0.000169801
36,140,0.000246497
36,141,0.000757429
36,142,0.000356026
36,143,0.000675186
36,144,0.000306871
36,145,0.000342934
36,146,0.000133362
36,147,0.000287801
36,148,0.002563948
36,149,0.001543109
36,150,0.000955909
36,151,0.001202332
36,152,5.87743E-05
36,153,0.000431811
36,154,0.000128042
36,155,0.00013609
36,156,8.42656E-05
36,157,8.82665E-05
36,158,0.000106553
36,159,0.000783071
36,160,9.18659E-05
36,161,6.08602E-05
36,162,2.80847E-05
36,163,3.3804E-05
36,164,3.74905E-05
36,165,5.32711E-05
36,166,0.000291805
36,167,7.32576E-05
36,168,3.20025E-05
36,169,4.3552E-05
36,170,4.51033E-05
36,171,4.63118E-05
36,172,5.2321E-05
36,173,1.57508E-05
36,174,8.41134E-06
36,175,3.51993E-07
36,176,3.6475E-29
36,177,1.79967E-29
36,178,1.10681E-30
36,179,1.17114E-30
36,180,1.53105E-30
36,181,1.39394E-30
36,182,1.5048E-30
36,183,2.38188E-30
36,184,2.21869E-30
36,185,2.24936E-30
36,186,3.70655E-30
36,187,4.01449E-30
36,188,2.02979E-30
36,189,2.56288E-30
36,190,1.18032E-30
36,191,8.33853E-31
36,192,1.12024E-30
36,193,4.54178E-30
36,194,3.5757E-30
36,195,9.68394E-31
36,196,6.08585E-31
36,197,4.89873E-31
36,198,1.8509E-30
36,199,6.34656E-31
37,0,1.03728E-30
37,1,1.04497E-30
37,2,1.12584E-30
37,3,7.15383E-31
37,4,6.47199E-31
37,5,7.19845E-31
37,6,5.96453E-31
37,7,2.60966E-31
37,8,2.12749E-31
37,9,3.70462E-31
37,10,4.58525E-30
37,11,7.37144E-30
37,12,1.61459E-30
37,13,1.21398E-30
37,14,1.95377E-30
37,15,1.19082E-30
37,16,1.69417E-30
37,17,2.31719E-30
37,18,2.93732E-30
37,19,2.3306E-30
37,20,1.53032E-30
37,21,1.8625E-30
37,22,9.0479E-06
37,23,8.3246E-06
37,24,7.25118E-06
37,25,1.14163E-05
37,26,2.11121E-06
37,27,2.03117E-05
37,28,2.42101E-05
37,29,3.84052E-05
37,30,6.42991E-05
37,31,0.001372243
37,32,0.001039266
37,33,0.000590386
37,34,0.000138706
37,35,7.24057E-05
37,36,9.65363E-05
37,37,0.001288396
37,38,9.13616E-05
37,39,0.000574145
37,40,0.000568965
37,41,0.000137627
37,42,4.3951E-05
37,43,4.93564E-05
37,44,4.82883E-05
37,45,6.11251E-05
37,46,0.000106652
37,47,0.00030913
37,48,7.83086E-05
37,49,7.80289E-05
37,50,0.001424457
37,51,0.000349466
37,52,0.000110271
37,53,0.000124446
37,54,0.000142227
37,55,6.20166E-05
37,56,0.000288016
37,57,0.000682916
37,58,0.000475573
37,59,0.000360409
37,60,0.000572256
37,61,0.000424428
37,62,0.000158841
37,63,0.00020285
37,64,0.000171844
37,65,0.000219241
37,66,0.001066724
37,67,0.000731481
37,68,0.000253045
37,69,0.001454114
37,70,0.000515899
37,71,0.000666045
37,72,0.001046635
37,73,0.001502846
37,74,0.000408549
37,75,0.000380515
37,76,0.00037408
37,77,0.000857028
37,78,0.00060947
37,79,0.000876376
37,80,0.000843657
37,81,0.000716224
37,82,0.002010667
37,83,0.002699165
37,84,0.002428231
37,85,0.001300646
37,86,0.001729279
37,87,0.002961468
37,88,0.004173272
37,89,0.004013637
37,90,0.007091779
37,91,0.008428799
37,92,0.008914191
37,93,0.014172044
37,94,0.01766872
37,95,0.026434529
37,96,0.041573583
37,97,0.07285185
37,98,0.111450365
37,99,0.188536022
37,100,0.186860474
37,101,0.115665508
37,102,0.071421546
37,103,0.041381476
37,104,0.032441343
37,105,0.017705874
37,106,0.012015623
37,107,0.011103376
37,108,0.010478806
37,109,0.007172716
37,110,0.00381937
37,111,0.006156876
37,112,0.003720516
37,113,0.002931197
37,114,0.002484872
37,115,0.001159069
37,116,0.001350064
37,117,0.002309953
37,118,0.002645517
37,119,0.000923973
37,120,0.001340546
37,121,0.001907048
37,122,0.001413166
37,123,0.001629618
37,124,0.000680166
37,125,0.001738558
37,126,0.002056274
37,127,0.000720573
37,128,0.000667423
37,129,0.000557874
37,130,0.000169741
37,131,0.000165589
37,132,0.00108458
37,133,0.001673587
37,134,0.000376185
37,135,0.000247462
37,136,0.000276527
37,137,0.000860407
37,138,0.000248649
37,139,0.000229238
37,140,0.000165244
37,141,0.000525774
37,142,0.000455829
37,143,0.000285837
37,144,0.002002245
37,145,0.000212453
37,146,0.000533415
37,147,0.000146076
37,148,0.000475262
37,149,0.00015665
37,150,0.0005046
37,151,0.000163995
37,152,0.000155931
37,153,0.000386265
37,154,7.76068E-05
37,155,8.53019E-05
37,156,0.000103595
37,157,0.000329145
37,158,0.000104316
37,159,0.000835367
37,160,7.42702E-05
37,161,7.41176E-05
37,162,0.000101539
37,163,4.77373E-05
37,164,5.97114E-05
37,165,4.32593E-05
37,166,4.18111E-05
37,167,5.58467E-05
37,168,9.49669E-05
37,169,8.30491E-05
37,170,5.42772E-05
37,171,4.57191E-05
37,172,0.000164199
37,173,5.00951E-05
37,174,2.29319E-05
37,175,1.39225E-05
37,176,9.31049E-07
37,177,1.71413E-29
37,178,8.8139E-31
37,179,5.88698E-31
37,180,1.20005E-30
37,181,1.03987E-30
37,182,1.2211E-30
37,183,9.392E-31
37,184,1.49881E-30
37,185,2.42162E-30
37,186,1.44676E-30
37,187,3.01488E-30
37,188,1.37656E-30
37,189,2.51231E-30
37,190,2.33284E-30
37,191,4.47813E-30
37,192,5.96978E-30
37,193,2.55404E-30
37,194,1.90249E-30
37,195,1.94801E-30
37,196,1.83857E-30
37,197,2.52892E-30
37,198,7.43541E-31
37,199,9.87825E-31
38,0,7.73492E-31
38,1,1.41857E-30
38,2,1.01139E-30
38,3,1.17886E-30
38,4,7.30937E-31
38,5,9.75956E-31
38,6,1.31497E-30
38,7,1.2928E-30
38,8,1.45516E-30
38,9,1.33552E-30
38,10,1.05001E-30
38,11,1.00559E-29
38,12,1.45438E-30
38,13,1.07446E-30
38,14,2.0836E-30
38,15,1.13012E-30
38,16,7.2087E-31
38,17,6.29029E-31
38,18,1.01797E-30
38,19,1.31405E-30
38,20,2.26292E-07
38,21,2.60031E-06
38,22,9.45447E-06
38,23,1.58793E-05
38,24,9.32301E-06
38,25,2.68041E-05
38,26,2.15337E-05
38,27,1.71668E-05
38,28,3.80109E-05
38,29,2.52291E-05
38,30,0.000134459
38,31,0.000692644
38,32,0.000585476
38,33,0.000605598
38,34,6.34913E-05
38,35,4.59199E-05
38,36,0.000330399
38,37,0.000244469
38,38,0.000319383
38,39,6.1233E-05
38,40,3.19392E-05
38,41,3.36275E-05
38,42,5.22375E-05
38,43,6.21345E-05
38,44,8.46944E-05
38,45,6.08299E-05
38,46,0.000195465
38,47,0.000605977
38,48,6.98213E-05
38,49,5.89356E-05
38,50,0.000839855
38,51,0.001425605
38,52,0.001973017
38,53,0.000287253
38,54,0.000440573
38,55,0.00039479
38,56,0.00134211
38,57,0.000910293
38,58,0.000381884
38,59,0.000269857
38,60,0.002229454
38,61,0.000324767
38,62,0.000149857
38,63,0.000299665
38,64,0.000548037
38,65,0.000294956
38,66,0.000302551
38,67,0.001959196
38,68,0.000477674
38,69,0.003070887
38,70,0.000495924
38,71,0.001144229
38,72,0.000615765
38,73,0.000732573
38,74,0.000347358
38,75,0.001176947
38,76,0.001144679
38,77,0.000826764
38,78,0.001987631
38,79,0.000685531
38,80,0.001225138
38,81,0.002008908
38,82,0.002328389
38,83,0.00228805
38,84,0.003522526
38,85,0.002348917
38,86,0.002860314
38,87,0.003348721
38,88,0.003549941
38,89,0.003676913
38,90,0.00736582
38,91,0.009904653
38,92,0.007877139
38,93,0.009983494
38,94,0.022896379
38,95,0.032426981
38,96,0.044367625
38,97,0.078536436
38,98,0.125353054
38,99,0.18256691
38,100,0.182748452
38,101,0.12352668
38,102,0.071100215
38,103,0.044783806
38,104,0.029712658
38,105,0.022810727
38,106,0.013580719
38,107,0.011262804
38,108,0.011848698
38,109,0.007755252
38,110,0.006191722
38,111,0.003525263
38,112,0.002955152
38,113,0.0024967
38,114,0.003803199
38,115,0.002544325
38,116,0.001845941
38,117,0.001026453
38,118,0.000900961
38,119,0.00106022
38,120,0.001712819
38,121,0.000594411
38,122,0.000687736
38,123,0.00080834
38,124,0.001357312
38,125,0.001186387
38,126,0.001323455
38,127,0.003184834
38,128,0.000635478
38,129,0.0002906
38,130,0.000883716
38,131,0.000319998
38,132,0.000214685
38,133,0.00027544
38,134,0.000227758
38,135,0.000304147
38,136,0.000264355
38,137,0.00023526
38,138,0.000352503
38,139,0.000975769
38,140,0.000389796
38,141,0.000211056
38,142,0.000811137
38,143,0.000341282
38,144,0.000963785
38,145,0.000204843
38,146,0.00020795
38,147,0.000262765
38,148,0.000173204
38,149,0.000190113
38,150,0.000507877
38,151,6.95854E-05
38,152,0.000160974
38,153,0.00031899
38,154,0.000143338
38,155,0.002166913
38,156,0.000458053
38,157,0.000225505
38,158,0.000462973
38,159,9.32855E-05
38,160,6.35866E-05
38,161,8.94733E-05
38,162,5.13635E-05
38,163,4.39351E-05
38,164,0.000105528
38,165,5.39342E-05
38,166,5.11914E-05
38,167,5.6995E-05
38,168,5.17493E-05
38,169,5.6831E-05
38,170,7.24952E-05
38,171,7.17633E-05
38,172,2.22539E-05
38,173,1.77194E-05
38,174,2.20634E-05
38,175,0.0004575
38,176,2.40828E-05
38,177,2.09555E-05
38,178,1.25816E-05
38,179,2.02568E-30
38,180,2.6782E-30
38,181,2.71831E-30
38,182,2.48367E-30
38,183,1.61095E-30
38,184,1.69505E-30
38,185,1.86604E-30
38,186,1.61383E-30
38,187,3.74939E-30
38,188,3.44503E-30
38,189,2.45708E-30
38,190,4.81428E-30
38,191,2.89477E-30
38,192,9.55504E-31
38,193,6.99203E-31
38,194,1.27743E-30
38,195,1.89874E-30
38,196,2.52865E-30
38,197,1.99113E-30
38,198,2.00128E-30
38,199,1.814E-30
39,0,3.90021E-31
39,1,1.00763E-30
39,2,5.75978E-31
39,3,9.2524E-31
39,4,1.49838E-30
39,5,1.82639E-30
39,6,2.06284E-30
39,7,2.01896E-30
39,8,1.477E-30
39,9,1.52702E-30
39,10,1.52262E-30
39,11,8.39363E-30
39,12,3.48167E-30
39,13,9.5019E-31
39,14,6.3683E-31
39,15,1.80748E-30
39,16,1.02441E-30
39,17,1.46493E-30
39,18,1.48267E-30
39,19,1.82992E-30
39,20,8.94252E-06
39,21,2.50641E-05
39,22,4.06933E-05
39,23,4.63443E-05
39,24,2.64209E-05
39,25,2.2136E-05
39,26,3.80734E-05
39,27,3.06245E-05
39,28,2.58568E-05
39,29,3.32426E-05
39,30,0.000468414
39,31,0.000652144
39,32,0.000705472
39,33,0.000443672
39,34,0.000220695
39,35,0.000133073
39,36,5.06659E-05
39,37,3.09058E-05
39,38,6.64101E-05
39,39,4.1947E-05
39,40,5.50645E-05
39,41,6.22058E-05
39,42,6.41967E-05
39,43,4.56483E-05
39,44,5.3354E-05
39,45,9.33548E-05
39,46,0.000219547
39,47,0.001217836
39,48,0.0006233
39,49,9.07993E-05
39,50,0.000166245
39,51,0.00010969
39,52,0.000705164
39,53,0.000527878
39,54,0.000180256
39,55,0.000204109
39,56,0.001706739
39,57,0.000729657
39,58,0.000212365
39,59,0.000242206
39,60,0.000916291
39,61,0.000165547
39,62,0.000541639
39,63,0.000457657
39,64,0.000331941
39,65,0.000936302
39,66,0.000396319
39,67,0.000229487
39,68,0.000876497
39,69,0.000401056
39,70,0.000752134
39,71,0.0016769
39,72,0.001099981
39,73,0.000442035
39,74,0.000340323
39,75,0.002377008
39,76,0.00129477
39,77,0.001330876
39,78,0.001606018
39,79,0.001687076
39,80,0.001659616
39,81,0.001199645
39,82,0.003134081
39,83,0.001750538
39,84,0.002044728
39,85,0.002273394
39,86,0.003478403
39,87,0.004270917
39,88,0.006057329
39,89,0.003483794
39,90,0.005382337
39,91,0.006922907
39,92,0.010618356
39,93,0.015114096
39,94,0.019427709
39,95,0.032264062
39,96,0.046575175
39,97,0.072767559
39,98,0.12225807
39,99,0.17696222
39,100,0.17607306
39,101,0.110265111
39,102,0.071939945
39,103,0.045850203
39,104,0.025371607
39,105,0.024253323
39,106,0.018057399
39,107,0.011604848
39,108,0.008009274
39,109,0.007669192
39,110,0.004473689
39,111,0.006443084
39,112,0.004678099
39,113,0.003539493
39,114,0.00505928
39,115,0.002876774
39,116,0.001936734
39,117,0.002033503
39,118,0.001277332
39,119,0.000505622
39,120,0.000820401
39,121,0.001062704
39,122,0.001294987
39,123,0.001115549
39,124,0.003170754
39,125,0.005263033
39,126,0.000873464
39,127,0.001311147
39,128,0.001412213
39,129,0.001022987
39,130,0.000423267
39,131,0.00083236
39,132,0.000349357
39,133,0.000309806
39,134,0.000258925
39,135,0.000604419
39,136,0.000297216
39,137,0.001392425
39,138,0.000285238
39,139,0.00074179
39,140,0.002158716
39,141,0.001875153
39,142,0.001008721
39,143,0.00016383
39,144,0.000997572
39,145,0.001335613
39,146,8.5961E-05
39,147,0.000190003
39,148,0.000582207
39,149,0.000154541
39,150,0.00016039
39,151,0.000136783
39,152,0.000325131
39,153,0.000587357
39,154,8.7125E-05
39,155,0.001061641
39,156,0.000222871
39,157,8.8252E-05
39,158,0.000150594
39,159,0.000151241
39,160,0.000184427
39,161,6.22082E-05
39,162,6.84631E-05
39,163,9.86903E-05
39,164,6.57325E-05
39,165,9.10206E-05
39,166,2.6148E-05
39,167,0.000365129
39,168,0.001185226
39,169,0.000194321
39,170,0.000117781
39,171,2.62956E-05
39,172,3.48025E-05
39,173,6.89107E-05
39,174,9.20673E-06
39,175,1.58674E-05
39,176,0.000238049
39,177,2.07227E-05
39,178,2.65928E-05
39,179,4.18004E-06
39,180,2.15339E-30
39,181,1.54166E-30
39,182,1.21406E-30
39,183,2.69147E-30
39,184,2.54647E-30
39,185,3.63719E-30
39,186,3.83229E-30
39,187,3.17413E-30
39,188,4.39724E-30
39,189,4.20482E-30
39,190,1.06525E-30
39,191,8.39168E-31
39,192,1.10567E-30
39,193,1.76144E-30
39,194,1.82989E-30
39,195,1.46086E-30
39,196,1.74227E-30
39,197,1.19488E-30
39,198,1.1193E-30
39,199,1.92637E-30
40,0,1.34233E-30
40,1,1.25331E-30
40,2,1.03237E-30
40,3,1.17575E-30
40,4,1.53936E-30
40,5,1.1996E-30
40,6,1.45579E-30
40,7,1.49213E-30
40,8,1.78048E-30
40,9,1.85491E-30
40,10,1.05904E-30
40,11,1.35201E-30
40,12,9.92195E-30
40,13,1.16017E-30
40,14,9.75762E-31
40,15,1.84653E-30
40,16,1.57073E-30
40,17,1.47618E-30
40,18,2.04721E-30
40,19,4.12033E-07
40,20,2.1785E-05
40,21,1.70126E-05
40,22,1.76405E-05
40,23,4.32147E-05
40,24,5.93171E-05
40,25,3.91013E-05
40,26,3.1056E-05
40,27,2.37939E-05
40,28,2.5103E-05
40,29,3.74389E-05
40,30,5.24108E-05
40,31,5.57859E-05
40,32,0.000148911
40,33,5.67798E-05
40,34,0.000249566
40,35,0.000358123
40,36,3.43568E-05
40,37,0.000147542
40,38,4.54E-05
40,39,0.000395954
40,40,0.000148673
40,41,8.45527E-05
40,42,7.92376E-05
40,43,9.57528E-05
40,44,8.29369E-05
40,45,0.000121711
40,46,9.88517E-05
40,47,0.000108092
40,48,0.000103539
40,49,8.10777E-05
40,50,9.30692E-05
40,51,0.000461256
40,52,0.000517006
40,53,0.001588697
40,54,0.000518697
40,55,0.000728974
40,56,0.000948439
40,57,0.000708263
40,58,0.000176927
40,59,0.000417483
40,60,0.00019616
40,61,0.000289144
40,62,0.000439852
40,63,0.001038774
40,64,0.000248642
40,65,0.001822665
40,66,0.000802498
40,67,0.000248638
40,68,0.000461787
40,69,0.001259063
40,70,0.002020825
40,71,0.00048019
40,72,0.000507566
40,73,0.001042488
40,74,0.000817071
40,75,0.000736956
40,76,0.00092707
40,77,0.000506461
40,78,0.001691167
40,79,0.001227176
40,80,0.001050405
40,81,0.001660063
40,82,0.000958381
40,83,0.002797896
40,84,0.003102082
40,85,0.004042784
40,86,0.007533685
40,87,0.008680661
40,88,0.005746799
40,89,0.005117811
40,90,0.0059996
40,91,0.008429363
40,92,0.010094397
40,93,0.015920078
40,94,0.022995861
40,95,0.037332593
40,96,0.050993498
40,97,0.078984565
40,98,0.114215811
40,99,0.171173093
40,100,0.16243824
40,101,0.11310835
40,102,0.074985223
40,103,0.043461302
40,104,0.034569518
40,105,0.02183683
40,106,0.015542318
40,107,0.014544409
40,108,0.007385204
40,109,0.006722654
40,110,0.007729825
40,111,0.004491145
40,112,0.004714458
40,113,0.004968365
40,114,0.002524585
40,115,0.001963828
40,116,0.004279988
40,117,0.002616324
40,118,0.000851567
40,119,0.001263331
40,120,0.001614875
40,121,0.000729849
40,122,0.000848947
40,123,0.001008004
40,124,0.00176174
40,125,0.000759612
40,126,0.000440249
40,127,0.000542554
40,128,0.000828259
40,129,0.001368424
40,130,0.000841949
40,131,0.000436645
40,132,0.000820093
40,133,0.0011273
40,134,0.00039585
40,135,0.000551856
40,136,0.00062974
40,137,0.000451597
40,138,0.001430015
40,139,0.000755935
40,140,0.000466786
40,141,0.000167848
40,142,0.000140013
40,143,0.000183023
40,144,0.000552152
40,145,0.000227588
40,146,0.000293983
40,147,0.000522009
40,148,0.000653938
40,149,0.000638331
40,150,0.000568339
40,151,0.000210674
40,152,0.000401196
40,153,8.42421E-05
40,154,7.59643E-05
40,155,0.000122027
40,156,0.000440941
40,157,0.000496508
40,158,0.000105965
40,159,6.7781E-05
40,160,0.000967
40,161,8.66202E-05
40,162,0.000339632
40,163,9.93252E-05
40,164,6.96805E-05
40,165,5.16778E-05
40,166,5.00011E-05
40,167,5.92587E-05
40,168,6.58948E-05
40,169,0.000331107
40,170,0.000897711
40,171,0.00182039
40,172,0.000266395
40,173,0.000731644
40,174,8.16841E-05
40,175,3.46724E-05
40,176,2.32358E-05
40,177,1.70704E-05
40,178,2.01049E-05
40,179,5.08941E-05
40,180,8.7651E-06
40,181,1.71727E-30
40,182,2.80865E-30
40,183,1.82166E-30
40,184,9.86822E-31
40,185,1.69328E-30
40,186,4.27431E-30
40,187,6.00277E-30
40,188,1.9842E-30
40,189,1.33449E-30
40,190,1.48197E-30
40,191,1.98716E-30
40,192,1.84519E-30
40,193,1.21958E-30
40,194,1.13993E-30
40,195,2.15052E-30
40,196,1.32444E-30
40,197,1.27281E-30
40,198,9.28818E-31
40,199,1.15974E-30
41,0,1.64331E-30
41,1,2.55466E-30
41,2,1.18546E-30
41,3,1.22286E-30
41,4,9.00429E-31
41,5,1.12527E-30
41,6,1.11248E-30
41,7,1.24563E-30
41,8,9.2171E-31
41,9,7.22911E-31
41,10,1.46504E-30
41,11,1.49887E-30
41,12,1.06332E-29
41,13,2.0762E-30
41,14,1.98595E-30
41,15,2.72875E-30
41,16,1.4759E-30
41,17,8.38889E-31
41,18,2.44382E-31
41,19,7.39394E-06
41,20,1.24561E-05
41,21,3.37425E-05
41,22,3.2775E-05
41,23,3.61781E-05
41,24,1.89267E-05
41,25,3.18023E-05
41,26,0.000300381
41,27,3.02798E-05
41,28,2.42853E-05
41,29,4.10237E-05
41,30,5.55066E-05
41,31,6.55873E-05
41,32,4.54875E-05
41,33,3.11018E-05
41,34,2.17601E-05
41,35,3.40822E-05
41,36,6.56111E-05
41,37,6.48764E-05
41,38,0.000348727
41,39,6.30806E-05
41,40,0.000736305
41,41,8.06936E-05
41,42,9.83411E-05
41,43,0.00030272
41,44,0.000154253
41,45,0.000356075
41,46,6.34428E-05
41,47,8.77005E-05
41,48,7.97293E-05
41,49,0.000643145
41,50,0.000438707
41,51,0.000182112
41,52,0.001780693
41,53,0.002233083
41,54,0.000449852
41,55,0.000660426
41,56,0.000601194
41,57,0.000583567
41,58,0.000410969
41,59,0.000229094
41,60,0.000177868
41,61,0.000206818
41,62,0.000179168
41,63,0.00065874
41,64,0.000191229
41,65,0.00028177
41,66,0.00082195
41,67,0.000367808
41,68,0.000316432
41,69,0.001411135
41,70,0.000716517
41,71,0.000847135
41,72,0.000483487
41,73,0.001081309
41,74,0.000514131
41,75,0.000555805
41,76,0.002239757
41,77,0.001620851
41,78,0.001513143
41,79,0.003026276
41,80,0.001085891
41,81,0.001604755
41,82,0.00216814
41,83,0.002910447
41,84,0.00486686
41,85,0.003816335
41,86,0.005676894
41,87,0.003811814
41,88,0.004677696
41,89,0.008764859
41,90,0.00550706
41,91,0.009180987
41,92,0.013256436
41,93,0.01664348
41,94,0.019713428
41,95,0.030598327
41,96,0.047416983
41,97,0.075140554
41,98,0.116915996
41,99,0.165174716
41,100,0.161064446
41,101,0.111975454
41,102,0.071640468
41,103,0.0492925
41,104,0.030898936
41,105,0.023194005
41,106,0.016455666
41,107,0.010229889
41,108,0.006103933
41,109,0.005223901
41,110,0.007161541
41,111,0.004408916
41,112,0.00571616
41,113,0.004362049
41,114,0.00240566
41,115,0.001620573
41,116,0.001251109
41,117,0.001540904
41,118,0.001298691
41,119,0.002936559
41,120,0.003109638
41,121,0.001606949
41,122,0.001088848
41,123,0.00129686
41,124,0.000845811
41,125,0.000589447
41,126,0.000650016
41,127,0.000982727
41,128,0.001103421
41,129,0.000605509
41,130,0.000848598
41,131,0.000445417
41,132,0.000280415
41,133,0.001146118
41,134,0.000472308
41,135,0.001004292
41,136,0.0002592
41,137,0.000628272
41,138,0.000718868
41,139,0.000504465
41,140,0.001225999
41,141,0.000227549
41,142,0.000301627
41,143,0.001498885
41,144,0.000752339
41,145,0.000201603
41,146,0.000175103
41,147,0.000140694
41,148,0.000510731
41,149,0.000255009
41,150,0.00016553
41,151,0.001470195
41,152,0.000105494
41,153,0.00013548
41,154,0.00046936
41,155,0.000757172
41,156,7.45827E-05
41,157,0.000271293
41,158,0.000488211
41,159,0.000134329
41,160,0.000690536
41,161,0.000570735
41,162,0.000836483
41,163,0.000338142
41,164,0.000176846
41,165,0.000137877
41,166,4.79306E-05
41,167,3.37594E-05
41,168,1.3426E-05
41,169,2.19457E-05
41,170,2.68779E-05
41,171,0.000932476
41,172,6.24322E-05
41,173,3.85148E-05
41,174,3.20306E-05
41,175,0.001125281
41,176,6.56325E-05
41,177,5.93183E-05
41,178,2.14719E-05
41,179,2.03983E-05
41,180,2.2566E-05
41,181,3.24517E-30
41,182,1.87099E-30
41,183,1.43563E-30
41,184,2.34191E-30
41,185,5.71492E-30
41,186,6.70579E-30
41,187,1.13244E-30
41,188,5.09293E-31
41,189,7.45196E-31
41,190,1.17665E-30
41,191,8.66333E-31
41,192,8.48882E-31
41,193,1.29515E-30
41,194,1.98964E-30
41,195,1.03262E-30
41,196,5.16419E-31
41,197,1.23473E-30
41,198,2.52643E-30
41,199,3.58812E-30
42,0,2.56552E-30
42,1,1.45298E-30
42,2,2.22444E-30
42,3,7.21896E-31
42,4,3.82929E-31
42,5,5.70254E-31
42,6,8.81102E-31
42,7,8.05587E-31
42,8,1.00259E-30
42,9,1.28415E-30
42,10,1.16722E-30
42,11,1.16948E-30
42,12,5.95141E-30
42,13,5.9308E-30
42,14,2.03329E-30
42,15,1.57093E-30
42,16,1.90715E-30
42,17,1.25291E-30
42,18,2.05922E-30
42,19,2.15907E-05
42,20,2.67883E-05
42,21,3.25884E-05
42,22,1.64253E-05
42,23,1.84709E-05
42,24,2.68532E-05
42,25,2.09702E-05
42,26,4.42147E-05
42,27,6.36705E-05
42,28,3.79059E-05
42,29,3.20417E-05
42,30,1.77296E-05
42,31,2.90007E-05
42,32,5.1291E-05
42,33,4.79442E-05
42,34,7.99757E-05
42,35,6.42004E-05
42,36,7.56278E-05
42,37,5.62413E-05
42,38,4.69537E-05
42,39,0.00026129
42,40,0.00020946
42,41,0.000150159
42,42,0.000123665
42,43,0.000126606
42,44,0.000100727
42,45,0.000102861
42,46,0.000103262
42,47,0.000110262
42,48,0.000101773
42,49,0.000125007
42,50,0.001201762
42,51,0.000577105
42,52,0.000357469
42,53,0.002253198
42,54,0.000269282
42,55,0.000712614
42,56,0.000550647
42,57,0.000575512
42,58,0.000203781
42,59,0.000158544
42,60,0.000175064
42,61,0.000278155
42,62,0.000219079
42,63,0.000298211
42,64,0.000205414
42,65,0.000137894
42,66,0.001199175
42,67,0.000406045
42,68,0.001392226
42,69,0.000517346
42,70,0.000421398
42,71,0.001423015
42,72,0.000979564
42,73,0.001080578
42,74,0.001281411
42,75,0.000667714
42,76,0.002145612
42,77,0.001196401
42,78,0.001442138
42,79,0.003180394
42,80,0.002177801
42,81,0.001188968
42,82,0.002058911
42,83,0.002597496
42,84,0.003320021
42,85,0.002369862
42,86,0.003805964
42,87,0.002441386
42,88,0.004368588
42,89,0.006889385
42,90,0.006217692
42,91,0.00904196
42,92,0.013161809
42,93,0.016440966
42,94,0.025125105
42,95,0.033918344
42,96,0.048047592
42,97,0.076437879
42,98,0.112583608
42,99,0.157529825
42,100,0.152112043
42,101,0.116854146
42,102,0.072269519
42,103,0.053210732
42,104,0.033684347
42,105,0.022164459
42,106,0.016539997
42,107,0.017655694
42,108,0.01002169
42,109,0.007566371
42,110,0.008469693
42,111,0.003870227
42,112,0.005211862
42,113,0.00499781
42,114,0.003169544
42,115,0.001348152
42,116,0.003167491
42,117,0.002249471
42,118,0.002233539
42,119,0.001692849
42,120,0.001101877
42,121,0.001763291
42,122,0.001429097
42,123,0.001558057
42,124,0.000662472
42,125,0.000831334
42,126,0.000459459
42,127,0.000833802
42,128,0.000500827
42,129,0.000551213
42,130,0.00062183
42,131,0.000621146
42,132,0.000354138
42,133,0.000211785
42,134,0.000729578
42,135,0.000983764
42,136,0.001387115
42,137,0.000820167
42,138,0.00073217
42,139,0.000993199
42,140,0.00180922
42,141,0.000569885
42,142,0.000183192
42,143,0.000564258
42,144,0.000889461
42,145,0.000255408
42,146,0.000135581
42,147,0.000119948
42,148,0.000129061
42,149,0.000134935
42,150,0.000248463
42,151,0.000102315
42,152,8.8787E-05
42,153,0.000123319
42,154,0.000392417
42,155,0.000221828
42,156,0.000395076
42,157,0.000157603
42,158,0.000517298
42,159,0.000148687
42,160,0.000534584
42,161,7.56294E-05
42,162,6.97064E-05
42,163,0.000103749
42,164,0.000667872
42,165,0.000545396
42,166,0.000170211
42,167,9.69516E-05
42,168,6.24092E-05
42,169,3.83904E-05
42,170,4.23534E-05
42,171,2.78195E-05
42,172,3.98581E-05
42,173,0.000248294
42,174,5.49881E-05
42,175,8.83942E-05
42,176,0.000330852
42,177,6.46262E-05
42,178,0.000123037
42,179,4.90348E-05
42,180,4.3714E-05
42,181,1.64955E-05
42,182,5.21685E-07
42,183,4.22367E-30
42,184,6.53869E-30
42,185,3.57313E-30
42,186,1.67924E-30
42,187,1.8979E-30
42,188,2.10989E-30
42,189,1.71512E-30
42,190,1.16265E-30
42,191,1.15408E-30
42,192,1.20709E-30
42,193,1.35017E-30
42,194,1.52551E-30
42,195,2.75705E-30
42,196,3.32416E-30
42,197,3.15291E-30
42,198,2.55824E-30
42,199,1.355E-30
43,0,3.47467E-30
43,1,2.50888E-30
43,2,2.71632E-30
43,3,2.2458E-30
43,4,2.25438E-30
43,5,1.06897E-30
43,6,1.00082E-30
43,7,1.68492E-30
43,8,1.48091E-30
43,9,1.02061E-30
43,10,1.26893E-30
43,11,1.32505E-30
43,12,9.85945E-31
43,13,9.59707E-30
43,14,4.0178E-31
43,15,1.16131E-30
43,16,2.14076E-30
43,17,4.85926E-06
43,18,8.38653E-06
43,19,1.66706E-05
43,20,1.23899E-05
43,21,3.17986E-05
43,22,4.05315E-05
43,23,4.15369E-05
43,24,6.02415E-05
43,25,7.13559E-05
43,26,5.82923E-05
43,27,6.74999E-05
43,28,0.000299521
43,29,1.64639E-05
43,30,2.90918E-05
43,31,3.30053E-05
43,32,6.77156E-05
43,33,7.53138E-05
43,34,4.266E-05
43,35,5.14986E-05
43,36,4.91032E-05
43,37,4.59484E-05
43,38,6.98634E-05
43,39,0.000174788
43,40,0.000121226
43,41,8.39886E-05
43,42,9.87886E-05
43,43,0.000654309
43,44,0.000118889
43,45,0.001072467
43,46,5.6621E-05
43,47,6.66861E-05
43,48,8.78186E-05
43,49,0.000363339
43,50,0.000280768
43,51,0.00012687
43,52,0.000189541
43,53,0.000325794
43,54,0.000931475
43,55,0.00058612
43,56,0.000336695
43,57,0.000239455
43,58,0.000181453
43,59,0.000362226
43,60,0.000202781
43,61,0.000486362
43,62,0.000227675
43,63,0.000648173
43,64,0.001392384
43,65,0.000348252
43,66,0.000413781
43,67,0.001980463
43,68,0.000598144
43,69,0.000976994
43,70,0.000695956
43,71,0.000875509
43,72,0.001242978
43,73,0.000711681
43,74,0.001419908
43,75,0.001246144
43,76,0.000867015
43,77,0.001392657
43,78,0.002593427
43,79,0.002145379
43,80,0.003878181
43,81,0.001101145
43,82,0.00253095
43,83,0.002429684
43,84,0.005019064
43,85,0.004802674
43,86,0.004037268
43,87,0.003947276
43,88,0.003301465
43,89,0.005158575
43,90,0.005649917
43,91,0.008647459
43,92,0.010542462
43,93,0.015642848
43,94,0.025208881
43,95,0.035431428
43,96,0.049771358
43,97,0.074061977
43,98,0.115898641
43,99,0.158386435
43,100,0.14898168
43,101,0.114640371
43,102,0.073727743
43,103,0.050527378
43,104,0.038290531
43,105,0.027644578
43,106,0.018950143
43,107,0.013538157
43,108,0.00765248
43,109,0.009948102
43,110,0.005716427
43,111,0.004525363
43,112,0.003405952
43,113,0.004580409
43,114,0.004964082
43,115,0.002186261
43,116,0.001779017
43,117,0.002877176
43,118,0.005306676
43,119,0.00210969
43,120,0.002129095
43,121,0.002056164
43,122,0.001030812
43,123,0.001286998
43,124,0.000643867
43,125,0.000856161
43,126,0.000719785
43,127,0.001730377
43,128,0.001015112
43,129,0.001070846
43,130,0.000462865
43,131,0.000732225
43,132,0.000280407
43,133,0.000354311
43,134,0.00071275
43,135,0.000999857
43,136,0.000846065
43,137,0.000639182
43,138,0.001423245
43,139,0.000406143
43,140,0.00077633
43,141,0.000880649
43,142,0.001049058
43,143,0.000180538
43,144,0.000150121
43,145,0.000466623
43,146,0.000120004
43,147,0.000191714
43,148,0.000104945
43,149,0.000140622
43,150,0.000123653
43,151,0.000167462
43,152,0.000580541
43,153,0.000543988
43,154,0.000397395
43,155,0.000441439
43,156,8.7314E-05
43,157,7.42988E-05
43,158,0.000105779
43,159,0.000222855
43,160,0.000520336
43,161,0.000110687
43,162,0.00012794
43,163,0.000442913
43,164,0.001325423
43,165,0.000482865
43,166,0.000147824
43,167,0.000149025
43,168,0.000105681
43,169,0.000100963
43,170,6.19547E-05
43,171,8.36878E-05
43,172,5.66057E-05
43,173,4.97824E-05
43,174,6.13331E-05
43,175,3.9799E-05
43,176,3.74673E-05
43,177,2.24296E-05
43,178,1.94563E-05
43,179,1.57735E-05
43,180,2.35774E-05
43,181,1.88006E-05
43,182,3.22248E-06
43,183,3.14262E-30
43,184,2.84951E-30
43,185,5.43265E-30
43,186,2.55356E-30
43,187,1.60364E-30
43,188,1.02643E-30
43,189,8.37933E-31
43,190,1.17194E-30
43,191,2.63732E-30
43,192,2.84672E-30
43,193,3.22948E-30
43,194,2.16624E-30
43,195,7.01792E-31
43,196,8.09649E-31
43,197,1.10202E-30
43,198,9.08482E-31
43,199,1.64771E-30
44,0,3.24752E-30
44,1,1.17069E-30
44,2,2.03675E-30
44,3,1.72843E-30
44,4,1.64492E-30
44,5,2.85479E-30
44,6,1.61788E-30
44,7,8.50203E-31
44,8,1.17283E-30
44,9,1.06748E-30
44,10,1.37214E-30
44,11,1.34619E-30
44,12,1.95618E-30
44,13,1.0963E-29
44,14,1.62416E-30
44,15,1.32276E-30
44,16,2.35758E-30
44,17,1.13332E-06
44,18,7.55078E-06
44,19,1.54042E-05
44,20,3.52348E-05
44,21,5.35097E-05
44,22,4.57145E-05
44,23,5.73457E-05
44,24,6.33131E-05
44,25,4.40341E-05
44,26,4.05022E-05
44,27,4.22466E-05
44,28,0.000124216
44,29,0.000141041
44,30,8.25809E-05
44,31,6.14727E-05
44,32,7.82762E-05
44,33,3.82069E-05
44,34,8.08644E-05
44,35,3.97844E-05
44,36,5.59774E-05
44,37,8.20165E-05
44,38,8.43818E-05
44,39,7.83286E-05
44,40,0.000138492
44,41,9.427E-05
44,42,0.00023431
44,43,1.23741E-05
44,44,0.0001476
44,45,9.44947E-05
44,46,9.40795E-05
44,47,0.000106507
44,48,8.03328E-05
44,49,0.000111239
44,50,0.000126536
44,51,0.000154797
44,52,0.000105413
44,53,0.00013838
44,54,0.000437232
44,55,0.000179026
44,56,0.000392204
44,57,0.000757567
44,58,0.00129334
44,59,0.000572159
44,60,0.00027527
44,61,0.000343664
44,62,0.001257317
44,63,0.000187795
44,64,0.000995551
44,65,0.000810517
44,66,0.00061426
44,67,0.000406156
44,68,0.000999895
44,69,0.001763995
44,70,0.001139261
44,71,0.000631736
44,72,0.001118417
44,73,0.000872033
44,74,0.002052018
44,75,0.003205723
44,76,0.001787838
44,77,0.002500877
44,78,0.002064554
44,79,0.001803057
44,80,0.003717087
44,81,0.001739702
44,82,0.002754748
44,83,0.002454285
44,84,0.002132933
44,85,0.003293298
44,86,0.002229278
44,87,0.00346656
44,88,0.005911782
44,89,0.006250939
44,90,0.007407549
44,91,0.007367175
44,92,0.01107868
44,93,0.017895958
44,94,0.026085279
44,95,0.03814049
44,96,0.044950861
44,97,0.084670392
44,98,0.121696361
44,99,0.153953749
44,100,0.146760231
44,101,0.109845957
44,102,0.0760885
44,103,0.05591175
44,104,0.038679995
44,105,0.022986232
44,106,0.01494504
44,107,0.010547641
44,108,0.011803632
44,109,0.009899392
44,110,0.009017461
44,111,0.007941301
44,112,0.005402576
44,113,0.004645948
44,114,0.00403086
44,115,0.002746601
44,116,0.004501689
44,117,0.002180007
44,118,0.002903219
44,119,0.001964864
44,120,0.001318425
44,121,0.003008699
44,122,0.002080123
44,123,0.000726176
44,124,0.000869053
44,125,0.000818102
44,126,0.000437492
44,127,0.001311869
44,128,0.001018071
44,129,0.001173756
44,130,0.00036509
44,131,0.000342202
44,132,0.000640935
44,133,0.001099838
44,134,0.000621969
44,135,0.000768876
44,136,0.000613485
44,137,0.000245096
44,138,0.000641531
44,139,0.000820872
44,140,0.001219248
44,141,0.000869398
44,142,0.001765511
44,143,0.000267204
44,144,0.000363229
44,145,0.000260419
44,146,0.000163101
44,147,0.000180725
44,148,0.000164255
44,149,0.000188611
44,150,0.000209911
44,151,0.000127165
44,152,9.40753E-05
44,153,0.000286243
44,154,0.000331784
44,155,0.001089806
44,156,0.000105851
44,157,9.17158E-05
44,158,0.000190704
44,159,0.000122098
44,160,0.000129378
44,161,7.03698E-05
44,162,0.00014533
44,163,0.000164594
44,164,0.001338465
44,165,0.001187418
44,166,0.000816043
44,167,0.001475696
44,168,0.000375935
44,169,9.2638E-05
44,170,0.000125648
44,171,5.34723E-05
44,172,5.98682E-05
44,173,6.63296E-05
44,174,7.16869E-05
44,175,6.13298E-05
44,176,5.62715E-05
44,177,5.32158E-05
44,178,4.66299E-05
44,179,1.35155E-05
44,180,2.90544E-05
44,181,1.71893E-05
44,182,1.21825E-05
44,183,2.90506E-06
44,184,3.11561E-30
44,185,3.21764E-30
44,186,2.32374E-30
44,187,3.97737E-30
44,188,3.85807E-30
44,189,2.43463E-30
44,190,2.29748E-30
44,191,1.02779E-30
44,192,1.72091E-30
44,193,1.24755E-30
44,194,1.38067E-30
44,195,1.1302E-30
44,196,1.35524E-30
44,197,8.05684E-31
44,198,1.85659E-30
44,199,1.42379E-30
45,0,5.42161E-30
45,1,3.08727E-30
45,2,2.19272E-30
45,3,1.59219E-30
45,4,1.80477E-30
45,5,1.42036E-30
45,6,1.91952E-30
45,7,2.27297E-30
45,8,1.89677E-30
45,9,2.38996E-30
45,10,1.49159E-30
45,11,1.05507E-30
45,12,1.06595E-30
45,13,4.04187E-30
45,14,8.63022E-30
45,15,1.32971E-30
45,16,1.42593E-05
45,17,1.4427E-05
45,18,2.11574E-05
45,19,2.40236E-05
45,20,1.68087E-05
45,21,2.38207E-05
45,22,2.40975E-05
45,23,2.76691E-05
45,24,3.14614E-05
45,25,3.3728E-05
45,26,4.53459E-05
45,27,3.69621E-05
45,28,3.70017E-05
45,29,4.53689E-05
45,30,8.63975E-05
45,31,4.62951E-05
45,32,5.94669E-05
45,33,8.21291E-05
45,34,0.000130441
45,35,0.00013671
45,36,0.000101486
45,37,8.11615E-05
45,38,6.44035E-05
45,39,6.16034E-05
45,40,6.63843E-05
45,41,0.000352545
45,42,6.03308E-05
45,43,5.52675E-05
45,44,9.24478E-05
45,45,0.000131699
45,46,0.000105652
45,47,0.000191808
45,48,0.000391559
45,49,0.000133122
45,50,9.0339E-05
45,51,0.000138087
45,52,0.000626051
45,53,0.000250199
45,54,0.000154262
45,55,0.001059154
45,56,0.000643365
45,57,0.001383373
45,58,0.000259417
45,59,0.000583823
45,60,0.000601287
45,61,0.001930349
45,62,0.000932704
45,63,0.001099744
45,64,0.001703431
45,65,0.002657881
45,66,0.00108053
45,67,0.000982945
45,68,0.003409753
45,69,0.00130806
45,70,0.000866602
45,71,0.001318307
45,72,0.002039553
45,73,0.002530483
45,74,0.000506129
45,75,0.000814497
45,76,0.002139485
45,77,0.002576726
45,78,0.002011582
45,79,0.002446328
45,80,0.003538576
45,81,0.00131994
45,82,0.00141924
45,83,0.004400312
45,84,0.003337453
45,85,0.003443532
45,86,0.002303718
45,87,0.002435033
45,88,0.005497312
45,89,0.004108077
45,90,0.005506418
45,91,0.008437983
45,92,0.012799764
45,93,0.018304627
45,94,0.022108817
45,95,0.033144974
45,96,0.050311505
45,97,0.07637482
45,98,0.120774044
45,99,0.144414477
45,100,0.139341266
45,101,0.10667025
45,102,0.074637016
45,103,0.052027452
45,104,0.034997261
45,105,0.025544844
45,106,0.017637188
45,107,0.012435137
45,108,0.010678491
45,109,0.008230303
45,110,0.008560108
45,111,0.005374779
45,112,0.00380919
45,113,0.004937369
45,114,0.005054145
45,115,0.004344548
45,116,0.001700923
45,117,0.001858653
45,118,0.004880611
45,119,0.003080584
45,120,0.007065084
45,121,0.003634495
45,122,0.001275205
45,123,0.001511204
45,124,0.001207082
45,125,0.001766286
45,126,0.001172567
45,127,0.002480914
45,128,0.000999959
45,129,0.001508304
45,130,0.000944114
45,131,0.000806477
45,132,0.00062271
45,133,0.001508211
45,134,0.001865748
45,135,0.000803758
45,136,0.002395685
45,137,0.001025539
45,138,0.000760734
45,139,0.000812224
45,140,0.002497729
45,141,0.000803332
45,142,0.001399959
45,143,0.000913867
45,144,0.000406958
45,145,0.00018135
45,146,0.000162899
45,147,0.000147855
45,148,0.000482778
45,149,0.000341389
45,150,0.000135659
45,151,0.000489492
45,152,0.000134174
45,153,0.001749825
45,154,0.000281392
45,155,0.000763991
45,156,0.000135015
45,157,0.00018149
45,158,0.000148212
45,159,9.36503E-05
45,160,0.000104686
45,161,0.000292349
45,162,0.001327297
45,163,0.0004067
45,164,0.000291441
45,165,9.82778E-05
45,166,0.000155889
45,167,0.000226368
45,168,0.000113156
45,169,6.72785E-05
45,170,6.51824E-05
45,171,6.93745E-05
45,172,8.76363E-05
45,173,7.8273E-05
45,174,6.33518E-05
45,175,5.3985E-05
45,176,0.000210112
45,177,4.8595E-05
45,178,9.74115E-05
45,179,7.83032E-05
45,180,3.71128E-05
45,181,3.6349E-06
45,182,3.44871E-06
45,183,1.47664E-05
45,184,7.41336E-30
45,185,4.40117E-30
45,186,3.28175E-30
45,187,7.82246E-31
45,188,8.33286E-31
45,189,2.50987E-30
45,190,2.53226E-30
45,191,2.55847E-30
45,192,2.16321E-30
45,193,1.61013E-30
45,194,1.06789E-30
45,195,2.13771E-30
45,196,2.2903E-30
45,197,2.83262E-30
45,198,2.55489E-30
45,199,3.42647E-30
46,0,8.42742E-31
46,1,5.85221E-30
46,2,1.51952E-30
46,3,2.19327E-30
46,4,1.33658E-30
46,5,1.374E-30
46,6,3.2092E-30
46,7,2.73013E-30
46,8,2.58429E-30
46,9,1.31763E-30
46,10,1.57404E-30
46,11,1.97353E-30
46,12,1.7795E-30
46,13,1.53587E-30
46,14,1.05563E-29
46,15,1.18993E-06
46,16,1.49236E-05
46,17,1.46555E-05
46,18,9.37051E-06
46,19,1.09484E-05
46,20,2.08715E-05
46,21,3.49873E-05
46,22,1.92459E-05
46,23,7.77976E-06
46,24,1.77555E-05
46,25,3.88062E-05
46,26,2.37554E-05
46,27,2.27549E-05
46,28,2.80234E-05
46,29,5.05635E-05
46,30,0.000116913
46,31,8.41298E-05
46,32,5.55023E-05
46,33,4.80233E-05
46,34,6.15089E-05
46,35,0.000115151
46,36,7.87421E-05
46,37,5.11434E-05
46,38,4.67709E-05
46,39,3.45039E-05
46,40,5.53679E-05
46,41,7.04867E-05
46,42,0.000393691
46,43,0.000125983
46,44,0.000303808
46,45,9.49914E-05
46,46,0.000101462
46,47,0.000109035
46,48,0.000439726
46,49,0.000129906
46,50,0.000215408
46,51,0.000183545
46,52,0.000872352
46,53,0.000420872
46,54,0.000171976
46,55,0.00071976
46,56,0.000512887
46,57,0.001601235
46,58,0.00023831
46,59,0.002169498
46,60,0.000308803
46,61,0.001118448
46,62,0.001218214
46,63,0.000473404
46,64,0.000443839
46,65,0.000330559
46,66,0.000394869
46,67,0.000444616
46,68,0.000774483
46,69,0.001369639
46,70,0.001526961
46,71,0.000886687
46,72,0.001376571
46,73,0.001181239
46,74,0.002612491
46,75,0.001521499
46,76,0.000844969
46,77,0.001239491
46,78,0.001995394
46,79,0.002796416
46,80,0.001348489
46,81,0.001843223
46,82,0.003018198
46,83,0.002151579
46,84,0.005217945
46,85,0.003207192
46,86,0.003710126
46,87,0.003585829
46,88,0.003822518
46,89,0.005423304
46,90,0.00562473
46,91,0.007524393
46,92,0.010303263
46,93,0.016683632
46,94,0.025053
46,95,0.03609352
46,96,0.05149873
46,97,0.076318843
46,98,0.110051556
46,99,0.14757194
46,100,0.142067353
46,101,0.105521196
46,102,0.069719212
46,103,0.048426848
46,104,0.038349625
46,105,0.024449821
46,106,0.018238089
46,107,0.012912374
46,108,0.010582512
46,109,0.008544942
46,110,0.009783341
46,111,0.007236375
46,112,0.003121771
46,113,0.006779652
46,114,0.004361153
46,115,0.004406074
46,116,0.004034075
46,117,0.001683446
46,118,0.001891177
46,119,0.002298921
46,120,0.004460622
46,121,0.002063356
46,122,0.000886514
46,123,0.002091637
46,124,0.001306109
46,125,0.00185071
46,126,0.00112258
46,127,0.00055161
46,128,0.000630182
46,129,0.001708251
46,130,0.000673458
46,131,0.000990699
46,132,0.000482645
46,133,0.000504592
46,134,0.001461591
46,135,0.000780829
46,136,0.000407387
46,137,0.000618038
46,138,0.000326059
46,139,0.000306598
46,140,0.000897812
46,141,0.000355948
46,142,0.002221754
46,143,0.000171074
46,144,0.000306781
46,145,0.000408294
46,146,0.00020858
46,147,0.000223143
46,148,0.000239621
46,149,0.000807058
46,150,0.000130923
46,151,0.000552322
46,152,0.000197905
46,153,0.000279505
46,154,0.000591511
46,155,0.00100691
46,156,0.000337297
46,157,0.000196819
46,158,0.000219113
46,159,0.000162133
46,160,0.000678958
46,161,0.002205598
46,162,0.000554822
46,163,8.01217E-05
46,164,8.10173E-05
46,165,6.23551E-05
46,166,0.000130753
46,167,0.00010513
46,168,0.000125336
46,169,0.000257773
46,170,0.000792509
46,171,0.000157605
46,172,4.43124E-05
46,173,3.05595E-05
46,174,3.41973E-05
46,175,1.80069E-05
46,176,1.654E-05
46,177,3.31333E-05
46,178,6.14577E-05
46,179,7.5612E-05
46,180,6.28542E-05
46,181,2.53247E-05
46,182,2.30564E-05
46,183,5.17543E-05
46,184,5.46712E-06
46,185,8.68409E-31
46,186,2.21304E-30
46,187,2.75259E-30
46,188,2.27026E-30
46,189,2.79142E-30
46,190,2.52425E-30
46,191,3.42317E-30
46,192,2.96809E-30
46,193,2.33437E-30
46,194,3.27244E-30
46,195,2.83018E-30
46,196,1.52651E-30
46,197,1.6922E-30
46,198,9.15305E-31
46,199,3.72447E-30
47,0,1.26984E-30
47,1,2.61137E-30
47,2,4.92432E-30
47,3,2.26112E-30
47,4,2.64419E-30
47,5,3.04041E-30
47,6,1.57808E-30
47,7,2.726E-30
47,8,3.72134E-30
47,9,4.14197E-30
47,10,2.96795E-30
47,11,1.9015E-30
47,12,1.56178E-30
47,13,9.85657E-31
47,14,2.28037E-06
47,15,9.2323E-06
47,16,6.84923E-06
47,17,1.82087E-05
47,18,2.85242E-05
47,19,3.81408E-05
47,20,3.59336E-05
47,21,2.23981E-05
47,22,3.20883E-05
47,23,4.22325E-05
47,24,4.45796E-05
47,25,3.68488E-05
47,26,3.65535E-05
47,27,3.85667E-05
47,28,5.35203E-05
47,29,8.63113E-05
47,30,4.56627E-05
47,31,3.24686E-05
47,32,6.8857E-05
47,33,6.7894E-05
47,34,0.000436205
47,35,6.02566E-05
47,36,3.7605E-05
47,37,6.23809E-05
47,38,8.08234E-05
47,39,6.07162E-05
47,40,8.66174E-05
47,41,8.34429E-05
47,42,0.000550176
47,43,0.000244045
47,44,0.000321236
47,45,9.39932E-05
47,46,0.000119061
47,47,0.000132343
47,48,0.000146362
47,49,0.000905947
47,50,0.000154318
47,51,0.000168085
47,52,0.000155349
47,53,0.000154849
47,54,0.000205522
47,55,0.00016672
47,56,0.000276754
47,57,0.000263694
47,58,0.000651493
47,59,0.000889597
47,60,0.001221715
47,61,0.001644757
47,62,0.000533532
47,63,0.000752647
47,64,0.000629974
47,65,0.000660494
47,66,0.000327937
47,67,0.001486131
47,68,0.001571795
47,69,0.001243927
47,70,0.001429139
47,71,0.000532254
47,72,0.001003337
47,73,0.00074556
47,74,0.001163205
47,75,0.000919077
47,76,0.001041812
47,77,0.002536124
47,78,0.002489588
47,79,0.002614726
47,80,0.001367394
47,81,0.003571381
47,82,0.002765126
47,83,0.002335608
47,84,0.002602257
47,85,0.002855253
47,86,0.003476979
47,87,0.004630196
47,88,0.006402362
47,89,0.00798838
47,90,0.009059038
47,91,0.010258475
47,92,0.013943425
47,93,0.021120176
47,94,0.02486562
47,95,0.034790471
47,96,0.055994854
47,97,0.072122107
47,98,0.110543955
47,99,0.138742637
47,100,0.13308745
47,101,0.107478987
47,102,0.076793896
47,103,0.053079171
47,104,0.033352909
47,105,0.029246238
47,106,0.017306194
47,107,0.014977904
47,108,0.013185631
47,109,0.010893884
47,110,0.008106475
47,111,0.005295147
47,112,0.005132588
47,113,0.004988008
47,114,0.003189952
47,115,0.002146224
47,116,0.002700142
47,117,0.001707517
47,118,0.001509914
47,119,0.00349429
47,120,0.001857752
47,121,0.002184167
47,122,0.001747652
47,123,0.000937641
47,124,0.000932868
47,125,0.00113244
47,126,0.000696765
47,127,0.000990358
47,128,0.001883399
47,129,0.00096296
47,130,0.001087782
47,131,0.001125126
47,132,0.000829874
47,133,0.000742718
47,134,0.000404981
47,135,0.000986872
47,136,0.000336554
47,137,0.000646882
47,138,0.000199363
47,139,0.000247706
47,140,0.000321238
47,141,0.000929556
47,142,0.000410268
47,143,0.000244392
47,144,0.000207172
47,145,0.00049594
47,146,0.00018449
47,147,0.000167104
47,148,0.000190423
47,149,0.000147235
47,150,0.000177552
47,151,0.000338027
47,152,0.000144327
47,153,0.000286905
47,154,0.000306655
47,155,0.000101444
47,156,0.000435459
47,157,0.000164528
47,158,0.000330841
47,159,0.000184749
47,160,0.000988898
47,161,0.000458478
47,162,0.000381353
47,163,0.000346741
47,164,0.000111271
47,165,0.000138755
47,166,0.000227986
47,167,0.000113937
47,168,0.000112469
47,169,0.000433101
47,170,0.000208772
47,171,0.000388415
47,172,3.97083E-05
47,173,5.60989E-05
47,174,5.78559E-05
47,175,4.90341E-05
47,176,4.37876E-05
47,177,4.90689E-05
47,178,4.54123E-05
47,179,4.44969E-05
47,180,3.89001E-05
47,181,2.59093E-05
47,182,1.69666E-05
47,183,4.90465E-05
47,184,7.23116E-05
47,185,2.09218E-06
47,186,4.69133E-30
47,187,4.77365E-30
47,188,5.24054E-30
47,189,2.39057E-30
47,190,3.13245E-30
47,191,1.83289E-30
47,192,1.45132E-30
47,193,3.05203E-30
47,194,2.97585E-30
47,195,1.9349E-30
47,196,2.93189E-30
47,197,3.39881E-30
47,198,3.99504E-30
47,199,5.01256E-30
48,0,1.6992E-30
48,1,1.75545E-30
48,2,4.62473E-30
48,3,4.64718E-30
48,4,1.46022E-30
48,5,1.5119E-30
48,6,1.99499E-30
48,7,1.19132E-30
48,8,8.62543E-31
48,9,1.79918E-30
48,10,2.87637E-30
48,11,2.36952E-30
48,12,1.11207E-30
48,13,1.384E-30
48,14,2.33377E-06
48,15,6.60333E-06
48,16,7.62453E-06
48,17,3.17244E-05
48,18,3.85309E-05
48,19,3.98134E-05
48,20,2.5416E-05
48,21,3.30633E-05
48,22,4.26992E-05
48,23,1.85339E-05
48,24,1.72113E-05
48,25,4.02948E-05
48,26,3.96398E-05
48,27,4.4494E-05
48,28,2.95423E-05
48,29,3.10462E-05
48,30,5.86363E-05
48,31,6.66457E-05
48,32,6.87972E-05
48,33,5.96878E-05
48,34,5.73256E-05
48,35,6.82899E-05
48,36,9.29752E-05
48,37,7.57894E-05
48,38,5.74336E-05
48,39,5.87663E-05
48,40,0.000502748
48,41,7.30417E-05
48,42,0.000183285
48,43,0.000410813
48,44,0.000679271
48,45,0.000105799
48,46,0.00018218
48,47,0.000225532
48,48,0.000446288
48,49,0.000146895
48,50,0.000156438
48,51,0.000138457
48,52,0.000100104
48,53,0.000145175
48,54,0.000205408
48,55,0.000701288
48,56,0.000237186
48,57,0.000155871
48,58,0.000294353
48,59,0.000692153
48,60,0.001445013
48,61,0.000601803
48,62,0.000307061
48,63,0.000948981
48,64,0.001513525
48,65,0.00034558
48,66,0.001591605
48,67,0.00141763
48,68,0.001776478
48,69,0.000820958
48,70,0.001853251
48,71,0.001280423
48,72,0.00077106
48,73,0.001041324
48,74,0.001186496
48,75,0.001184092
48,76,0.002668887
48,77,0.003078983
48,78,0.00286989
48,79,0.001844805
48,80,0.001927441
48,81,0.00167324
48,82,0.003228023
48,83,0.003779529
48,84,0.003025897
48,85,0.002505329
48,86,0.005783367
48,87,0.004782498
48,88,0.005276112
48,89,0.00599812
48,90,0.008952948
48,91,0.009629713
48,92,0.014038296
48,93,0.020243785
48,94,0.026730235
48,95,0.044546789
48,96,0.052890923
48,97,0.073836757
48,98,0.100266768
48,99,0.129486296
48,100,0.133591728
48,101,0.115301838
48,102,0.075044341
48,103,0.058026373
48,104,0.043259102
48,105,0.02928352
48,106,0.023628592
48,107,0.011857759
48,108,0.012202537
48,109,0.00897604
48,110,0.008662893
48,111,0.006516554
48,112,0.005413314
48,113,0.004289215
48,114,0.003856203
48,115,0.005418526
48,116,0.002091267
48,117,0.001297112
48,118,0.002152733
48,119,0.002205583
48,120,0.001533133
48,121,0.005069659
48,122,0.001412746
48,123,0.001227479
48,124,0.001022633
48,125,0.002321667
48,126,0.002236108
48,127,0.001120457
48,128,0.000560319
48,129,0.000743349
48,130,0.002217566
48,131,0.002298319
48,132,0.001950688
48,133,0.002254557
48,134,0.000472122
48,135,0.0007745
48,136,0.000502138
48,137,0.000303248
48,138,0.0002301
48,139,0.000292872
48,140,0.001120657
48,141,0.000611806
48,142,0.000216089
48,143,0.000526753
48,144,0.000621519
48,145,0.00049733
48,146,0.00015554
48,147,0.000141661
48,148,0.000178531
48,149,0.000672186
48,150,0.000143829
48,151,0.000137585
48,152,0.000149389
48,153,0.000135016
48,154,0.000436605
48,155,8.6061E-05
48,156,0.000147833
48,157,0.000516227
48,158,0.000273502
48,159,0.000840168
48,160,0.000557509
48,161,0.000205648
48,162,0.000162005
48,163,0.000495486
48,164,0.000128387
48,165,8.41448E-05
48,166,5.23137E-05
48,167,0.000106502
48,168,0.000221127
48,169,0.000658805
48,170,6.06883E-05
48,171,5.33946E-05
48,172,0.001766794
48,173,0.000106734
48,174,4.6728E-05
48,175,5.60691E-05
48,176,5.51865E-05
48,177,9.20981E-05
48,178,3.70554E-05
48,179,1.41731E-05
48,180,1.4737E-05
48,181,2.87883E-05
48,182,4.72417E-05
48,183,1.72589E-05
48,184,1.69241E-05
48,185,5.81741E-06
48,186,4.93E-30
48,187,1.5336E-30
48,188,1.47004E-30
48,189,5.25809E-30
48,190,4.73458E-30
48,191,4.89973E-30
48,192,5.08079E-30
48,193,4.37176E-30
48,194,4.11587E-30
48,195,3.4053E-30
48,196,4.2099E-30
48,197,2.85318E-30
48,198,3.73291E-30
48,199,1.47852E-30
49,0,1.58038E-30
49,1,1.59799E-30
49,2,2.68874E-30
49,3,4.34438E-30
49,4,2.98362E-30
49,5,1.30293E-30
49,6,1.13221E-30
49,7,1.05411E-30
49,8,7.24937E-31
49,9,1.08144E-30
49,10,1.57717E-30
49,11,3.11304E-30
49,12,4.06026E-30
49,13,2.69783E-06
49,14,1.30173E-05
49,15,1.78016E-05
49,16,2.54164E-05
49,17,2.39786E-05
49,18,3.6833E-05
49,19,3.7355E-05
49,20,4.01461E-05
49,21,2.7407E-05
49,22,3.35992E-05
49,23,4.82309E-05
49,24,5.30759E-05
49,25,5.83786E-05
49,26,0.000197946
49,27,3.51337E-05
49,28,4.21189E-05
49,29,0.000171465
49,30,5.196E-05
49,31,4.17441E-05
49,32,4.78999E-05
49,33,4.7188E-05
49,34,6.10649E-05
49,35,5.10172E-05
49,36,3.22041E-05
49,37,3.35683E-05
49,38,4.99267E-05
49,39,6.72327E-05
49,40,0.000131003
49,41,0.000477354
49,42,0.000767614
49,43,0.000348268
49,44,0.000195952
49,45,0.000216186
49,46,0.000513233
49,47,0.000637878
49,48,6.843E-05
49,49,0.000109205
49,50,8.43636E-05
49,51,0.000181116
49,52,0.000171177
49,53,0.000129818
49,54,0.000168441
49,55,0.000813316
49,56,0.000521862
49,57,0.000175023
49,58,0.000592297
49,59,0.000328506
49,60,0.000926154
49,61,0.000311296
49,62,0.001462541
49,63,0.001169953
49,64,0.002191451
49,65,0.002027376
49,66,0.00227897
49,67,0.000702562
49,68,0.00093643
49,69,0.000960633
49,70,0.001526662
49,71,0.000869763
49,72,0.000678844
49,73,0.001027508
49,74,0.00130202
49,75,0.00125213
49,76,0.002098572
49,77,0.002109618
49,78,0.004632635
49,79,0.002625329
49,80,0.003806859
49,81,0.00244449
49,82,0.002149526
49,83,0.003786724
49,84,0.004030088
49,85,0.002563484
49,86,0.003219805
49,87,0.005477541
49,88,0.009227382
49,89,0.009909986
49,90,0.008105704
49,91,0.008742159
49,92,0.01475742
49,93,0.020442898
49,94,0.030110919
49,95,0.042541845
49,96,0.055807075
49,97,0.084164264
49,98,0.105636654
49,99,0.12513728
49,100,0.131801159
49,101,0.10535341
49,102,0.074087771
49,103,0.057133166
49,104,0.040108621
49,105,0.027009259
49,106,0.019583301
49,107,0.022078227
49,108,0.014140567
49,109,0.009669357
49,110,0.008267411
49,111,0.0078696
49,112,0.006550756
49,113,0.003780925
49,114,0.005095733
49,115,0.003706921
49,116,0.003477751
49,117,0.001643986
49,118,0.003842188
49,119,0.003238214
49,120,0.001586514
49,121,0.001932186
49,122,0.000829996
49,123,0.001587608
49,124,0.000803001
49,125,0.002379668
49,126,0.001559397
49,127,0.000905607
49,128,0.002409426
49,129,0.002751371
49,130,0.001892493
49,131,0.001754544
49,132,0.000682118
49,133,0.000693093
49,134,0.001003676
49,135,0.00039854
49,136,0.000987333
49,137,0.000528456
49,138,0.002234879
49,139,0.000224572
49,140,0.000246965
49,141,0.000246638
49,142,0.000456313
49,143,0.000808982
49,144,0.00015487
49,145,0.000346561
49,146,0.000238951
49,147,0.000241813
49,148,0.000174597
49,149,0.000237081
49,150,0.000581331
49,151,0.000155349
49,152,0.000219425
49,153,0.000189745
49,154,0.00018469
49,155,9.24457E-05
49,156,0.000356358
49,157,0.000337266
49,158,0.000954482
49,159,0.000199383
49,160,0.00011112
49,161,0.000239815
49,162,0.000487581
49,163,0.002139464
49,164,0.000484364
49,165,0.000372917
49,166,0.000252299
49,167,0.000233738
49,168,9.30312E-05
49,169,0.000638731
49,170,6.14534E-05
49,171,0.000388972
49,172,2.5282E-05
49,173,2.77439E-05
49,174,4.59994E-05
49,175,4.86643E-05
49,176,0.000420975
49,177,3.35361E-05
49,178,3.25911E-05
49,179,2.45466E-05
49,180,2.44848E-05
49,181,0.000312211
49,182,1.58759E-05
49,183,1.48053E-05
49,184,1.32503E-05
49,185,1.22475E-05
49,186,3.7554E-06
49,187,7.0408E-30
49,188,5.20417E-30
49,189,3.43552E-30
49,190,3.36583E-30
49,191,3.32154E-30
49,192,3.8481E-30
49,193,3.90962E-30
49,194,3.28394E-30
49,195,5.40061E-30
49,196,5.07749E-30
49,197,4.91476E-30
49,198,7.63692E-30
49,199,5.22859E-30
50,0,2.18776E-30
50,1,1.67942E-30
50,2,1.47846E-30
50,3,2.24766E-30
50,4,4.75637E-30
50,5,1.84298E-30
50,6,1.65617E-30
50,7,2.03823E-30
50,8,1.95949E-30
50,9,1.18261E-30
50,10,1.74394E-30
50,11,1.44488E-30
50,12,2.35424E-30
50,13,4.19686E-06
50,14,4.12318E-06
50,15,1.68803E-05
50,16,3.00525E-05
50,17,2.37017E-05
50,18,2.03285E-05
50,19,3.83941E-05
50,20,4.63099E-05
50,21,6.02325E-05
50,22,7.87926E-05
50,23,3.75504E-05
50,24,5.28882E-05
50,25,2.70148E-05
50,26,3.17321E-05
50,27,2.13809E-05
50,28,3.07448E-05
50,29,3.71633E-05
50,30,4.00748E-05
50,31,4.86728E-05
50,32,2.48961E-05
50,33,3.14127E-05
50,34,4.34663E-05
50,35,4.17189E-05
50,36,4.31875E-05
50,37,2.99964E-05
50,38,4.5435E-05
50,39,5.62962E-05
50,40,0.000264981
50,41,0.000129753
50,42,0.000128198
50,43,0.000120953
50,44,0.000290608
50,45,0.000179167
50,46,9.37838E-05
50,47,0.000236767
50,48,0.000541954
50,49,0.000113793
50,50,0.00016035
50,51,0.000486595
50,52,0.000185652
50,53,0.000259301
50,54,0.000199063
50,55,0.000385736
50,56,0.002221956
50,57,0.001522281
50,58,0.001769579
50,59,0.00054892
50,60,0.00111823
50,61,0.0003623
50,62,0.00153855
50,63,0.000982274
50,64,0.003039297
50,65,0.000801993
50,66,0.001529739
50,67,0.000745738
50,68,0.000427256
50,69,0.000894179
50,70,0.000683445
50,71,0.002037804
50,72,0.00056292
50,73,0.001593362
50,74,0.002223913
50,75,0.000914936
50,76,0.001109767
50,77,0.001486965
50,78,0.003697375
50,79,0.003306711
50,80,0.002259625
50,81,0.003688955
50,82,0.003133418
50,83,0.002907463
50,84,0.003556208
50,85,0.004456857
50,86,0.003011877
50,87,0.003994203
50,88,0.006035578
50,89,0.008944822
50,90,0.011148873
50,91,0.014905077
50,92,0.015689739
50,93,0.018501956
50,94,0.028390769
50,95,0.041251749
50,96,0.053076485
50,97,0.074257736
50,98,0.104213676
50,99,0.128525946
50,100,0.126966633
50,101,0.10565534
50,102,0.070001617
50,103,0.053101939
50,104,0.037637191
50,105,0.027287066
50,106,0.023390019
50,107,0.01356478
50,108,0.016869477
50,109,0.013185546
50,110,0.009337033
50,111,0.006431368
50,112,0.007495209
50,113,0.00381096
50,114,0.002689421
50,115,0.00550148
50,116,0.002537439
50,117,0.001786112
50,118,0.003660457
50,119,0.002016685
50,120,0.002122394
50,121,0.001070956
50,122,0.001813725
50,123,0.00218449
50,124,0.001016696
50,125,0.001248815
50,126,0.00138268
50,127,0.002140687
50,128,0.001637157
50,129,0.002294644
50,130,0.003416544
50,131,0.000497238
50,132,0.000960417
50,133,0.000621287
50,134,0.000477612
50,135,0.001214756
50,136,0.001173005
50,137,0.001052283
50,138,0.000849677
50,139,0.000379084
50,140,0.000283329
50,141,0.000231909
50,142,0.000860991
50,143,0.000654268
50,144,0.000599988
50,145,0.00105162
50,146,0.001159971
50,147,0.000333717
50,148,0.0004289
50,149,0.000151034
50,150,0.000593745
50,151,0.000175768
50,152,0.000154778
50,153,0.00060666
50,154,0.000207761
50,155,0.000174297
50,156,0.00147955
50,157,0.000402707
50,158,0.000692593
50,159,0.001486676
50,160,0.00015566
50,161,0.000185127
50,162,0.000789015
50,163,0.00011167
50,164,0.000450272
50,165,0.000321677
50,166,0.000278207
50,167,0.000105178
50,168,0.000249384
50,169,9.29467E-05
50,170,4.63618E-05
50,171,0.000466266
50,172,9.47967E-05
50,173,8.29332E-05
50,174,6.81865E-05
50,175,9.84442E-05
50,176,6.79669E-05
50,177,9.65159E-05
50,178,0.000248562
50,179,7.84336E-05
50,180,4.09699E-05
50,181,3.90305E-05
50,182,4.25609E-05
50,183,2.34938E-06
50,184,6.37911E-06
50,185,4.31964E-06
50,186,2.43459E-06
50,187,2.08748E-30
50,188,4.88398E-30
50,189,4.49584E-30
50,190,2.79854E-30
50,191,3.21838E-30
50,192,2.21091E-30
50,193,1.95968E-30
50,194,2.85646E-30
50,195,2.71903E-30
50,196,1.16363E-30
50,197,1.62869E-30
50,198,2.26416E-30
50,199,1.13348E-30
51,0,1.43134E-30
51,1,1.92173E-30
51,2,2.06882E-30
51,3,3.14646E-30
51,4,2.06676E-30
51,5,4.9374E-30
51,6,9.3715E-31
51,7,1.09092E-30
51,8,2.25176E-30
51,9,2.09866E-30
51,10,1.47773E-30
51,11,1.71442E-30
51,12,9.99945E-31
51,13,1.3904E-30
51,14,1.73399E-05
51,15,0.000604071
51,16,3.89834E-06
51,17,1.23939E-05
51,18,2.03278E-05
51,19,2.31885E-05
51,20,3.83192E-05
51,21,2.8141E-05
51,22,4.21074E-05
51,23,6.25249E-05
51,24,5.09525E-05
51,25,6.56366E-05
51,26,7.92354E-05
51,27,5.63565E-05
51,28,7.57668E-05
51,29,0.000669896
51,30,8.58208E-05
51,31,5.60502E-05
51,32,3.0504E-05
51,33,3.68813E-05
51,34,3.32734E-05
51,35,4.80866E-05
51,36,3.84969E-05
51,37,7.09789E-05
51,38,3.97062E-05
51,39,8.35384E-05
51,40,0.001218368
51,41,0.000552914
51,42,0.000815447
51,43,0.000407773
51,44,0.000102324
51,45,7.67733E-05
51,46,6.98553E-05
51,47,0.000243703
51,48,0.000129657
51,49,0.000139624
51,50,0.000155281
51,51,0.000263453
51,52,0.000255954
51,53,0.000195316
51,54,0.000159952
51,55,0.000502117
51,56,0.001068498
51,57,0.000966409
51,58,0.000769291
51,59,0.000778995
51,60,0.000492356
51,61,0.000823675
51,62,0.000721235
51,63,0.001624498
51,64,0.000930886
51,65,0.001100216
51,66,0.000804016
51,67,0.001955967
51,68,0.000476828
51,69,0.001031182
51,70,0.001684856
51,71,0.001828503
51,72,0.000710331
51,73,0.001863685
51,74,0.002527695
51,75,0.001703604
51,76,0.002363079
51,77,0.001931351
51,78,0.002217539
51,79,0.004396148
51,80,0.0027655
51,81,0.003231186
51,82,0.001931018
51,83,0.002221397
51,84,0.00204252
51,85,0.005368057
51,86,0.00440849
51,87,0.005875983
51,88,0.006809381
51,89,0.010255842
51,90,0.010352977
51,91,0.012826119
51,92,0.015615403
51,93,0.020783843
51,94,0.029809368
51,95,0.042389481
51,96,0.050585849
51,97,0.071985018
51,98,0.097811341
51,99,0.119693995
51,100,0.115610644
51,101,0.098289981
51,102,0.071678714
51,103,0.052188579
51,104,0.039377923
51,105,0.029519013
51,106,0.022303165
51,107,0.0159114
51,108,0.014177975
51,109,0.010024394
51,110,0.012366582
51,111,0.005455766
51,112,0.0063291
51,113,0.005891843
51,114,0.004056454
51,115,0.004189168
51,116,0.002395757
51,117,0.001920826
51,118,0.003882664
51,119,0.002114129
51,120,0.002509667
51,121,0.001551877
51,122,0.004767396
51,123,0.001811907
51,124,0.001114361
51,125,0.000678574
51,126,0.000738055
51,127,0.000771969
51,128,0.00106644
51,129,0.002624019
51,130,0.003513189
51,131,0.001155127
51,132,0.000646973
51,133,0.002587103
51,134,0.001921986
51,135,0.000401679
51,136,0.001236723
51,137,0.001201404
51,138,0.001032663
51,139,0.000817611
51,140,0.000581807
51,141,0.000284043
51,142,0.001013545
51,143,0.000203853
51,144,0.000301612
51,145,0.000242068
51,146,0.000970081
51,147,0.000404417
51,148,0.000881087
51,149,0.000553173
51,150,0.001114841
51,151,0.000177462
51,152,0.000296703
51,153,0.000278436
51,154,0.00026361
51,155,0.00015274
51,156,0.000173707
51,157,0.000221962
51,158,0.000228852
51,159,0.000904762
51,160,0.000148226
51,161,0.000168171
51,162,0.000159698
51,163,0.000154802
51,164,6.39177E-05
51,165,0.000118584
51,166,0.000112142
51,167,7.0535E-05
51,168,0.000651377
51,169,0.000117302
51,170,0.000178157
51,171,0.00151448
51,172,6.47313E-05
51,173,8.46583E-05
51,174,7.37664E-05
51,175,5.574E-05
51,176,0.000286202
51,177,2.78491E-05
51,178,5.41116E-05
51,179,4.05906E-05
51,180,3.89034E-05
51,181,4.2384E-05
51,182,0.000124095
51,183,3.5892E-05
51,184,1.58864E-05
51,185,1.05269E-05
51,186,0.000248137
51,187,1.41156E-06
51,188,2.98343E-30
51,189,3.00635E-30
51,190,4.53614E-30
51,191,2.63378E-30
51,192,2.79608E-30
51,193,3.12375E-30
51,194,2.75436E-30
51,195,1.62385E-30
51,196,1.66116E-30
51,197,3.93883E-30
51,198,1.57372E-30
51,199,1.08274E-30
52,0,1.4571E-30
52,1,1.45601E-30
52,2,2.05857E-30
52,3,3.10164E-30
52,4,3.60343E-30
52,5,2.41694E-30
52,6,5.77031E-30
52,7,2.49519E-30
52,8,1.72674E-30
52,9,2.02048E-30
52,10,1.38295E-30
52,11,1.96372E-30
52,12,3.79585E-06
52,13,2.52309E-06
52,14,1.47057E-05
52,15,2.31238E-05
52,16,0.00013607
52,17,3.81371E-05
52,18,3.20404E-05
52,19,3.04385E-05
52,20,2.51651E-05
52,21,5.08318E-05
52,22,4.41768E-05
52,23,6.02591E-05
52,24,7.95847E-05
52,25,6.70478E-05
52,26,0.000107835
52,27,8.25438E-05
52,28,8.10725E-05
52,29,0.000987774
52,30,0.000226787
52,31,3.15603E-05
52,32,5.71376E-05
52,33,5.8369E-05
52,34,5.46923E-05
52,35,6.82952E-05
52,36,9.64408E-05
52,37,9.70697E-05
52,38,0.000262376
52,39,0.000195614
52,40,0.000172362
52,41,0.001143936
52,42,0.000190492
52,43,0.000322679
52,44,0.001288219
52,45,0.00120514
52,46,0.000139448
52,47,0.000199058
52,48,0.000181523
52,49,0.000168334
52,50,0.000520834
52,51,0.000197556
52,52,0.000219711
52,53,0.000209074
52,54,0.000233296
52,55,0.001127073
52,56,0.001819488
52,57,0.001259897
52,58,0.001563564
52,59,0.001537067
52,60,0.000497041
52,61,0.003060649
52,62,0.000664528
52,63,0.00038047
52,64,0.001911703
52,65,0.001139155
52,66,0.000998825
52,67,0.001407063
52,68,0.003390393
52,69,0.002342627
52,70,0.001191528
52,71,0.001785833
52,72,0.001802799
52,73,0.000788105
52,74,0.002062704
52,75,0.001473477
52,76,0.001206648
52,77,0.002203042
52,78,0.001869901
52,79,0.003729672
52,80,0.002686069
52,81,0.001465652
52,82,0.003308528
52,83,0.003913213
52,84,0.004789663
52,85,0.005524666
52,86,0.006711012
52,87,0.008393141
52,88,0.008254974
52,89,0.008046012
52,90,0.009567144
52,91,0.015023786
52,92,0.020961725
52,93,0.019299882
52,94,0.03338168
52,95,0.038180877
52,96,0.058403623
52,97,0.070804234
52,98,0.090613052
52,99,0.118327974
52,100,0.114959511
52,101,0.0911695
52,102,0.072362402
52,103,0.050411849
52,104,0.041011485
52,105,0.027697132
52,106,0.017473622
52,107,0.018161981
52,108,0.014013533
52,109,0.015670615
52,110,0.008268161
52,111,0.00719592
52,112,0.006710688
52,113,0.006183513
52,114,0.004086792
52,115,0.005675976
52,116,0.006160295
52,117,0.00167267
52,118,0.001799437
52,119,0.002081952
52,120,0.002310429
52,121,0.002346846
52,122,0.003609613
52,123,0.003238765
52,124,0.003043767
52,125,0.001829393
52,126,0.002177453
52,127,0.001143474
52,128,0.002269116
52,129,0.001160298
52,130,0.001309696
52,131,0.001942566
52,132,0.00175193
52,133,0.000423089
52,134,0.000547374
52,135,0.000424248
52,136,0.001002566
52,137,0.001239806
52,138,0.000319352
52,139,0.000355144
52,140,0.000241251
52,141,0.00077216
52,142,0.001287253
52,143,0.000444911
52,144,0.000499343
52,145,0.000648876
52,146,0.000204662
52,147,0.000214801
52,148,0.000579182
52,149,0.000718578
52,150,0.000296236
52,151,0.00023152
52,152,0.000237515
52,153,0.000689703
52,154,0.000815732
52,155,0.00053562
52,156,0.000125205
52,157,0.000641532
52,158,0.000121199
52,159,0.00010241
52,160,8.9416E-05
52,161,9.91391E-05
52,162,0.000266817
52,163,0.000105863
52,164,9.76914E-05
52,165,0.000119002
52,166,0.000145161
52,167,0.000365032
52,168,0.000229785
52,169,0.000103245
52,170,0.000206985
52,171,0.000912123
52,172,7.1374E-05
52,173,4.16419E-05
52,174,3.66279E-05
52,175,5.6777E-05
52,176,5.60783E-05
52,177,3.89352E-05
52,178,3.78614E-05
52,179,4.45537E-05
52,180,3.90516E-05
52,181,4.19548E-05
52,182,7.17347E-05
52,183,2.28634E-05
52,184,3.76884E-05
52,185,1.71033E-05
52,186,1.68112E-05
52,187,6.50541E-06
52,188,7.57928E-31
52,189,9.54341E-31
52,190,1.17296E-30
52,191,2.87972E-30
52,192,2.3765E-30
52,193,9.77544E-31
52,194,1.72882E-30
52,195,2.06376E-30
52,196,2.65313E-30
52,197,3.60524E-30
52,198,1.68435E-30
52,199,2.02171E-30
53,0,1.19117E-30
53,1,1.16391E-30
53,2,6.22782E-31
53,3,1.01102E-30
53,4,4.24765E-30
53,5,2.05614E-30
53,6,2.45773E-30
53,7,2.98137E-30
53,8,5.85089E-31
53,9,1.37702E-30
53,10,2.81347E-30
53,11,2.21008E-30
53,12,1.117E-05
53,13,1.24667E-05
53,14,1.12231E-30
53,15,5.63927E-06
53,16,5.46093E-05
53,17,0.000239193
53,18,0.002124116
53,19,0.000142935
53,20,3.25042E-05
53,21,2.97047E-05
53,22,0.000139233
53,23,4.27973E-05
53,24,3.30604E-05
53,25,3.16427E-05
53,26,7.90758E-05
53,27,7.02096E-05
53,28,4.83414E-05
53,29,3.22278E-05
53,30,3.75157E-05
53,31,4.60593E-05
53,32,6.61501E-05
53,33,6.69331E-05
53,34,0.000159947
53,35,9.57147E-05
53,36,0.000125376
53,37,0.000166216
53,38,0.000713644
53,39,0.001306219
53,40,0.000219251
53,41,0.000222981
53,42,0.000145716
53,43,0.000201275
53,44,0.00041375
53,45,0.000269323
53,46,0.001610395
53,47,0.000105284
53,48,0.000114698
53,49,0.000123776
53,50,0.000346744
53,51,0.000212758
53,52,0.00062514
53,53,0.000345608
53,54,0.000167456
53,55,0.0002025
53,56,0.000928843
53,57,0.000438734
53,58,0.001383617
53,59,0.000336345
53,60,0.001120153
53,61,0.002158763
53,62,0.001444208
53,63,0.000818981
53,64,0.000810201
53,65,0.000604284
53,66,0.000517105
53,67,0.001350683
53,68,0.001493744
53,69,0.000994769
53,70,0.003368669
53,71,0.000927596
53,72,0.001671025
53,73,0.00117649
53,74,0.003360039
53,75,0.000882394
53,76,0.001519915
53,77,0.002154291
53,78,0.002111192
53,79,0.004309584
53,80,0.004280685
53,81,0.003778409
53,82,0.003342648
53,83,0.003474419
53,84,0.003028325
53,85,0.004634978
53,86,0.006361661
53,87,0.007880561
53,88,0.007631564
53,89,0.009326582
53,90,0.010004986
53,91,0.016152509
53,92,0.019394421
53,93,0.020157339
53,94,0.029472783
53,95,0.038536419
53,96,0.052286995
53,97,0.077075555
53,98,0.101166577
53,99,0.107714342
53,100,0.111339602
53,101,0.093575796
53,102,0.076911174
53,103,0.053476392
53,104,0.039078265
53,105,0.029062218
53,106,0.021444038
53,107,0.017345105
53,108,0.014452575
53,109,0.00950001
53,110,0.006577898
53,111,0.00753816
53,112,0.00660219
53,113,0.004806684
53,114,0.003430435
53,115,0.004200093
53,116,0.004468191
53,117,0.002036745
53,118,0.003260367
53,119,0.002795821
53,120,0.002562653
53,121,0.001957
53,122,0.001467686
53,123,0.003628975
53,124,0.002778652
53,125,0.002303819
53,126,0.000693983
53,127,0.000615586
53,128,0.000600948
53,129,0.001473814
53,130,0.000794282
53,131,0.000646385
53,132,0.001271844
53,133,0.000969139
53,134,0.00070022
53,135,0.001363109
53,136,0.000507288
53,137,0.0019362
53,138,0.001303017
53,139,0.000415388
53,140,0.000380838
53,141,0.000481499
53,142,0.000559502
53,143,0.000678227
53,144,0.000307006
53,145,0.000259602
53,146,0.000176224
53,147,0.000161311
53,148,0.000383739
53,149,0.001720969
53,150,0.001104282
53,151,0.001257148
53,152,0.000217294
53,153,0.000611102
53,154,0.00126028
53,155,0.000885333
53,156,0.000181128
53,157,0.000219736
53,158,0.000239809
53,159,0.000185474
53,160,0.000214893
53,161,0.000205429
53,162,0.000126888
53,163,6.97434E-05
53,164,0.000106785
53,165,0.000103701
53,166,0.000165528
53,167,0.000392529
53,168,0.000175275
53,169,8.82391E-05
53,170,8.22576E-05
53,171,0.000114366
53,172,0.00132803
53,173,6.29237E-05
53,174,5.19272E-05
53,175,4.77462E-05
53,176,0.000100546
53,177,8.64577E-05
53,178,4.94076E-05
53,179,2.92047E-05
53,180,2.25151E-05
53,181,2.33363E-05
53,182,4.73911E-05
53,183,3.25849E-05
53,184,2.49368E-05
53,185,3.13487E-05
53,186,4.07377E-05
53,187,8.86206E-06
53,188,1.72635E-30
53,189,1.50214E-30
53,190,1.30304E-30
53,191,1.38535E-30
53,192,1.86009E-30
53,193,4.3112E-30
53,194,9.19578E-31
53,195,9.19552E-31
53,196,2.04129E-30
53,197,3.55013E-30
53,198,2.97575E-30
53,199,2.42862E-30
54,0,9.47257E-31
54,1,1.12306E-30
54,2,1.28807E-30
54,3,9.06626E-31
54,4,1.43715E-30
54,5,2.0066E-30
54,6,1.96662E-30
54,7,4.81227E-30
54,8,4.84323E-30
54,9,2.66355E-30
54,10,1.67515E-30
54,11,4.34836E-06
54,12,1.25988E-05
54,13,8.04871E-06
54,14,2.79845E-05
54,15,4.2239E-05
54,16,1.84611E-05
54,17,4.42547E-05
54,18,2.42285E-05
54,19,0.000265281
54,20,0.000306352
54,21,2.68383E-05
54,22,4.57945E-05
54,23,4.51881E-05
54,24,4.10323E-05
54,25,6.29523E-05
54,26,3.07681E-05
54,27,3.32652E-05
54,28,4.48817E-05
54,29,5.08077E-05
54,30,6.38432E-05
54,31,8.35232E-05
54,32,8.08067E-05
54,33,0.000101881
54,34,0.001143475
54,35,0.000129206
54,36,0.000164178
54,37,0.000110905
54,38,8.58508E-05
54,39,0.000703851
54,40,0.000487121
54,41,0.000131805
54,42,0.000397339
54,43,0.000676548
54,44,0.000536322
54,45,0.000199466
54,46,0.000107572
54,47,0.0001482
54,48,0.000136156
54,49,0.000117183
54,50,0.000152033
54,51,0.000423585
54,52,0.000571674
54,53,0.001439117
54,54,0.000211271
54,55,0.000175273
54,56,0.000482606
54,57,0.000651648
54,58,0.000839264
54,59,0.000822857
54,60,0.001570363
54,61,0.001266246
54,62,0.002047439
54,63,0.001359177
54,64,0.000471713
54,65,0.000496487
54,66,0.001172222
54,67,0.000943375
54,68,0.000541258
54,69,0.000735387
54,70,0.000676131
54,71,0.002272195
54,72,0.00273286
54,73,0.001849844
54,74,0.001807164
54,75,0.002607709
54,76,0.001577797
54,77,0.003642401
54,78,0.00325317
54,79,0.002504863
54,80,0.003771028
54,81,0.002010233
54,82,0.004161441
54,83,0.004607564
54,84,0.003552912
54,85,0.004377551
54,86,0.005292129
54,87,0.004319393
54,88,0.007410673
54,89,0.009372348
54,90,0.013579037
54,91,0.014114584
54,92,0.017027912
54,93,0.023054997
54,94,0.030556049
54,95,0.04338113
54,96,0.055498148
54,97,0.069503983
54,98,0.095086909
54,99,0.110702408
54,100,0.101090115
54,101,0.094222599
54,102,0.079896045
54,103,0.065340709
54,104,0.051810185
54,105,0.031216215
54,106,0.021628903
54,107,0.016120751
54,108,0.014118151
54,109,0.011072465
54,110,0.00891721
54,111,0.007532928
54,112,0.006497654
54,113,0.004386614
54,114,0.003676604
54,115,0.003653197
54,116,0.00329813
54,117,0.002659037
54,118,0.001965568
54,119,0.004239303
54,120,0.003199341
54,121,0.002619576
54,122,0.002870834
54,123,0.002853881
54,124,0.003597005
54,125,0.004227998
54,126,0.001626954
54,127,0.000983617
54,128,0.00155916
54,129,0.000691288
54,130,0.000582302
54,131,0.001714864
54,132,0.001183618
54,133,0.00137898
54,134,0.002629645
54,135,0.001096005
54,136,0.001288637
54,137,0.000765723
54,138,0.000352863
54,139,0.000681485
54,140,0.000959563
54,141,0.000522841
54,142,0.000458715
54,143,0.000218105
54,144,0.000318538
54,145,0.000823269
54,146,0.000304831
54,147,0.000214748
54,148,0.00098859
54,149,0.000468501
54,150,0.00136688
54,151,0.000578217
54,152,0.000185955
54,153,0.000195561
54,154,0.000577634
54,155,0.001056373
54,156,0.000136389
54,157,0.000126523
54,158,0.000640375
54,159,0.000317039
54,160,0.000111559
54,161,7.99156E-05
54,162,0.000231325
54,163,0.000112382
54,164,0.000477671
54,165,0.000125849
54,166,0.000124053
54,167,7.58384E-05
54,168,0.000152205
54,169,0.000149095
54,170,9.56792E-05
54,171,0.000149935
54,172,0.000102329
54,173,0.000151818
54,174,0.000237112
54,175,5.30211E-05
54,176,6.58691E-05
54,177,5.7741E-05
54,178,5.21307E-05
54,179,3.60005E-05
54,180,2.0615E-05
54,181,1.49279E-05
54,182,2.12623E-05
54,183,2.40091E-05
54,184,3.89348E-05
54,185,2.00298E-05
54,186,1.90621E-05
54,187,1.9103E-05
54,188,1.73155E-05
54,189,2.18204E-06
54,190,1.48303E-30
54,191,6.88568E-31
54,192,1.89934E-30
54,193,1.33881E-30
54,194,3.67696E-30
54,195,2.33005E-30
54,196,3.11546E-30
54,197,1.23594E-30
54,198,1.32003E-30
54,199,2.62644E-30
55,0,2.90222E-30
55,1,2.32348E-30
55,2,1.69607E-30
55,3,1.76463E-30
55,4,1.62446E-30
55,5,3.94917E-30
55,6,1.7289E-30
55,7,1.60277E-30
55,8,3.90541E-30
55,9,2.07009E-30
55,10,5.48453E-07
55,11,9.72498E-06
55,12,2.05637E-05
55,13,2.81254E-05
55,14,1.43553E-05
55,15,1.65006E-05
55,16,2.62618E-05
55,17,5.87811E-05
55,18,5.17583E-05
55,19,4.82304E-05
55,20,0.000450285
55,21,0.000211802
55,22,6.79048E-05
55,23,7.3999E-05
55,24,5.79951E-05
55,25,2.73978E-05
55,26,3.57905E-05
55,27,3.70228E-05
55,28,3.19709E-05
55,29,5.64756E-05
55,30,7.43107E-05
55,31,9.97251E-05
55,32,0.000101055
55,33,0.000121894
55,34,0.000102297
55,35,0.000134262
55,36,0.000349356
55,37,0.000119552
55,38,0.000321052
55,39,0.000304587
55,40,0.000214307
55,41,0.000393519
55,42,0.000161741
55,43,0.000153766
55,44,0.000851025
55,45,0.000161815
55,46,0.000145571
55,47,0.00011565
55,48,0.000119256
55,49,0.000175163
55,50,0.001484423
55,51,0.001795377
55,52,0.000288554
55,53,0.000390458
55,54,0.000790826
55,55,0.000810336
55,56,0.002941376
55,57,0.000716448
55,58,0.001105938
55,59,0.001331049
55,60,0.00141102
55,61,0.000705128
55,62,0.002083925
55,63,0.001511505
55,64,0.000398574
55,65,0.001335951
55,66,0.001618412
55,67,0.001373538
55,68,0.000546465
55,69,0.001053804
55,70,0.001545573
55,71,0.001443706
55,72,0.000816838
55,73,0.00182407
55,74,0.003236911
55,75,0.002959312
55,76,0.001949943
55,77,0.003102207
55,78,0.003356336
55,79,0.00365194
55,80,0.001937585
55,81,0.003038198
55,82,0.00289081
55,83,0.001962886
55,84,0.003198951
55,85,0.004130088
55,86,0.005802881
55,87,0.006976235
55,88,0.010183164
55,89,0.008467748
55,90,0.011512418
55,91,0.017876179
55,92,0.019150657
55,93,0.025654893
55,94,0.031147613
55,95,0.043517074
55,96,0.055946664
55,97,0.074847665
55,98,0.093903761
55,99,0.104828956
55,100,0.093365941
55,101,0.086908999
55,102,0.073538102
55,103,0.060424748
55,104,0.045622416
55,105,0.03055544
55,106,0.023216746
55,107,0.018604742
55,108,0.013984343
55,109,0.011092083
55,110,0.009321791
55,111,0.00710943
55,112,0.007329529
55,113,0.004228987
55,114,0.003725613
55,115,0.004337231
55,116,0.002144668
55,117,0.002696802
55,118,0.003674713
55,119,0.004051087
55,120,0.0027776
55,121,0.002381006
55,122,0.001722615
55,123,0.001471162
55,124,0.001738062
55,125,0.002717705
55,126,0.002574727
55,127,0.003019185
55,128,0.001919668
55,129,0.00067922
55,130,0.001464947
55,131,0.00042931
55,132,0.000681278
55,133,0.001830212
55,134,0.001392757
55,135,0.001707392
55,136,0.001207414
55,137,0.00060056
55,138,0.000245624
55,139,0.000413745
55,140,0.000424928
55,141,0.001265954
55,142,0.000795079
55,143,0.000507742
55,144,0.000248782
55,145,0.000187133
55,146,0.000232796
55,147,0.000358637
55,148,0.000470846
55,149,0.001177277
55,150,0.001538382
55,151,0.001195848
55,152,0.000838076
55,153,0.001243308
55,154,0.000794931
55,155,0.000837033
55,156,0.000405242
55,157,0.000129323
55,158,0.000741341
55,159,0.000445468
55,160,0.000105957
55,161,0.000351544
55,162,0.000186137
55,163,0.000170772
55,164,0.000702363
55,165,6.80005E-05
55,166,0.00010073
55,167,0.000119858
55,168,0.000101272
55,169,0.000252424
55,170,8.9809E-05
55,171,5.50536E-05
55,172,6.51396E-05
55,173,5.00703E-05
55,174,0.000123864
55,175,8.39486E-05
55,176,5.58621E-05
55,177,6.56325E-05
55,178,4.48182E-05
55,179,4.47712E-05
55,180,3.73178E-05
55,181,0.000194604
55,182,2.48601E-05
55,183,3.22228E-05
55,184,2.76682E-05
55,185,5.98555E-05
55,186,4.19632E-05
55,187,1.44693E-05
55,188,1.25158E-05
55,189,2.24316E-06
55,190,1.82365E-30
55,191,2.34498E-30
55,192,1.94907E-30
55,193,1.12983E-30
55,194,1.38297E-30
55,195,3.83453E-30
55,196,5.69733E-30
55,197,1.78677E-30
55,198,1.61976E-30
55,199,1.13746E-30
56,0,8.48314E-31
56,1,1.75273E-30
56,2,2.33678E-30
56,3,2.19344E-30
56,4,2.53351E-30
56,5,4.27519E-30
56,6,3.17485E-30
56,7,2.55403E-30
56,8,2.15495E-30
56,9,1.03806E-06
56,10,1.73575E-05
56,11,2.92308E-05
56,12,2.28401E-05
56,13,3.79977E-05
56,14,3.33384E-05
56,15,4.02853E-05
56,16,4.91899E-05
56,17,1.99349E-05
56,18,4.01408E-05
56,19,6.36011E-05
56,20,5.36021E-05
56,21,4.3665E-05
56,22,5.42201E-05
56,23,8.10887E-05
56,24,3.6415E-05
56,25,0.00028966
56,26,6.33169E-05
56,27,0.000156514
56,28,6.87411E-05
56,29,7.76539E-05
56,30,9.8806E-05
56,31,0.000127882
56,32,0.000172254
56,33,0.00019621
56,34,0.000498487
56,35,0.000900659
56,36,0.000187321
56,37,6.74259E-05
56,38,0.0002101
56,39,0.001389735
56,40,0.000204123
56,41,0.000167886
56,42,0.000174679
56,43,0.000883049
56,44,0.001006393
56,45,0.000161749
56,46,0.000102309
56,47,0.000155637
56,48,0.000201165
56,49,0.000437037
56,50,0.000620609
56,51,0.000192762
56,52,0.000219988
56,53,0.00114463
56,54,0.000505885
56,55,0.000262212
56,56,0.001278785
56,57,0.001120194
56,58,0.000967451
56,59,0.001187592
56,60,0.000510133
56,61,0.001982556
56,62,0.002412306
56,63,0.00056756
56,64,0.000366181
56,65,0.0023615
56,66,0.001479264
56,67,0.001104762
56,68,0.000713896
56,69,0.00088726
56,70,0.001417885
56,71,0.000728554
56,72,0.001169769
56,73,0.001316387
56,74,0.002301536
56,75,0.001188052
56,76,0.004074734
56,77,0.000892494
56,78,0.002131005
56,79,0.001583868
56,80,0.002189741
56,81,0.002887638
56,82,0.004694357
56,83,0.00305337
56,84,0.003835551
56,85,0.005303683
56,86,0.006094831
56,87,0.004399958
56,88,0.009331182
56,89,0.009336408
56,90,0.012166455
56,91,0.012250975
56,92,0.01632941
56,93,0.024144828
56,94,0.030807287
56,95,0.041825933
56,96,0.062678451
56,97,0.075069398
56,98,0.094560874
56,99,0.098148151
56,100,0.101702869
56,101,0.092913975
56,102,0.073380038
56,103,0.057751091
56,104,0.042282728
56,105,0.033750371
56,106,0.026927173
56,107,0.01691743
56,108,0.013979739
56,109,0.017595872
56,110,0.009795677
56,111,0.010322255
56,112,0.006818783
56,113,0.00301966
56,114,0.0048723
56,115,0.003129312
56,116,0.00284999
56,117,0.00446047
56,118,0.002982965
56,119,0.004070697
56,120,0.002134884
56,121,0.003682888
56,122,0.002353493
56,123,0.002043218
56,124,0.001903208
56,125,0.002566499
56,126,0.001791534
56,127,0.000823721
56,128,0.000959523
56,129,0.000915622
56,130,0.001579891
56,131,0.000698033
56,132,0.001003309
56,133,0.000516229
56,134,0.000571717
56,135,0.000765035
56,136,0.00047042
56,137,0.000401055
56,138,0.000801287
56,139,0.00097241
56,140,0.000757728
56,141,0.000849415
56,142,0.00192907
56,143,0.000239175
56,144,0.00037394
56,145,0.000301989
56,146,0.000147712
56,147,0.000747492
56,148,0.000188877
56,149,0.000575439
56,150,0.000274022
56,151,0.000608091
56,152,0.000784618
56,153,0.000378322
56,154,0.000262153
56,155,0.001102054
56,156,0.000140511
56,157,0.001496729
56,158,0.000525235
56,159,0.000141993
56,160,0.000410538
56,161,0.000150785
56,162,0.000171079
56,163,0.000393411
56,164,0.000116933
56,165,0.000187149
56,166,0.000113954
56,167,5.85981E-05
56,168,7.88785E-05
56,169,0.000158977
56,170,8.98839E-05
56,171,7.53597E-05
56,172,0.000102951
56,173,0.000277236
56,174,0.000272996
56,175,6.90533E-05
56,176,4.08491E-05
56,177,4.55549E-05
56,178,5.25072E-05
56,179,3.07036E-05
56,180,5.43919E-05
56,181,0.000165315
56,182,5.94893E-05
56,183,3.45212E-05
56,184,2.1899E-05
56,185,2.52461E-05
56,186,2.27784E-05
56,187,2.57632E-05
56,188,1.55316E-05
56,189,1.18209E-06
56,190,2.20916E-30
56,191,2.84287E-30
56,192,2.99902E-30
56,193,2.75295E-30
56,194,1.80246E-30
56,195,2.6516E-30
56,196,3.24205E-30
56,197,4.21876E-30
56,198,3.05316E-30
56,199,2.03743E-30
57,0,3.77531E-30
57,1,2.29011E-30
57,2,3.1479E-30
57,3,3.21593E-30
57,4,2.57801E-30
57,5,2.82312E-30
57,6,3.39692E-30
57,7,1.86209E-30
57,8,2.29441E-30
57,9,9.84341E-06
57,10,1.41526E-05
57,11,1.19194E-05
57,12,1.82287E-05
57,13,1.6902E-05
57,14,3.06842E-05
57,15,2.23878E-05
57,16,0.000433366
57,17,1.60461E-05
57,18,3.04699E-05
57,19,0.000336422
57,20,5.01146E-05
57,21,0.000163999
57,22,5.01883E-05
57,23,9.77835E-05
57,24,0.000117057
57,25,8.511E-05
57,26,5.99417E-05
57,27,0.000195273
57,28,0.00019816
57,29,0.001007627
57,30,0.001015526
57,31,0.001184718
57,32,0.000230196
57,33,8.92841E-05
57,34,9.0133E-05
57,35,9.81609E-05
57,36,0.000200007
57,37,0.000104835
57,38,7.10679E-05
57,39,0.000175456
57,40,0.000189426
57,41,0.000111353
57,42,0.000115642
57,43,0.000359696
57,44,0.000558704
57,45,0.000189902
57,46,0.000217278
57,47,0.000264197
57,48,0.000616304
57,49,0.000884469
57,50,0.000136603
57,51,0.000581861
57,52,0.000435286
57,53,0.000462394
57,54,0.000270447
57,55,0.00044101
57,56,0.000972658
57,57,0.001042346
57,58,0.00027171
57,59,0.000752193
57,60,0.001996845
57,61,0.001644534
57,62,0.000505383
57,63,0.001571909
57,64,0.000602733
57,65,0.000898746
57,66,0.000655571
57,67,0.00109168
57,68,0.001154175
57,69,0.000677112
57,70,0.000837426
57,71,0.00102263
57,72,0.001550446
57,73,0.003088835
57,74,0.001827815
57,75,0.002059878
57,76,0.002102871
57,77,0.001732797
57,78,0.001956566
57,79,0.002184456
57,80,0.002283966
57,81,0.004152449
57,82,0.006591583
57,83,0.002892503
57,84,0.00453309
57,85,0.003110545
57,86,0.005281713
57,87,0.007518908
57,88,0.008311607
57,89,0.0109687
57,90,0.014301858
57,91,0.014545547
57,92,0.020655967
57,93,0.031282773
57,94,0.038835674
57,95,0.053878905
57,96,0.060452087
57,97,0.070347654
57,98,0.090025395
57,99,0.098985461
57,100,0.103216356
57,101,0.090946499
57,102,0.071575716
57,103,0.061173478
57,104,0.050268408
57,105,0.035649082
57,106,0.023628667
57,107,0.021462875
57,108,0.016516239
57,109,0.014615444
57,110,0.013235401
57,111,0.009720283
57,112,0.006907147
57,113,0.004730847
57,114,0.005050144
57,115,0.005319993
57,116,0.003540062
57,117,0.002226362
57,118,0.003230035
57,119,0.005629915
57,120,0.003869975
57,121,0.002040048
57,122,0.002832926
57,123,0.002711478
57,124,0.002769963
57,125,0.003616604
57,126,0.002431451
57,127,0.001183496
57,128,0.000783049
57,129,0.001048408
57,130,0.00135902
57,131,0.001473297
57,132,0.001085129
57,133,0.000979179
57,134,0.000350852
57,135,0.001005397
57,136,0.001938421
57,137,0.000349245
57,138,0.001049909
57,139,0.001030315
57,140,0.001629998
57,141,0.00053267
57,142,0.001158642
57,143,0.000492456
57,144,0.000445112
57,145,0.000223787
57,146,0.000226737
57,147,0.000160124
57,148,0.000651356
57,149,0.000254603
57,150,0.000398821
57,151,0.000332354
57,152,0.001298966
57,153,0.000247005
57,154,0.000715071
57,155,0.00018585
57,156,0.000119827
57,157,9.05556E-05
57,158,0.000161249
57,159,0.000157074
57,160,0.000110713
57,161,0.000206612
57,162,0.00016483
57,163,0.001253849
57,164,0.000114783
57,165,0.000154395
57,166,9.27759E-05
57,167,9.21754E-05
57,168,4.69059E-05
57,169,0.000102221
57,170,0.000116291
57,171,9.24532E-05
57,172,6.60378E-05
57,173,3.3494E-05
57,174,0.000148379
57,175,5.57137E-05
57,176,8.19561E-05
57,177,5.21322E-05
57,178,0.000173331
57,179,5.19594E-05
57,180,4.47846E-05
57,181,6.85829E-05
57,182,3.38646E-05
57,183,4.14932E-05
57,184,4.69921E-05
57,185,7.34461E-05
57,186,3.621E-05
57,187,2.99296E-05
57,188,2.7382E-05
57,189,2.18666E-05
57,190,4.93469E-06
57,191,2.14223E-30
57,192,2.23084E-30
57,193,2.31509E-30
57,194,2.99339E-30
57,195,2.98167E-30
57,196,1.65827E-30
57,197,1.3398E-30
57,198,2.46274E-30
57,199,3.36665E-30
58,0,3.93528E-30
58,1,4.92403E-30
58,2,2.71048E-30
58,3,2.68175E-30
58,4,2.91437E-30
58,5,2.71394E-30
58,6,4.88567E-30
58,7,4.01078E-30
58,8,8.27757E-07
58,9,4.14993E-06
58,10,1.00494E-05
58,11,1.46742E-05
58,12,1.68106E-05
58,13,2.65154E-05
58,14,2.49588E-05
58,15,1.58477E-05
58,16,2.79633E-05
58,17,2.60506E-05
58,18,2.2191E-05
58,19,4.39684E-05
58,20,9.93511E-05
58,21,8.47078E-05
58,22,6.88564E-05
58,23,0.000115875
58,24,0.000113373
58,25,0.000100478
58,26,0.000162773
58,27,0.000112541
58,28,0.000101142
58,29,8.58718E-05
58,30,0.000239534
58,31,7.85903E-05
58,32,0.000121679
58,33,0.000393157
58,34,0.000153186
58,35,9.21798E-05
58,36,0.000159846
58,37,0.000128812
58,38,0.000269472
58,39,0.000138722
58,40,0.000134535
58,41,0.000126933
58,42,9.60013E-05
58,43,0.000460717
58,44,0.000428089
58,45,0.000645649
58,46,0.000187357
58,47,0.000793076
58,48,0.00021133
58,49,0.000478142
58,50,0.000158495
58,51,0.000630236
58,52,0.000379693
58,53,0.000262565
58,54,0.000425302
58,55,0.001692675
58,56,0.001073011
58,57,0.000607815
58,58,0.002809245
58,59,0.003206539
58,60,0.001145145
58,61,0.001113714
58,62,0.001302983
58,63,0.001658571
58,64,0.000442125
58,65,0.000365801
58,66,0.000796833
58,67,0.001029311
58,68,0.000901749
58,69,0.001581078
58,70,0.000612052
58,71,0.000768752
58,72,0.000799053
58,73,0.001765784
58,74,0.00133949
58,75,0.001820061
58,76,0.002961905
58,77,0.002688997
58,78,0.001725685
58,79,0.00322157
58,80,0.001923916
58,81,0.002464787
58,82,0.002427356
58,83,0.004957353
58,84,0.003756506
58,85,0.003374816
58,86,0.006317748
58,87,0.0067207
58,88,0.007376996
58,89,0.009791422
58,90,0.015499064
58,91,0.018532404
58,92,0.019717612
58,93,0.025452708
58,94,0.037085454
58,95,0.048435383
58,96,0.059134602
58,97,0.072998773
58,98,0.086187633
58,99,0.107569688
58,100,0.101236939
58,101,0.09416808
58,102,0.07190684
58,103,0.056781051
58,104,0.044562469
58,105,0.033337223
58,106,0.020805817
58,107,0.01933699
58,108,0.016605253
58,109,0.012528802
58,110,0.010686073
58,111,0.007215137
58,112,0.006477425
58,113,0.008488465
58,114,0.004257322
58,115,0.007176519
58,116,0.005840925
58,117,0.007233632
58,118,0.003212255
58,119,0.004370551
58,120,0.003606178
58,121,0.003272548
58,122,0.003555573
58,123,0.004117398
58,124,0.001478707
58,125,0.000723257
58,126,0.002070986
58,127,0.002460867
58,128,0.000818645
58,129,0.001460695
58,130,0.001086444
58,131,0.001939174
58,132,0.000644406
58,133,0.001831578
58,134,0.001019289
58,135,0.001169103
58,136,0.000789895
58,137,0.000432105
58,138,0.000725954
58,139,0.000828862
58,140,0.00071917
58,141,0.000617877
58,142,0.001418124
58,143,0.00107723
58,144,0.00027017
58,145,0.000511106
58,146,0.000234093
58,147,0.000740804
58,148,0.000980415
58,149,0.000631316
58,150,0.000215086
58,151,0.000296548
58,152,0.000326143
58,153,0.000330142
58,154,0.000283904
58,155,0.000190073
58,156,0.000169008
58,157,0.000137058
58,158,0.000109209
58,159,0.000139742
58,160,0.000256912
58,161,0.000148329
58,162,0.000166768
58,163,0.000169755
58,164,0.000117765
58,165,8.14896E-05
58,166,0.000133683
58,167,0.000129928
58,168,0.000117181
58,169,8.48838E-05
58,170,0.000137456
58,171,0.000101354
58,172,6.5397E-05
58,173,5.55379E-05
58,174,0.001208313
58,175,8.97923E-05
58,176,4.67774E-05
58,177,8.45423E-05
58,178,0.000228198
58,179,6.94265E-05
58,180,4.36387E-05
58,181,4.05402E-05
58,182,5.10227E-05
58,183,1.95006E-05
58,184,2.6039E-05
58,185,2.98099E-05
58,186,2.69634E-05
58,187,2.03837E-05
58,188,2.00133E-05
58,189,1.91359E-05
58,190,3.51527E-05
58,191,2.44796E-30
58,192,1.24478E-30
58,193,1.57648E-30
58,194,2.94179E-30
58,195,4.02539E-30
58,196,2.78909E-30
58,197,1.89741E-30
58,198,1.55693E-30
58,199,2.06067E-30
59,0,1.2896E-30
59,1,1.63815E-30
59,2,2.35901E-30
59,3,2.31758E-30
59,4,3.31394E-30
59,5,3.40678E-30
59,6,3.23643E-30
59,7,3.41302E-30
59,8,2.31369E-30
59,9,8.59717E-06
59,10,1.97444E-05
59,11,3.08076E-05
59,12,1.65166E-05
59,13,1.97853E-05
59,14,3.77664E-05
59,15,4.99682E-05
59,16,6.55244E-05
59,17,6.82675E-05
59,18,5.71189E-05
59,19,6.23227E-05
59,20,6.13507E-05
59,21,6.43672E-05
59,22,6.87012E-05
59,23,0.000189312
59,24,0.000127646
59,25,0.000121417
59,26,0.000101293
59,27,6.41974E-05
59,28,8.49344E-05
59,29,8.71623E-05
59,30,0.000104208
59,31,0.000259331
59,32,0.000101796
59,33,0.001136348
59,34,0.000128495
59,35,0.000152394
59,36,0.000181168
59,37,0.000237614
59,38,0.000217404
59,39,0.000170665
59,40,0.000162076
59,41,0.000133402
59,42,0.000124321
59,43,0.000408911
59,44,0.000216127
59,45,0.000147671
59,46,0.000187848
59,47,0.000731319
59,48,0.000630479
59,49,0.00063607
59,50,0.000161923
59,51,0.00059128
59,52,0.000327733
59,53,0.001056698
59,54,0.002386802
59,55,0.00083868
59,56,0.000412868
59,57,0.000563634
59,58,0.001445576
59,59,0.000758134
59,60,0.000991292
59,61,0.001537756
59,62,0.00175572
59,63,0.00060539
59,64,0.00057316
59,65,0.001369095
59,66,0.000947543
59,67,0.00145166
59,68,0.001769519
59,69,0.00116036
59,70,0.001089841
59,71,0.002165206
59,72,0.001314575
59,73,0.002998124
59,74,0.003156134
59,75,0.00356967
59,76,0.003450585
59,77,0.001948784
59,78,0.003212556
59,79,0.001366872
59,80,0.002261507
59,81,0.003259051
59,82,0.005028658
59,83,0.004767197
59,84,0.004590403
59,85,0.005109799
59,86,0.005100367
59,87,0.007336101
59,88,0.009938798
59,89,0.013051352
59,90,0.015631704
59,91,0.017167782
59,92,0.019065572
59,93,0.02519325
59,94,0.034402682
59,95,0.046702329
59,96,0.056911399
59,97,0.077791944
59,98,0.086159812
59,99,0.093483736
59,100,0.08859261
59,101,0.089068948
59,102,0.068119908
59,103,0.056159787
59,104,0.047979823
59,105,0.034412424
59,106,0.024462865
59,107,0.018658219
59,108,0.017092342
59,109,0.015297894
59,110,0.007994062
59,111,0.007225549
59,112,0.007967247
59,113,0.005923845
59,114,0.006304307
59,115,0.006187333
59,116,0.005052956
59,117,0.005254442
59,118,0.004430966
59,119,0.005298365
59,120,0.001469225
59,121,0.001907529
59,122,0.003571761
59,123,0.002194636
59,124,0.000729634
59,125,0.001060284
59,126,0.000691288
59,127,0.002654712
59,128,0.001047371
59,129,0.001259295
59,130,0.00205887
59,131,0.001842459
59,132,0.002319733
59,133,0.001172753
59,134,0.00231535
59,135,0.000809062
59,136,0.000356427
59,137,0.001824922
59,138,0.001925683
59,139,0.000573695
59,140,0.001150006
59,141,0.000328533
59,142,0.000288256
59,143,0.000502953
59,144,0.000287044
59,145,0.000924846
59,146,0.00026171
59,147,0.000360221
59,148,0.001757616
59,149,0.000154972
59,150,0.000186331
59,151,0.000507182
59,152,0.000570076
59,153,0.000213427
59,154,0.000162615
59,155,0.000171618
59,156,0.000200173
59,157,0.000223079
59,158,0.000175701
59,159,0.000474112
59,160,0.000129538
59,161,0.000218087
59,162,0.000466359
59,163,0.000167086
59,164,0.000183256
59,165,0.000165526
59,166,9.6837E-05
59,167,0.000101718
59,168,0.000102214
59,169,0.000143295
59,170,9.13938E-05
59,171,7.49748E-05
59,172,9.11958E-05
59,173,8.88374E-05
59,174,5.83707E-05
59,175,5.53121E-05
59,176,4.47662E-05
59,177,3.56927E-05
59,178,5.39386E-05
59,179,0.000316142
59,180,5.34419E-05
59,181,4.0282E-05
59,182,2.38706E-05
59,183,4.87039E-05
59,184,4.52834E-05
59,185,0.000112918
59,186,0.000326389
59,187,4.31492E-05
59,188,5.37217E-05
59,189,5.26716E-05
59,190,3.10845E-05
59,191,5.36031E-06
59,192,2.8754E-30
59,193,2.19536E-30
59,194,2.36966E-30
59,195,2.74053E-30
59,196,1.97723E-30
59,197,2.60995E-30
59,198,3.94936E-30
59,199,3.21466E-30
60,0,2.7191E-30
60,1,3.23443E-30
60,2,4.01511E-30
60,3,3.4723E-30
60,4,1.52428E-30
60,5,2.04478E-30
60,6,2.15825E-30
60,7,2.84019E-30
60,8,8.22583E-06
60,9,2.18781E-05
60,10,1.53718E-05
60,11,2.04737E-05
60,12,3.30786E-05
60,13,6.00437E-05
60,14,4.35832E-05
60,15,5.34407E-05
60,16,3.62697E-05
60,17,5.88521E-05
60,18,9.76813E-05
60,19,9.76075E-05
60,20,7.79767E-05
60,21,7.8293E-05
60,22,6.43525E-05
60,23,5.98794E-05
60,24,6.84166E-05
60,25,0.00034473
60,26,7.73526E-05
60,27,0.000101957
60,28,0.000573846
60,29,9.7049E-05
60,30,0.000546337
60,31,0.000134974
60,32,0.000134309
60,33,0.000162651
60,34,8.40651E-05
60,35,8.18322E-05
60,36,0.000353578
60,37,0.00121185
60,38,0.000158721
60,39,0.000119584
60,40,0.000143971
60,41,0.000189703
60,42,0.000166493
60,43,0.00014924
60,44,0.000188743
60,45,0.000194239
60,46,0.000192613
60,47,0.000426661
60,48,0.001018371
60,49,0.000345285
60,50,0.000450556
60,51,0.000387581
60,52,0.000226893
60,53,0.00092459
60,54,0.001094064
60,55,0.000595735
60,56,0.000587172
60,57,0.002340294
60,58,0.000530241
60,59,0.000378226
60,60,0.000865747
60,61,0.000761508
60,62,0.000699895
60,63,0.000976528
60,64,0.000908337
60,65,0.000741155
60,66,0.001032312
60,67,0.003197149
60,68,0.001487918
60,69,0.001187276
60,70,0.001918512
60,71,0.001693871
60,72,0.001414535
60,73,0.001440694
60,74,0.001381923
60,75,0.003024829
60,76,0.002053116
60,77,0.003391827
60,78,0.003108475
60,79,0.00384484
60,80,0.002165612
60,81,0.003566986
60,82,0.004999483
60,83,0.002959364
60,84,0.003526809
60,85,0.005993726
60,86,0.005528979
60,87,0.005683465
60,88,0.009117099
60,89,0.01002218
60,90,0.014243277
60,91,0.015602307
60,92,0.025279436
60,93,0.026392231
60,94,0.038252828
60,95,0.049225993
60,96,0.054920384
60,97,0.075790023
60,98,0.087287211
60,99,0.100712795
60,100,0.088864217
60,101,0.077059829
60,102,0.064538437
60,103,0.053983257
60,104,0.046183333
60,105,0.035839406
60,106,0.030605855
60,107,0.022751186
60,108,0.019099061
60,109,0.017046419
60,110,0.009333815
60,111,0.007565547
60,112,0.005998276
60,113,0.006695128
60,114,0.004351509
60,115,0.005617653
60,116,0.004601295
60,117,0.003446689
60,118,0.002528834
60,119,0.003995933
60,120,0.00245279
60,121,0.004655476
60,122,0.001875401
60,123,0.002378374
60,124,0.001995455
60,125,0.000869631
60,126,0.001329663
60,127,0.001592029
60,128,0.001697346
60,129,0.002743716
60,130,0.001367189
60,131,0.00155853
60,132,0.000734332
60,133,0.000662972
60,134,0.00144866
60,135,0.00182374
60,136,0.000577575
60,137,0.001042529
60,138,0.001779708
60,139,0.000590002
60,140,0.000442054
60,141,0.000726275
60,142,0.000384103
60,143,0.001225579
60,144,0.000226436
60,145,0.000327819
60,146,0.0011107
60,147,0.000392009
60,148,0.000314925
60,149,0.000352725
60,150,0.001236333
60,151,0.000236797
60,152,0.000933593
60,153,0.000589512
60,154,0.000115137
60,155,0.0002923
60,156,0.001243282
60,157,0.00019214
60,158,0.0002684
60,159,0.000262809
60,160,0.000201386
60,161,0.000153221
60,162,0.000310837
60,163,0.000210384
60,164,0.000663037
60,165,0.00030373
60,166,0.000187192
60,167,0.000146871
60,168,0.000114165
60,169,7.9043E-05
60,170,0.000109355
60,171,0.000100598
60,172,7.15142E-05
60,173,6.47452E-05
60,174,0.000127365
60,175,8.26329E-05
60,176,6.83872E-05
60,177,9.97745E-05
60,178,8.70951E-05
60,179,6.98587E-05
60,180,0.000116373
60,181,7.64301E-05
60,182,7.07287E-05
60,183,6.02691E-05
60,184,0.000390041
60,185,0.000295639
60,186,4.3056E-05
60,187,4.18101E-05
60,188,3.14542E-05
60,189,2.77278E-05
60,190,2.64236E-05
60,191,1.49509E-05
60,192,4.26354E-07
60,193,3.02595E-30
60,194,2.77789E-30
60,195,3.02737E-30
60,196,2.20956E-30
60,197,3.08131E-30
60,198,1.99818E-30
60,199,2.00781E-30
61,0,1.7651E-30
61,1,1.0039E-30
61,2,1.09501E-30
61,3,1.76091E-30
61,4,3.35738E-30
61,5,1.69265E-30
61,6,3.0996E-30
61,7,7.84966E-06
61,8,2.73941E-05
61,9,2.49761E-05
61,10,2.83878E-05
61,11,3.33385E-05
61,12,2.77931E-05
61,13,7.55902E-06
61,14,1.85792E-05
61,15,3.0958E-05
61,16,6.03971E-05
61,17,4.78384E-05
61,18,3.39572E-05
61,19,3.79492E-05
61,20,7.17658E-05
61,21,8.81998E-05
61,22,8.46705E-05
61,23,0.000128783
61,24,8.14988E-05
61,25,7.6158E-05
61,26,0.000112762
61,27,0.000144078
61,28,0.000102312
61,29,0.000151867
61,30,0.000179685
61,31,8.03226E-05
61,32,4.9486E-05
61,33,0.000171909
61,34,7.61893E-05
61,35,9.01155E-05
61,36,0.000183404
61,37,0.000170474
61,38,0.000564512
61,39,0.000130542
61,40,0.000877703
61,41,0.000294549
61,42,0.000191488
61,43,0.000193731
61,44,0.000633103
61,45,0.000238107
61,46,0.000121811
61,47,0.000291499
61,48,0.0002441
61,49,0.001184097
61,50,0.000879831
61,51,0.001169378
61,52,0.000905855
61,53,0.000547681
61,54,0.000357286
61,55,0.001481388
61,56,0.000622115
61,57,0.000518801
61,58,0.001133109
61,59,0.000665382
61,60,0.000909706
61,61,0.002068026
61,62,0.001426451
61,63,0.001026265
61,64,0.000987724
61,65,0.001020763
61,66,0.000492669
61,67,0.001163287
61,68,0.001683722
61,69,0.001704085
61,70,0.000797571
61,71,0.001372735
61,72,0.002218262
61,73,0.001794012
61,74,0.000996394
61,75,0.001587396
61,76,0.003960785
61,77,0.004872015
61,78,0.003423704
61,79,0.004603362
61,80,0.003889987
61,81,0.003402835
61,82,0.003740573
61,83,0.004969855
61,84,0.002888781
61,85,0.004938072
61,86,0.009257854
61,87,0.005497117
61,88,0.011867071
61,89,0.012136707
61,90,0.013470989
61,91,0.020012572
61,92,0.021997003
61,93,0.027254647
61,94,0.038572994
61,95,0.051103673
61,96,0.061210777
61,97,0.069864532
61,98,0.087965388
61,99,0.091536816
61,100,0.083776455
61,101,0.082686049
61,102,0.069552228
61,103,0.05430695
61,104,0.046480284
61,105,0.03774413
61,106,0.029671798
61,107,0.020577383
61,108,0.015863118
61,109,0.012368086
61,110,0.011068622
61,111,0.007827069
61,112,0.011794794
61,113,0.00520798
61,114,0.003882436
61,115,0.005288703
61,116,0.00525661
61,117,0.002787205
61,118,0.003329155
61,119,0.003186964
61,120,0.004035665
61,121,0.002929413
61,122,0.003311974
61,123,0.003185618
61,124,0.001544429
61,125,0.001027221
61,126,0.001167939
61,127,0.002239349
61,128,0.00150336
61,129,0.001692402
61,130,0.001573921
61,131,0.00077371
61,132,0.000546733
61,133,0.00085624
61,134,0.000546718
61,135,0.001638467
61,136,0.000561733
61,137,0.001133294
61,138,0.0013567
61,139,0.001218775
61,140,0.00078896
61,141,0.00031222
61,142,0.001126766
61,143,0.000625897
61,144,0.000471504
61,145,0.000473978
61,146,0.001195622
61,147,0.000528709
61,148,0.000662289
61,149,0.00040698
61,150,0.000303493
61,151,0.000999493
61,152,0.000341814
61,153,0.001086501
61,154,0.000197044
61,155,0.000689392
61,156,0.000252674
61,157,0.000619642
61,158,0.000232323
61,159,0.000224312
61,160,0.000213084
61,161,0.000178467
61,162,0.000518142
61,163,0.000518182
61,164,0.000317776
61,165,0.000157269
61,166,0.000111091
61,167,0.000140631
61,168,0.00014374
61,169,0.000123059
61,170,8.2677E-05
61,171,9.07309E-05
61,172,6.86749E-05
61,173,0.000298953
61,174,0.000528438
61,175,6.89838E-05
61,176,6.34365E-05
61,177,5.39757E-05
61,178,3.80336E-05
61,179,5.75795E-05
61,180,6.3197E-05
61,181,5.73715E-05
61,182,5.91139E-05
61,183,2.87065E-05
61,184,2.47431E-05
61,185,0.000246919
61,186,4.28921E-05
61,187,3.40052E-05
61,188,1.96428E-05
61,189,1.98189E-05
61,190,2.83445E-05
61,191,9.80497E-06
61,192,2.5001E-30
61,193,2.85247E-30
61,194,4.15596E-30
61,195,3.25576E-30
61,196,3.18278E-30
61,197,2.23861E-30
61,198,2.20114E-30
61,199,1.74569E-30
62,0,2.79249E-30
62,1,2.49575E-30
62,2,2.28821E-30
62,3,2.6892E-30
62,4,2.4066E-30
62,5,3.78041E-30
62,6,4.15905E-30
62,7,1.14662E-05
62,8,2.04543E-05
62,9,1.94184E-05
62,10,1.12498E-05
62,11,8.33719E-06
62,12,1.53784E-05
62,13,2.44874E-05
62,14,3.55837E-05
62,15,4.2894E-05
62,16,2.96361E-05
62,17,2.61209E-05
62,18,5.22871E-05
62,19,5.21179E-05
62,20,1.9815E-05
62,21,6.19003E-05
62,22,8.0533E-05
62,23,8.9914E-05
62,24,7.12625E-05
62,25,0.000112211
62,26,6.66465E-05
62,27,6.88522E-05
62,28,9.66694E-05
62,29,8.03592E-05
62,30,7.43249E-05
62,31,0.000100061
62,32,0.000105212
62,33,0.000135261
62,34,0.000112365
62,35,0.000174099
62,36,0.000146243
62,37,0.000189215
62,38,0.000116898
62,39,0.000344579
62,40,0.000121233
62,41,0.000681148
62,42,0.001021296
62,43,0.000227967
62,44,0.000299935
62,45,0.000161623
62,46,0.000170757
62,47,0.000262017
62,48,0.000519143
62,49,0.000436273
62,50,0.002589099
62,51,0.000243871
62,52,0.00027929
62,53,0.002242895
62,54,0.000565659
62,55,0.000989458
62,56,0.00161053
62,57,0.00055742
62,58,0.000487882
62,59,0.000290566
62,60,0.000466105
62,61,0.000497212
62,62,0.000390328
62,63,0.000485899
62,64,0.000454816
62,65,0.000614591
62,66,0.002314123
62,67,0.002516693
62,68,0.00104984
62,69,0.002205424
62,70,0.000844023
62,71,0.000716784
62,72,0.001547415
62,73,0.000990893
62,74,0.001471488
62,75,0.001941893
62,76,0.00339041
62,77,0.004886104
62,78,0.004871214
62,79,0.003525365
62,80,0.004170167
62,81,0.004779549
62,82,0.004841864
62,83,0.005229798
62,84,0.004232684
62,85,0.005266035
62,86,0.005711017
62,87,0.006870766
62,88,0.006932072
62,89,0.010362676
62,90,0.016271299
62,91,0.019800743
62,92,0.020823045
62,93,0.030738995
62,94,0.041958464
62,95,0.050627771
62,96,0.066230404
62,97,0.071995793
62,98,0.080798811
62,99,0.081619275
62,100,0.082220719
62,101,0.082851027
62,102,0.066333456
62,103,0.056970589
62,104,0.050039118
62,105,0.032962389
62,106,0.029632372
62,107,0.025995444
62,108,0.01816986
62,109,0.015250618
62,110,0.01113577
62,111,0.007736187
62,112,0.009117555
62,113,0.006943082
62,114,0.004436175
62,115,0.005177293
62,116,0.00543295
62,117,0.005045136
62,118,0.0038321
62,119,0.005129255
62,120,0.00334257
62,121,0.001932786
62,122,0.002715124
62,123,0.001185765
62,124,0.001599124
62,125,0.001069839
62,126,0.001837861
62,127,0.000982421
62,128,0.000646351
62,129,0.000685718
62,130,0.000882872
62,131,0.000939311
62,132,0.000781725
62,133,0.000586536
62,134,0.002131095
62,135,0.000983387
62,136,0.000587139
62,137,0.001022948
62,138,0.001103364
62,139,0.00051832
62,140,0.000402308
62,141,0.000781362
62,142,0.000245509
62,143,0.000895423
62,144,0.000313478
62,145,0.001013672
62,146,0.000899012
62,147,0.00088055
62,148,0.000602108
62,149,0.000239666
62,150,0.000560859
62,151,0.001077167
62,152,0.000783088
62,153,0.000627674
62,154,0.000202446
62,155,0.000464788
62,156,0.000792766
62,157,0.000400965
62,158,0.000272119
62,159,0.000114503
62,160,0.000119433
62,161,0.000246947
62,162,0.000109008
62,163,0.000140086
62,164,0.000141648
62,165,8.75618E-05
62,166,0.000417019
62,167,0.000193221
62,168,0.000164546
62,169,0.000147503
62,170,7.70608E-05
62,171,7.01574E-05
62,172,9.03696E-05
62,173,0.000312402
62,174,0.001878235
62,175,6.20791E-05
62,176,6.22219E-05
62,177,2.84646E-05
62,178,8.86249E-05
62,179,0.000117943
62,180,9.17526E-05
62,181,6.61248E-05
62,182,5.46356E-05
62,183,6.596E-05
62,184,5.49776E-05
62,185,2.47237E-05
62,186,5.38937E-05
62,187,5.33977E-05
62,188,3.68902E-05
62,189,2.62574E-05
62,190,4.6123E-06
62,191,1.58338E-30
62,192,8.15479E-06
62,193,2.83491E-30
62,194,3.41716E-30
62,195,1.48023E-30
62,196,1.88384E-30
62,197,2.23461E-30
62,198,1.47004E-30
62,199,2.00788E-30
63,0,2.32382E-30
63,1,2.58759E-30
63,2,2.72672E-30
63,3,2.20884E-30
63,4,2.61569E-30
63,5,3.79158E-30
63,6,1.58228E-06
63,7,1.168E-05
63,8,2.25094E-05
63,9,2.47243E-05
63,10,3.14323E-05
63,11,2.13307E-05
63,12,2.72286E-05
63,13,3.64825E-05
63,14,4.34676E-05
63,15,4.01202E-05
63,16,6.63548E-05
63,17,5.47727E-05
63,18,2.74466E-05
63,19,3.75813E-05
63,20,7.08972E-05
63,21,9.21943E-05
63,22,6.55168E-05
63,23,6.54765E-05
63,24,0.000102317
63,25,8.01593E-05
63,26,9.31459E-05
63,27,0.000117164
63,28,9.96499E-05
63,29,0.000116142
63,30,0.00012177
63,31,0.000109446
63,32,0.000155725
63,33,0.000154212
63,34,0.0002183
63,35,7.79407E-05
63,36,7.55323E-05
63,37,9.07027E-05
63,38,0.000139768
63,39,0.000189153
63,40,0.00015366
63,41,0.000176572
63,42,0.000174462
63,43,0.000173579
63,44,0.000160305
63,45,0.00134823
63,46,0.000529528
63,47,0.000234789
63,48,0.000556203
63,49,0.000274788
63,50,0.000207768
63,51,0.000274152
63,52,0.000441921
63,53,0.001128065
63,54,0.000286549
63,55,0.001083819
63,56,0.000990566
63,57,0.002987418
63,58,0.001410627
63,59,0.001419381
63,60,0.000861728
63,61,0.000634131
63,62,0.000575696
63,63,0.000518181
63,64,0.000619906
63,65,0.000639052
63,66,0.001660211
63,67,0.002142684
63,68,0.001246116
63,69,0.00230332
63,70,0.00201904
63,71,0.001208003
63,72,0.001059086
63,73,0.001731529
63,74,0.00183833
63,75,0.001237388
63,76,0.003163352
63,77,0.002116319
63,78,0.00195876
63,79,0.002139276
63,80,0.005060423
63,81,0.003538829
63,82,0.004903033
63,83,0.003682642
63,84,0.003599447
63,85,0.005966831
63,86,0.007643011
63,87,0.006409344
63,88,0.008682181
63,89,0.014389145
63,90,0.016531859
63,91,0.016001158
63,92,0.027665214
63,93,0.032747183
63,94,0.040705785
63,95,0.048947291
63,96,0.054152277
63,97,0.066838875
63,98,0.079973969
63,99,0.088684282
63,100,0.088581222
63,101,0.080660206
63,102,0.06700558
63,103,0.057796522
63,104,0.046880277
63,105,0.038385552
63,106,0.035563053
63,107,0.028164065
63,108,0.01908493
63,109,0.014596256
63,110,0.014149254
63,111,0.009098422
63,112,0.008656153
63,113,0.005177184
63,114,0.00456244
63,115,0.004524869
63,116,0.004257344
63,117,0.003008984
63,118,0.002358672
63,119,0.004915772
63,120,0.003876278
63,121,0.004847944
63,122,0.002741545
63,123,0.001586775
63,124,0.001130967
63,125,0.001954611
63,126,0.00288952
63,127,0.001167423
63,128,0.001494997
63,129,0.000807368
63,130,0.000945155
63,131,0.002381733
63,132,0.000797929
63,133,0.000942264
63,134,0.001850374
63,135,0.001284228
63,136,0.00110695
63,137,0.001222174
63,138,0.002151219
63,139,0.001235218
63,140,0.001620224
63,141,0.002035805
63,142,0.00056518
63,143,0.001687817
63,144,0.00045993
63,145,0.000889208
63,146,0.001148569
63,147,0.000449282
63,148,0.000469731
63,149,0.000679858
63,150,0.001294616
63,151,0.001606158
63,152,0.000910191
63,153,0.000759583
63,154,0.000741237
63,155,0.000167064
63,156,9.80319E-05
63,157,0.000179995
63,158,0.00035224
63,159,0.000312346
63,160,0.000134265
63,161,0.000209338
63,162,0.000166404
63,163,0.000149445
63,164,0.000134611
63,165,0.000114717
63,166,0.000129954
63,167,0.000104369
63,168,0.00010788
63,169,0.000106322
63,170,0.00012992
63,171,0.000112205
63,172,0.000132185
63,173,0.000191585
63,174,0.000273791
63,175,0.000927648
63,176,0.000888169
63,177,7.92312E-05
63,178,0.00010542
63,179,8.20081E-05
63,180,4.88252E-05
63,181,7.04869E-05
63,182,5.59162E-05
63,183,5.57822E-05
63,184,9.47926E-05
63,185,7.64148E-05
63,186,5.94721E-05
63,187,5.84089E-05
63,188,4.46674E-05
63,189,3.98148E-05
63,190,1.34558E-05
63,191,2.41736E-05
63,192,1.74399E-05
63,193,3.33004E-30
63,194,3.67481E-30
63,195,2.99973E-30
63,196,1.89709E-30
63,197,1.32027E-30
63,198,1.77425E-30
63,199,1.21406E-30
64,0,3.23461E-30
64,1,1.69482E-30
64,2,1.18087E-30
64,3,3.03974E-30
64,4,2.90078E-30
64,5,1.49762E-30
64,6,3.6912E-06
64,7,5.73344E-05
64,8,2.35913E-05
64,9,3.71659E-05
64,10,4.71912E-05
64,11,6.16107E-05
64,12,4.77707E-05
64,13,4.25398E-05
64,14,4.18804E-05
64,15,4.75454E-05
64,16,3.71851E-05
64,17,4.30881E-05
64,18,5.20283E-05
64,19,6.76329E-05
64,20,7.32319E-05
64,21,6.86558E-05
64,22,0.000125196
64,23,8.74129E-05
64,24,0.000122409
64,25,0.000140997
64,26,0.000126369
64,27,9.08944E-05
64,28,8.7634E-05
64,29,8.93446E-05
64,30,0.000127686
64,31,0.000115507
64,32,0.000151338
64,33,0.000305285
64,34,8.791E-05
64,35,0.000271191
64,36,8.55734E-05
64,37,0.0001355
64,38,0.000198429
64,39,0.000996876
64,40,0.000258562
64,41,0.000154917
64,42,0.000186127
64,43,0.000158441
64,44,0.000171553
64,45,0.000203239
64,46,0.000215299
64,47,0.000238886
64,48,0.000191131
64,49,0.000412742
64,50,0.000288124
64,51,0.000655872
64,52,0.000276991
64,53,0.000892409
64,54,0.000563123
64,55,0.001446234
64,56,0.000466376
64,57,0.001369278
64,58,0.002267451
64,59,0.001280394
64,60,0.001653751
64,61,0.001009255
64,62,0.001266604
64,63,0.001003404
64,64,0.00072619
64,65,0.000520673
64,66,0.000672785
64,67,0.000663822
64,68,0.000839727
64,69,0.002119882
64,70,0.002357168
64,71,0.000727755
64,72,0.000855506
64,73,0.000749898
64,74,0.002198728
64,75,0.001796926
64,76,0.004844245
64,77,0.001396625
64,78,0.001887423
64,79,0.003614567
64,80,0.003564227
64,81,0.002969921
64,82,0.004930398
64,83,0.004216523
64,84,0.007031898
64,85,0.008455912
64,86,0.00548199
64,87,0.008613173
64,88,0.014340333
64,89,0.011243206
64,90,0.013653076
64,91,0.017026362
64,92,0.024621998
64,93,0.033952212
64,94,0.037799111
64,95,0.047900022
64,96,0.049356643
64,97,0.063447899
64,98,0.074843637
64,99,0.084466927
64,100,0.084153418
64,101,0.078346938
64,102,0.067005159
64,103,0.055779904
64,104,0.046848044
64,105,0.035912218
64,106,0.031275845
64,107,0.021498775
64,108,0.017585034
64,109,0.017642677
64,110,0.012909893
64,111,0.010350224
64,112,0.011558279
64,113,0.006663821
64,114,0.00739625
64,115,0.003414604
64,116,0.004121941
64,117,0.003515286
64,118,0.002603754
64,119,0.00306776
64,120,0.004241984
64,121,0.005134526
64,122,0.001761393
64,123,0.004377716
64,124,0.003438624
64,125,0.004519914
64,126,0.00142996
64,127,0.002602361
64,128,0.001135345
64,129,0.001287959
64,130,0.000838059
64,131,0.000719796
64,132,0.000865489
64,133,0.001065339
64,134,0.003086975
64,135,0.000802212
64,136,0.001910734
64,137,0.000653482
64,138,0.00145173
64,139,0.0011195
64,140,0.002728381
64,141,0.001209939
64,142,0.001253791
64,143,0.002703263
64,144,0.001390113
64,145,0.000967165
64,146,0.000660084
64,147,0.000733809
64,148,0.000302068
64,149,0.000322971
64,150,0.000906423
64,151,0.000554491
64,152,0.000804889
64,153,0.000175976
64,154,0.000718858
64,155,0.00051688
64,156,0.000217859
64,157,0.000542924
64,158,0.000211425
64,159,0.000249167
64,160,0.000149209
64,161,0.000137607
64,162,0.000222868
64,163,0.000183931
64,164,0.000127239
64,165,0.000143562
64,166,0.000134128
64,167,0.000143422
64,168,0.000161711
64,169,0.000145135
64,170,0.000214067
64,171,8.88287E-05
64,172,0.000160749
64,173,0.000132058
64,174,0.000106827
64,175,0.000597214
64,176,0.000708182
64,177,0.000671143
64,178,0.000127126
64,179,8.77167E-05
64,180,7.5941E-05
64,181,6.25607E-05
64,182,7.33612E-05
64,183,8.39668E-05
64,184,9.17928E-05
64,185,0.000132315
64,186,0.00011965
64,187,0.000189768
64,188,0.000457119
64,189,3.1343E-05
64,190,3.29454E-05
64,191,2.87625E-05
64,192,8.24403E-06
64,193,6.47677E-06
64,194,2.45393E-30
64,195,2.1703E-30
64,196,3.72078E-30
64,197,4.26339E-30
64,198,4.026E-30
64,199,3.98614E-30
65,0,1.94578E-30
65,1,4.53826E-30
65,2,4.66595E-30
65,3,3.99866E-30
65,4,3.79024E-30
65,5,3.75374E-30
65,6,1.06723E-05
65,7,1.795E-05
65,8,2.72587E-05
65,9,2.02827E-05
65,10,1.49499E-05
65,11,3.66464E-05
65,12,5.70964E-05
65,13,4.93272E-05
65,14,3.83755E-05
65,15,2.24464E-05
65,16,3.95662E-05
65,17,8.98483E-05
65,18,9.44505E-05
65,19,7.22444E-05
65,20,8.52715E-05
65,21,5.25917E-05
65,22,5.41471E-05
65,23,5.41942E-05
65,24,5.92991E-05
65,25,6.04747E-05
65,26,9.77991E-05
65,27,8.66756E-05
65,28,7.5282E-05
65,29,0.0001014
65,30,0.000136105
65,31,0.000104438
65,32,8.87567E-05
65,33,0.000119201
65,34,0.000607154
65,35,0.000185603
65,36,0.000312514
65,37,0.000510121
65,38,0.000168524
65,39,0.000503061
65,40,0.001842242
65,41,0.000200534
65,42,0.000161254
65,43,0.000137551
65,44,0.000250141
65,45,0.000345864
65,46,0.0004403
65,47,0.000220329
65,48,0.000165859
65,49,0.000368092
65,50,0.000434801
65,51,0.000395355
65,52,0.000774881
65,53,0.001409657
65,54,0.001328259
65,55,0.000419481
65,56,0.000991574
65,57,0.000877656
65,58,0.001334038
65,59,0.000985154
65,60,0.000632643
65,61,0.000560933
65,62,0.000426732
65,63,0.000769973
65,64,0.002092615
65,65,0.000465651
65,66,0.000575418
65,67,0.000592841
65,68,0.000967317
65,69,0.000988692
65,70,0.001589512
65,71,0.002293069
65,72,0.001458746
65,73,0.00075148
65,74,0.00130192
65,75,0.001318258
65,76,0.001812876
65,77,0.001348743
65,78,0.006089828
65,79,0.002514453
65,80,0.004033969
65,81,0.003200183
65,82,0.005809309
65,83,0.004888587
65,84,0.003946068
65,85,0.005034866
65,86,0.005700647
65,87,0.008025351
65,88,0.00986593
65,89,0.015908564
65,90,0.015443203
65,91,0.018318997
65,92,0.029724733
65,93,0.029365985
65,94,0.038632927
65,95,0.04271619
65,96,0.060716273
65,97,0.074088354
65,98,0.07904651
65,99,0.08305551
65,100,0.081256601
65,101,0.076253207
65,102,0.070107609
65,103,0.057246227
65,104,0.042974882
65,105,0.037235733
65,106,0.029762798
65,107,0.021174257
65,108,0.021642587
65,109,0.015593254
65,110,0.011589253
65,111,0.01372463
65,112,0.008568427
65,113,0.007645534
65,114,0.010413036
65,115,0.005698796
65,116,0.006112827
65,117,0.003663981
65,118,0.003672376
65,119,0.003729273
65,120,0.003269385
65,121,0.001587912
65,122,0.001997537
65,123,0.002099015
65,124,0.00314996
65,125,0.0034088
65,126,0.001981871
65,127,0.001144318
65,128,0.001781145
65,129,0.001652651
65,130,0.001508068
65,131,0.001643632
65,132,0.000798266
65,133,0.001123502
65,134,0.000721749
65,135,0.001223574
65,136,0.001672061
65,137,0.000433828
65,138,0.000469059
65,139,0.000554448
65,140,0.000840811
65,141,0.000552059
65,142,0.000463918
65,143,0.001227554
65,144,0.00041797
65,145,0.001038243
65,146,0.000501814
65,147,0.000272286
65,148,0.000689385
65,149,0.000493008
65,150,0.000273079
65,151,0.000468289
65,152,0.000425556
65,153,0.000369919
65,154,0.000202945
65,155,0.000594067
65,156,0.001316619
65,157,0.000415933
65,158,0.000156072
65,159,0.000421816
65,160,0.000225663
65,161,0.000139718
65,162,0.000156603
65,163,0.000150011
65,164,0.000164867
65,165,0.000231495
65,166,0.000141889
65,167,0.000321309
65,168,0.000382677
65,169,9.52323E-05
65,170,0.000170742
65,171,0.000139248
65,172,0.000184611
65,173,0.000150756
65,174,0.000140432
65,175,0.000115521
65,176,0.001610238
65,177,0.000165279
65,178,7.50877E-05
65,179,8.04266E-05
65,180,5.67609E-05
65,181,8.95033E-05
65,182,6.56343E-05
65,183,4.22591E-05
65,184,4.37351E-05
65,185,3.08755E-05
65,186,4.46788E-05
65,187,6.23548E-05
65,188,3.60897E-05
65,189,7.10154E-05
65,190,5.92741E-05
65,191,4.13684E-05
65,192,2.00045E-05
65,193,1.10606E-05
65,194,5.18389E-30
65,195,4.62669E-30
65,196,3.7406E-30
65,197,3.07537E-30
65,198,2.97736E-30
65,199,9.45083E-30
66,0,4.18561E-30
66,1,3.56936E-30
66,2,2.90255E-30
66,3,1.65956E-30
66,4,1.49868E-30
66,5,1.57814E-30
66,6,3.54404E-06
66,7,1.34382E-05
66,8,1.57976E-05
66,9,2.35822E-05
66,10,3.65033E-05
66,11,2.52462E-05
66,12,2.89777E-05
66,13,3.52477E-05
66,14,6.53273E-05
66,15,7.39913E-05
66,16,6.50186E-05
66,17,4.66759E-05
66,18,3.39366E-05
66,19,4.69917E-05
66,20,3.40091E-05
66,21,8.25547E-05
66,22,6.73416E-05
66,23,0.000104335
66,24,6.03967E-05
66,25,6.05402E-05
66,26,0.000146227
66,27,0.000249835
66,28,0.000453599
66,29,0.000289548
66,30,9.55871E-05
66,31,0.000146688
66,32,6.35115E-05
66,33,8.4444E-05
66,34,0.000119868
66,35,0.000388421
66,36,0.000828205
66,37,0.000203455
66,38,0.000198747
66,39,0.000224981
66,40,0.000561372
66,41,0.000181641
66,42,0.000140658
66,43,0.000200051
66,44,0.000276808
66,45,0.000834174
66,46,0.000234792
66,47,0.001559975
66,48,0.000675369
66,49,0.00093742
66,50,0.000674275
66,51,0.001029671
66,52,0.000417874
66,53,0.000340394
66,54,0.001274826
66,55,0.002356752
66,56,0.000399345
66,57,0.000748379
66,58,0.001495758
66,59,0.001312954
66,60,0.000607513
66,61,0.000937689
66,62,0.00093022
66,63,0.00064301
66,64,0.001640833
66,65,0.000953799
66,66,0.001077756
66,67,0.001418485
66,68,0.001907553
66,69,0.001537348
66,70,0.00305747
66,71,0.001262891
66,72,0.000805305
66,73,0.001001428
66,74,0.001514839
66,75,0.002072224
66,76,0.001307514
66,77,0.002732351
66,78,0.005093476
66,79,0.003686694
66,80,0.005223456
66,81,0.005020595
66,82,0.004111752
66,83,0.004148668
66,84,0.004734332
66,85,0.007062515
66,86,0.006873518
66,87,0.009074162
66,88,0.009466136
66,89,0.013645824
66,90,0.017085617
66,91,0.017841486
66,92,0.026999495
66,93,0.036136607
66,94,0.033481519
66,95,0.04003022
66,96,0.050289323
66,97,0.0702088
66,98,0.071769926
66,99,0.075994715
66,100,0.076545982
66,101,0.076109018
66,102,0.061771066
66,103,0.054948067
66,104,0.047700426
66,105,0.036389835
66,106,0.02994358
66,107,0.025157443
66,108,0.016773246
66,109,0.018360701
66,110,0.011166253
66,111,0.011461585
66,112,0.01061563
66,113,0.008472291
66,114,0.006163087
66,115,0.006080093
66,116,0.003002427
66,117,0.00492627
66,118,0.003626173
66,119,0.003038203
66,120,0.001735462
66,121,0.00294584
66,122,0.002668993
66,123,0.001496191
66,124,0.003480288
66,125,0.001396248
66,126,0.000918571
66,127,0.00254266
66,128,0.001601605
66,129,0.003483655
66,130,0.002651942
66,131,0.001513968
66,132,0.000794058
66,133,0.001489931
66,134,0.000974203
66,135,0.000517162
66,136,0.00040737
66,137,0.000507956
66,138,0.000480034
66,139,0.001187619
66,140,0.000449347
66,141,0.000283448
66,142,0.000367988
66,143,0.000563451
66,144,0.000308389
66,145,0.000622832
66,146,0.000582879
66,147,0.000540566
66,148,0.000287817
66,149,0.000230771
66,150,0.000235723
66,151,0.000291902
66,152,0.000289606
66,153,0.000212829
66,154,0.000228696
66,155,0.000573673
66,156,0.000160026
66,157,0.000187902
66,158,0.000170034
66,159,0.000275176
66,160,0.000186329
66,161,0.000151023
66,162,0.000153948
66,163,0.000651931
66,164,0.000236961
66,165,0.000405446
66,166,0.000670054
66,167,0.000218075
66,168,0.001380068
66,169,0.000299148
66,170,0.000121916
66,171,0.000533231
66,172,0.000143921
66,173,0.00016054
66,174,0.000142036
66,175,0.001139984
66,176,0.000497639
66,177,0.000156163
66,178,0.000160772
66,179,0.000158587
66,180,0.0010007
66,181,4.561E-05
66,182,6.85209E-05
66,183,5.4336E-05
66,184,9.46633E-05
66,185,4.03962E-05
66,186,3.35604E-05
66,187,2.39791E-05
66,188,6.21937E-05
66,189,0.000286532
66,190,3.20969E-05
66,191,3.37049E-05
66,192,1.58265E-05
66,193,0.000121766
66,194,5.64572E-06
66,195,3.99438E-30
66,196,3.43604E-30
66,197,3.26236E-30
66,198,9.74427E-30
66,199,4.17513E-30
67,0,2.85806E-30
67,1,2.30916E-30
67,2,2.85654E-30
67,3,1.61901E-30
67,4,1.53242E-30
67,5,5.88854E-06
67,6,2.30322E-05
67,7,2.65237E-05
67,8,2.94803E-05
67,9,1.97468E-05
67,10,6.16011E-05
67,11,3.4188E-05
67,12,4.04429E-05
67,13,5.62554E-05
67,14,4.45344E-05
67,15,5.23243E-05
67,16,4.87113E-05
67,17,3.83554E-05
67,18,6.04738E-05
67,19,4.05599E-05
67,20,6.03923E-05
67,21,7.31725E-05
67,22,9.63789E-05
67,23,0.000355807
67,24,0.000184401
67,25,0.000466493
67,26,0.000182737
67,27,0.000188185
67,28,0.000384892
67,29,0.000121573
67,30,0.00112624
67,31,0.000145963
67,32,0.000103411
67,33,0.00013355
67,34,0.000105958
67,35,0.000188131
67,36,0.000446042
67,37,0.001032206
67,38,0.000194453
67,39,0.000332686
67,40,0.000192075
67,41,0.000271651
67,42,0.000367043
67,43,0.000528828
67,44,0.000615051
67,45,0.000714491
67,46,0.001239251
67,47,0.000236981
67,48,0.000271243
67,49,0.000816394
67,50,0.000478968
67,51,0.000672333
67,52,0.000209063
67,53,0.000924832
67,54,0.001730191
67,55,0.00152682
67,56,0.000999849
67,57,0.000634789
67,58,0.000618911
67,59,0.000474709
67,60,0.000944866
67,61,0.000621385
67,62,0.001447237
67,63,0.000790015
67,64,0.00225263
67,65,0.000984248
67,66,0.00061209
67,67,0.00055698
67,68,0.000909222
67,69,0.001257742
67,70,0.00136825
67,71,0.001569846
67,72,0.000993461
67,73,0.001389192
67,74,0.001333172
67,75,0.002133718
67,76,0.003200243
67,77,0.002663236
67,78,0.003430244
67,79,0.002979976
67,80,0.00324869
67,81,0.004992699
67,82,0.004196832
67,83,0.006882581
67,84,0.00784537
67,85,0.006828297
67,86,0.007357525
67,87,0.008369501
67,88,0.011593223
67,89,0.018766478
67,90,0.016039148
67,91,0.019817508
67,92,0.025115803
67,93,0.026987061
67,94,0.040880475
67,95,0.047226832
67,96,0.053413679
67,97,0.058299656
67,98,0.07512895
67,99,0.073623521
67,100,0.074371046
67,101,0.067946185
67,102,0.059770304
67,103,0.054774812
67,104,0.045339308
67,105,0.036891493
67,106,0.029973323
67,107,0.022408584
67,108,0.019743532
67,109,0.015659358
67,110,0.01360711
67,111,0.011844636
67,112,0.007952024
67,113,0.005862299
67,114,0.006617137
67,115,0.008226352
67,116,0.004478508
67,117,0.006641323
67,118,0.003217403
67,119,0.003413131
67,120,0.002388192
67,121,0.001877423
67,122,0.001701112
67,123,0.002763822
67,124,0.001666951
67,125,0.001154357
67,126,0.001018719
67,127,0.002611783
67,128,0.002899679
67,129,0.001959515
67,130,0.000920422
67,131,0.001161758
67,132,0.00071323
67,133,0.000852354
67,134,0.001527219
67,135,0.001877881
67,136,0.002439125
67,137,0.000795731
67,138,0.000680257
67,139,0.001665118
67,140,0.001201839
67,141,0.000397949
67,142,0.001141573
67,143,0.000793156
67,144,0.000528189
67,145,0.000758682
67,146,0.001844862
67,147,0.000406579
67,148,0.000239379
67,149,0.00025607
67,150,0.000330349
67,151,0.000448014
67,152,0.000275338
67,153,0.000318244
67,154,0.000586369
67,155,0.00065243
67,156,0.000180806
67,157,0.000182969
67,158,0.000183496
67,159,0.000576148
67,160,0.00025992
67,161,0.000292372
67,162,0.000176891
67,163,0.00084747
67,164,0.000512089
67,165,0.000499639
67,166,0.00013262
67,167,0.000164321
67,168,0.000220859
67,169,0.000133046
67,170,0.000111897
67,171,0.000417158
67,172,0.000351675
67,173,7.62876E-05
67,174,0.000154279
67,175,0.000267979
67,176,0.000245487
67,177,0.000180195
67,178,0.000237587
67,179,0.001109171
67,180,0.001794185
67,181,6.89237E-05
67,182,4.55354E-05
67,183,5.66809E-05
67,184,4.98809E-05
67,185,4.76376E-05
67,186,0.000100289
67,187,0.000301676
67,188,1.68467E-05
67,189,0.000121495
67,190,8.23837E-05
67,191,5.78369E-05
67,192,3.54353E-05
67,193,2.87216E-05
67,194,5.25036E-06
67,195,1.54066E-30
67,196,1.52876E-30
67,197,8.74427E-30
67,198,3.45729E-30
67,199,5.29601E-30
68,0,1.98094E-30
68,1,2.15662E-30
68,2,2.07879E-30
68,3,2.77128E-30
68,4,2.08387E-30
68,5,1.33101E-05
68,6,2.29729E-05
68,7,1.93853E-05
68,8,1.79251E-05
68,9,3.16946E-05
68,10,4.44032E-05
68,11,5.0311E-05
68,12,7.16205E-05
68,13,5.98365E-05
68,14,5.8114E-05
68,15,4.94561E-05
68,16,5.63458E-05
68,17,8.35819E-05
68,18,0.000141593
68,19,0.000127874
68,20,0.000320451
68,21,0.000421142
68,22,9.04746E-05
68,23,9.26029E-05
68,24,8.84446E-05
68,25,0.000134778
68,26,0.000338167
68,27,5.32989E-05
68,28,0.000244272
68,29,0.000321536
68,30,0.001170126
68,31,0.000126409
68,32,0.000155031
68,33,0.000145204
68,34,0.000170038
68,35,0.00041359
68,36,0.00025379
68,37,0.000715635
68,38,0.000136822
68,39,0.000160992
68,40,0.000180807
68,41,0.000213866
68,42,0.000210519
68,43,0.000227216
68,44,0.00124841
68,45,0.000309223
68,46,0.001374725
68,47,0.000818334
68,48,0.000280018
68,49,0.000814827
68,50,0.000220972
68,51,0.000273265
68,52,0.000532731
68,53,0.000317674
68,54,0.000669056
68,55,0.000485414
68,56,0.000394097
68,57,0.000658378
68,58,0.000899958
68,59,0.000518033
68,60,0.000552064
68,61,0.000406689
68,62,0.000529641
68,63,0.001247492
68,64,0.000953346
68,65,0.000444838
68,66,0.001774708
68,67,0.00143598
68,68,0.001285516
68,69,0.000764884
68,70,0.000771387
68,71,0.002412893
68,72,0.001115315
68,73,0.001408639
68,74,0.001990849
68,75,0.003730343
68,76,0.003006241
68,77,0.003974034
68,78,0.001908996
68,79,0.003832239
68,80,0.004090004
68,81,0.005291092
68,82,0.007260188
68,83,0.0034479
68,84,0.005350103
68,85,0.007617736
68,86,0.009449689
68,87,0.009246136
68,88,0.010998321
68,89,0.01396976
68,90,0.020187434
68,91,0.022075984
68,92,0.026147713
68,93,0.031131054
68,94,0.038639903
68,95,0.043511271
68,96,0.049313123
68,97,0.07129355
68,98,0.073942226
68,99,0.071606722
68,100,0.075057974
68,101,0.066863497
68,102,0.057280795
68,103,0.046905633
68,104,0.044376623
68,105,0.033670732
68,106,0.030393075
68,107,0.02410134
68,108,0.023879745
68,109,0.015268056
68,110,0.014117813
68,111,0.014009377
68,112,0.009389183
68,113,0.00614334
68,114,0.008327206
68,115,0.005683516
68,116,0.005368018
68,117,0.006530416
68,118,0.002966565
68,119,0.004464194
68,120,0.003979902
68,121,0.002287111
68,122,0.002563862
68,123,0.001574888
68,124,0.002546078
68,125,0.002004804
68,126,0.001882559
68,127,0.001446817
68,128,0.000847811
68,129,0.002005417
68,130,0.000878492
68,131,0.001275137
68,132,0.001503541
68,133,0.000582818
68,134,0.00112627
68,135,0.001938825
68,136,0.001742362
68,137,0.000542293
68,138,0.000916485
68,139,0.000604665
68,140,0.001247097
68,141,0.000867039
68,142,0.001140396
68,143,0.00127254
68,144,0.003483336
68,145,0.001263695
68,146,0.002394657
68,147,0.002240391
68,148,0.000689796
68,149,0.000341864
68,150,0.00042324
68,151,0.000602664
68,152,0.000305772
68,153,0.000258015
68,154,0.000659274
68,155,0.00035325
68,156,0.00035018
68,157,0.000536755
68,158,0.000186902
68,159,0.000503698
68,160,0.000136847
68,161,0.000222169
68,162,0.000248311
68,163,0.001396767
68,164,0.000587907
68,165,0.000783083
68,166,0.000137947
68,167,0.000109877
68,168,0.000132749
68,169,0.000558427
68,170,0.001093109
68,171,0.000292593
68,172,0.000544015
68,173,0.000247168
68,174,0.000437467
68,175,0.000402449
68,176,0.000581218
68,177,0.000112193
68,178,0.000661503
68,179,9.48766E-05
68,180,0.000183284
68,181,0.00029091
68,182,7.3491E-05
68,183,0.000120964
68,184,0.000813513
68,185,0.000133776
68,186,5.69082E-05
68,187,4.94932E-05
68,188,5.28748E-05
68,189,8.90549E-05
68,190,0.000912809
68,191,7.91387E-05
68,192,2.31433E-05
68,193,1.81329E-05
68,194,1.1632E-05
68,195,3.80852E-30
68,196,1.01644E-29
68,197,3.00736E-30
68,198,3.32148E-30
68,199,1.07047E-30
69,0,1.71189E-30
69,1,1.38899E-30
69,2,2.09848E-30
69,3,2.93873E-30
69,4,2.61372E-30
69,5,4.19914E-06
69,6,1.63127E-05
69,7,2.22684E-05
69,8,1.33059E-05
69,9,2.15902E-05
69,10,6.26175E-05
69,11,5.38864E-05
69,12,2.91482E-05
69,13,4.79636E-05
69,14,9.29997E-05
69,15,3.50044E-05
69,16,5.18116E-05
69,17,7.01524E-05
69,18,5.71821E-05
69,19,6.15264E-05
69,20,8.51131E-05
69,21,0.000130907
69,22,0.000307447
69,23,0.000484835
69,24,0.000108504
69,25,0.000148159
69,26,5.64287E-05
69,27,4.69272E-05
69,28,0.0003405
69,29,0.000837892
69,30,0.001432437
69,31,0.001164605
69,32,0.00020533
69,33,0.000178528
69,34,0.000170781
69,35,0.000281049
69,36,0.00044024
69,37,0.000161393
69,38,0.000461984
69,39,0.000164835
69,40,0.000430194
69,41,0.000261168
69,42,0.000226212
69,43,0.000189236
69,44,0.002055001
69,45,0.000434993
69,46,0.00026052
69,47,0.000304156
69,48,0.000937542
69,49,0.001245011
69,50,0.000517791
69,51,0.000307848
69,52,0.00052749
69,53,0.000483869
69,54,0.000286127
69,55,0.000714771
69,56,0.001495309
69,57,0.002082206
69,58,0.00043612
69,59,0.000585775
69,60,0.000449929
69,61,0.001058885
69,62,0.001459
69,63,0.000803459
69,64,0.000756792
69,65,0.000520859
69,66,0.002095353
69,67,0.000875245
69,68,0.000747159
69,69,0.000770424
69,70,0.001098954
69,71,0.002594161
69,72,0.002080086
69,73,0.001478484
69,74,0.0021246
69,75,0.002858319
69,76,0.004453563
69,77,0.004521168
69,78,0.002619975
69,79,0.003080592
69,80,0.003840149
69,81,0.003233006
69,82,0.005236371
69,83,0.005562277
69,84,0.00958498
69,85,0.005872294
69,86,0.010488362
69,87,0.012585608
69,88,0.011421324
69,89,0.013732183
69,90,0.016298062
69,91,0.019181062
69,92,0.025050072
69,93,0.030754565
69,94,0.035506937
69,95,0.045811584
69,96,0.057318241
69,97,0.068418764
69,98,0.068265774
69,99,0.070602017
69,100,0.073000158
69,101,0.065888548
69,102,0.061920638
69,103,0.049859321
69,104,0.039186037
69,105,0.034419922
69,106,0.029520513
69,107,0.024568354
69,108,0.021074757
69,109,0.018683296
69,110,0.017992007
69,111,0.015808508
69,112,0.011488387
69,113,0.010368022
69,114,0.007397384
69,115,0.005712092
69,116,0.005635377
69,117,0.00588621
69,118,0.004052998
69,119,0.003066148
69,120,0.00222476
69,121,0.004384944
69,122,0.003334489
69,123,0.001742589
69,124,0.002545002
69,125,0.002522121
69,126,0.002561093
69,127,0.00218302
69,128,0.001175848
69,129,0.000920711
69,130,0.001682563
69,131,0.001487073
69,132,0.001272643
69,133,0.000709786
69,134,0.001204758
69,135,0.001706136
69,136,0.000946286
69,137,0.001678635
69,138,0.000872026
69,139,0.000804378
69,140,0.000489013
69,141,0.000489116
69,142,0.000803072
69,143,0.002298898
69,144,0.000649953
69,145,0.002091339
69,146,0.002496893
69,147,0.002315253
69,148,0.002557816
69,149,0.001138247
69,150,0.000413285
69,151,0.000305566
69,152,0.000249691
69,153,0.00111102
69,154,0.000340188
69,155,0.001072311
69,156,0.001264924
69,157,0.000768297
69,158,0.000189572
69,159,0.000334976
69,160,0.000202841
69,161,0.000179905
69,162,0.000589784
69,163,0.000935998
69,164,0.000226347
69,165,0.000618962
69,166,0.000966633
69,167,0.000152632
69,168,0.000199804
69,169,0.000131352
69,170,0.000155776
69,171,0.000342398
69,172,0.00039633
69,173,0.001281457
69,174,0.000180141
69,175,0.00020518
69,176,0.000134481
69,177,0.000125248
69,178,0.000143276
69,179,8.48086E-05
69,180,7.10379E-05
69,181,0.000229314
69,182,0.000441309
69,183,8.37958E-05
69,184,8.86495E-05
69,185,5.77565E-05
69,186,5.83817E-05
69,187,4.14591E-05
69,188,2.73129E-05
69,189,0.000465052
69,190,0.000116727
69,191,6.80368E-05
69,192,5.9704E-05
69,193,0.000155708
69,194,0.000173078
69,195,3.0747E-06
69,196,2.49431E-30
69,197,3.41882E-30
69,198,3.28896E-30
69,199,2.22464E-30
70,0,1.28997E-30
70,1,2.63097E-30
70,2,2.51241E-30
70,3,2.8235E-30
70,4,3.59349E-06
70,5,5.85598E-06
70,6,2.48125E-30
70,7,2.79434E-05
70,8,5.70842E-05
70,9,4.03461E-05
70,10,1.81651E-05
70,11,4.78395E-05
70,12,3.11484E-05
70,13,2.35089E-05
70,14,3.32792E-05
70,15,5.2835E-05
70,16,5.76868E-05
70,17,4.47687E-05
70,18,5.62241E-05
70,19,9.28737E-05
70,20,6.05517E-05
70,21,7.74761E-05
70,22,0.000115267
70,23,0.000365989
70,24,0.000159884
70,25,5.95828E-05
70,26,0.000206134
70,27,0.000101635
70,28,0.000282606
70,29,0.000107602
70,30,0.000139487
70,31,0.000251489
70,32,0.000170753
70,33,0.000200157
70,34,0.000365757
70,35,0.000513425
70,36,0.00015958
70,37,0.000168112
70,38,0.00016377
70,39,0.000142448
70,40,0.000153981
70,41,0.000327528
70,42,0.000173737
70,43,0.000347531
70,44,0.001591418
70,45,0.000283566
70,46,0.000587225
70,47,0.000687345
70,48,0.000326687
70,49,0.001669029
70,50,0.000552556
70,51,0.000721972
70,52,0.000268637
70,53,0.000547106
70,54,0.000673625
70,55,0.000449259
70,56,0.000594294
70,57,0.00115147
70,58,0.000526588
70,59,0.000690833
70,60,0.000503384
70,61,0.000924993
70,62,0.001114113
70,63,0.002628688
70,64,0.000496945
70,65,0.000958316
70,66,0.000553363
70,67,0.000682667
70,68,0.001854579
70,69,0.001637063
70,70,0.001360264
70,71,0.002309571
70,72,0.002103155
70,73,0.001245981
70,74,0.001953682
70,75,0.003391851
70,76,0.003160208
70,77,0.001808927
70,78,0.003087594
70,79,0.002133883
70,80,0.002965223
70,81,0.003307348
70,82,0.004252371
70,83,0.005561243
70,84,0.00779113
70,85,0.008232374
70,86,0.008198286
70,87,0.011165428
70,88,0.011155122
70,89,0.01612014
70,90,0.019656855
70,91,0.022997814
70,92,0.028204732
70,93,0.030686546
70,94,0.03639222
70,95,0.049221191
70,96,0.048079515
70,97,0.06678752
70,98,0.066316833
70,99,0.071870006
70,100,0.064531347
70,101,0.059080283
70,102,0.061191051
70,103,0.051023607
70,104,0.042183326
70,105,0.037064878
70,106,0.029962347
70,107,0.025197177
70,108,0.023644874
70,109,0.017814505
70,110,0.014443154
70,111,0.014733403
70,112,0.009436357
70,113,0.008344117
70,114,0.009170652
70,115,0.005715807
70,116,0.007078409
70,117,0.006570166
70,118,0.004036364
70,119,0.003801962
70,120,0.002870315
70,121,0.004872877
70,122,0.005584512
70,123,0.001970433
70,124,0.002184986
70,125,0.002050256
70,126,0.002050422
70,127,0.0022929
70,128,0.002256181
70,129,0.001923636
70,130,0.001256798
70,131,0.002560574
70,132,0.001379626
70,133,0.001557291
70,134,0.000817068
70,135,0.002642856
70,136,0.001528709
70,137,0.00128427
70,138,0.000829067
70,139,0.00208
70,140,0.001943006
70,141,0.0007571
70,142,0.000932456
70,143,0.000606692
70,144,0.000679287
70,145,0.001522185
70,146,0.000689611
70,147,0.001091964
70,148,0.001139761
70,149,0.002584777
70,150,0.000229874
70,151,0.000540692
70,152,0.000653109
70,153,0.000360985
70,154,0.000642633
70,155,0.001104678
70,156,0.000523202
70,157,0.002053229
70,158,0.000159073
70,159,0.000170161
70,160,0.000187832
70,161,0.000221049
70,162,0.000518179
70,163,0.001007876
70,164,0.000896679
70,165,0.000395472
70,166,0.000270126
70,167,0.00020107
70,168,0.000362926
70,169,0.000332529
70,170,0.000151706
70,171,0.000210765
70,172,0.000127769
70,173,0.000338708
70,174,0.000251496
70,175,0.000311968
70,176,0.000308005
70,177,8.73942E-05
70,178,0.000239503
70,179,0.00029976
70,180,0.000118735
70,181,6.85074E-05
70,182,6.55169E-05
70,183,9.44618E-05
70,184,5.16776E-05
70,185,7.25776E-05
70,186,6.8114E-05
70,187,6.3302E-05
70,188,4.31043E-05
70,189,8.69512E-05
70,190,6.2995E-05
70,191,2.35249E-05
70,192,8.26742E-05
70,193,0.000468243
70,194,0.000310166
70,195,1.84613E-30
70,196,1.62278E-30
70,197,2.865E-30
70,198,1.55758E-30
70,199,1.96281E-30
71,0,2.611E-30
71,1,1.68836E-30
71,2,2.18593E-30
71,3,2.28796E-30
71,4,2.44079E-05
71,5,5.9777E-05
71,6,4.46385E-05
71,7,2.89558E-05
71,8,2.84786E-05
71,9,3.31595E-05
71,10,3.10629E-05
71,11,3.70297E-05
71,12,2.2895E-05
71,13,2.30998E-05
71,14,5.0266E-05
71,15,0.000335857
71,16,0.000106701
71,17,6.7155E-05
71,18,8.09577E-05
71,19,0.000152205
71,20,7.76038E-05
71,21,6.07889E-05
71,22,0.000103018
71,23,0.0001151
71,24,0.000149844
71,25,0.000102469
71,26,9.08132E-05
71,27,0.000152486
71,28,0.000111952
71,29,0.00026129
71,30,0.000159292
71,31,0.001119481
71,32,0.000115221
71,33,0.000125655
71,34,0.000352516
71,35,0.00011786
71,36,0.000151803
71,37,0.000289645
71,38,0.000118112
71,39,0.000136177
71,40,0.000189164
71,41,0.000217773
71,42,0.000304972
71,43,0.000266122
71,44,0.000978634
71,45,0.001149848
71,46,0.002840393
71,47,0.000651098
71,48,0.000585861
71,49,0.000381261
71,50,0.000338463
71,51,0.000404569
71,52,0.001069903
71,53,0.000488129
71,54,0.001490564
71,55,0.000593034
71,56,0.000402842
71,57,0.000846907
71,58,0.000848749
71,59,0.000762351
71,60,0.000594103
71,61,0.000992759
71,62,0.001286144
71,63,0.001457564
71,64,0.000536208
71,65,0.001621585
71,66,0.000630248
71,67,0.000672085
71,68,0.001838021
71,69,0.001451078
71,70,0.001748379
71,71,0.002803228
71,72,0.004209852
71,73,0.002642275
71,74,0.004389906
71,75,0.004524548
71,76,0.004903881
71,77,0.003018705
71,78,0.002087043
71,79,0.003366465
71,80,0.005786271
71,81,0.006273314
71,82,0.006585941
71,83,0.007084104
71,84,0.008521925
71,85,0.006806784
71,86,0.009518931
71,87,0.011045894
71,88,0.010268915
71,89,0.013273368
71,90,0.020101681
71,91,0.023223489
71,92,0.026454899
71,93,0.028957032
71,94,0.036021437
71,95,0.041872944
71,96,0.049794018
71,97,0.061646324
71,98,0.066574846
71,99,0.071293077
71,100,0.068094326
71,101,0.061215754
71,102,0.058356869
71,103,0.054154067
71,104,0.043543938
71,105,0.034844958
71,106,0.032461073
71,107,0.026503454
71,108,0.02066473
71,109,0.016080189
71,110,0.018708625
71,111,0.012888745
71,112,0.012214444
71,113,0.0065393
71,114,0.008078842
71,115,0.007965697
71,116,0.007161739
71,117,0.005170593
71,118,0.00491935
71,119,0.004174706
71,120,0.003124892
71,121,0.004146299
71,122,0.003831471
71,123,0.004065964
71,124,0.004102487
71,125,0.003723798
71,126,0.002426027
71,127,0.003633584
71,128,0.004396742
71,129,0.00463367
71,130,0.003779692
71,131,0.002147523
71,132,0.0018359
71,133,0.001182216
71,134,0.001696734
71,135,0.00071359
71,136,0.000731264
71,137,0.001928722
71,138,0.001091985
71,139,0.000894479
71,140,0.00169131
71,141,0.001061815
71,142,0.000391133
71,143,0.000590318
71,144,0.000362696
71,145,0.001067858
71,146,0.001337022
71,147,0.001793691
71,148,0.000411437
71,149,0.000751358
71,150,0.001013998
71,151,0.00181579
71,152,0.000250192
71,153,0.000269088
71,154,0.000273626
71,155,0.000236983
71,156,0.000284066
71,157,0.000329199
71,158,0.000220777
71,159,0.000191247
71,160,0.000305652
71,161,0.000231778
71,162,0.000166316
71,163,0.000326917
71,164,0.000502271
71,165,0.000259743
71,166,0.00016684
71,167,9.86907E-05
71,168,0.000126633
71,169,0.000202806
71,170,0.000232177
71,171,0.000223448
71,172,0.00022735
71,173,0.000329464
71,174,0.000201498
71,175,0.00012791
71,176,0.000374062
71,177,0.001195204
71,178,0.000152183
71,179,0.000141152
71,180,9.11558E-05
71,181,5.74643E-05
71,182,5.39979E-05
71,183,3.37682E-05
71,184,5.8039E-05
71,185,4.22506E-05
71,186,4.01213E-05
71,187,4.48069E-05
71,188,5.84376E-05
71,189,0.000555241
71,190,0.000140997
71,191,6.06567E-05
71,192,2.40817E-05
71,193,1.75532E-05
71,194,0.000304455
71,195,2.41849E-05
71,196,3.39317E-30
71,197,1.99501E-30
71,198,2.2597E-30
71,199,3.3988E-30
72,0,2.63614E-30
72,1,2.67135E-30
72,2,2.23501E-30
72,3,1.69118E-30
72,4,9.8116E-06
72,5,1.23054E-05
72,6,1.82757E-05
72,7,1.14174E-05
72,8,4.01734E-05
72,9,3.1998E-05
72,10,1.58997E-05
72,11,1.2174E-05
72,12,3.03673E-05
72,13,3.87362E-05
72,14,3.39708E-05
72,15,0.00028975
72,16,0.000154266
72,17,8.65836E-05
72,18,7.76968E-05
72,19,9.51881E-05
72,20,7.82984E-05
72,21,0.000294166
72,22,0.000162383
72,23,8.72564E-05
72,24,0.000155858
72,25,9.64234E-05
72,26,0.000749018
72,27,0.000282213
72,28,0.000132686
72,29,9.38764E-05
72,30,0.00011346
72,31,0.000187532
72,32,0.00024518
72,33,0.000120639
72,34,0.000183031
72,35,0.000164571
72,36,8.88978E-05
72,37,0.000128268
72,38,0.000689569
72,39,0.000309501
72,40,0.000504985
72,41,0.000711151
72,42,0.000529189
72,43,0.000977532
72,44,0.000523932
72,45,0.001518349
72,46,0.000808124
72,47,0.000250429
72,48,0.000806076
72,49,0.001844305
72,50,0.00106663
72,51,0.000763929
72,52,0.002184409
72,53,0.000829749
72,54,0.000944717
72,55,0.00223422
72,56,0.002068693
72,57,0.000589948
72,58,0.000447136
72,59,0.000478677
72,60,0.000501527
72,61,0.000634067
72,62,0.000604935
72,63,0.002044365
72,64,0.001064649
72,65,0.001379443
72,66,0.000864395
72,67,0.001048531
72,68,0.001565567
72,69,0.00193678
72,70,0.001487256
72,71,0.00130148
72,72,0.001812708
72,73,0.001378864
72,74,0.003059812
72,75,0.007271767
72,76,0.003051023
72,77,0.002550677
72,78,0.003400478
72,79,0.003221302
72,80,0.005666884
72,81,0.005031528
72,82,0.005053373
72,83,0.004770192
72,84,0.007240418
72,85,0.007112515
72,86,0.011448093
72,87,0.013923978
72,88,0.011364641
72,89,0.01385416
72,90,0.017605328
72,91,0.020986022
72,92,0.028964818
72,93,0.034075359
72,94,0.036841099
72,95,0.043567628
72,96,0.051503369
72,97,0.054633812
72,98,0.060005337
72,99,0.069431892
72,100,0.066197126
72,101,0.066681358
72,102,0.06098626
72,103,0.055856328
72,104,0.040753429
72,105,0.040100188
72,106,0.032137879
72,107,0.024653876
72,108,0.020147423
72,109,0.018898908
72,110,0.018126398
72,111,0.014743666
72,112,0.014624815
72,113,0.011666155
72,114,0.010139575
72,115,0.010428639
72,116,0.006928686
72,117,0.004327197
72,118,0.003744124
72,119,0.003628915
72,120,0.004261456
72,121,0.003600176
72,122,0.003853255
72,123,0.003137404
72,124,0.0016205
72,125,0.001438196
72,126,0.001600153
72,127,0.001908758
72,128,0.003082829
72,129,0.001354564
72,130,0.004747266
72,131,0.0011256
72,132,0.000947526
72,133,0.001171077
72,134,0.0011552
72,135,0.002138807
72,136,0.001291631
72,137,0.00097362
72,138,0.000865158
72,139,0.000606087
72,140,0.00135307
72,141,0.000726248
72,142,0.002344154
72,143,0.000747959
72,144,0.00090933
72,145,0.00063306
72,146,0.000663607
72,147,0.000436201
72,148,0.000631131
72,149,0.000268617
72,150,0.00055704
72,151,0.000268758
72,152,0.000544434
72,153,0.000211804
72,154,0.000313799
72,155,0.000263996
72,156,0.000723929
72,157,0.000458182
72,158,0.000279788
72,159,0.000241973
72,160,0.000186393
72,161,0.00026549
72,162,0.000261871
72,163,0.000149284
72,164,0.000279291
72,165,0.000467823
72,166,0.000195968
72,167,0.000179983
72,168,0.000351913
72,169,0.000116958
72,170,0.00031328
72,171,0.000362459
72,172,0.000129661
72,173,0.000409621
72,174,0.00096165
72,175,0.001159645
72,176,0.001815387
72,177,0.000860093
72,178,8.22119E-05
72,179,0.000124629
72,180,9.96863E-05
72,181,0.000158492
72,182,5.73474E-05
72,183,5.75466E-05
72,184,5.80963E-05
72,185,5.62461E-05
72,186,3.98768E-05
72,187,2.84672E-05
72,188,4.40482E-05
72,189,5.94733E-05
72,190,0.000356274
72,191,4.26571E-05
72,192,3.89211E-05
72,193,3.25812E-05
72,194,0.000239882
72,195,2.4338E-05
72,196,1.6749E-06
72,197,2.04466E-30
72,198,1.77008E-30
72,199,5.85262E-30
73,0,1.46504E-30
73,1,2.24514E-30
73,2,2.74102E-30
73,3,3.32657E-30
73,4,9.82129E-06
73,5,1.48587E-05
73,6,1.66347E-05
73,7,7.54954E-05
73,8,2.61196E-05
73,9,3.96327E-05
73,10,5.49664E-05
73,11,4.62478E-05
73,12,9.22988E-05
73,13,5.65053E-05
73,14,6.13581E-05
73,15,0.000124819
73,16,0.000232054
73,17,0.000103491
73,18,6.50962E-05
73,19,7.5876E-05
73,20,0.000158193
73,21,0.000654333
73,22,0.001110784
73,23,7.49124E-05
73,24,7.96199E-05
73,25,0.000142983
73,26,0.000301383
73,27,0.000110738
73,28,0.000289758
73,29,0.000443007
73,30,0.000728292
73,31,0.00014932
73,32,0.0002709
73,33,0.000317415
73,34,0.000550945
73,35,0.000192947
73,36,0.000709257
73,37,0.000569642
73,38,0.001124167
73,39,0.00028849
73,40,0.000445884
73,41,0.000778829
73,42,0.000366071
73,43,0.000272736
73,44,0.000240568
73,45,0.000511701
73,46,0.000657106
73,47,0.000256857
73,48,0.000456299
73,49,0.002572558
73,50,0.000282783
73,51,0.000744683
73,52,0.001439494
73,53,0.001036025
73,54,0.000539632
73,55,0.001848703
73,56,0.001553856
73,57,0.000446369
73,58,0.000526851
73,59,0.000474917
73,60,0.000689138
73,61,0.000811585
73,62,0.001083556
73,63,0.001190046
73,64,0.000728116
73,65,0.00124648
73,66,0.001951419
73,67,0.002874511
73,68,0.002608553
73,69,0.001988912
73,70,0.001752936
73,71,0.001182373
73,72,0.001701341
73,73,0.002438278
73,74,0.002373286
73,75,0.001413931
73,76,0.002609677
73,77,0.002616256
73,78,0.003211596
73,79,0.003133827
73,80,0.004319268
73,81,0.004409184
73,82,0.005340664
73,83,0.006104058
73,84,0.006980046
73,85,0.008468593
73,86,0.008963265
73,87,0.014342617
73,88,0.018768497
73,89,0.013703052
73,90,0.019482946
73,91,0.023533762
73,92,0.02553134
73,93,0.037186402
73,94,0.037677487
73,95,0.04315619
73,96,0.053178118
73,97,0.060002621
73,98,0.063471158
73,99,0.066709696
73,100,0.075378009
73,101,0.067065065
73,102,0.059911655
73,103,0.059598594
73,104,0.043499253
73,105,0.038841729
73,106,0.035360785
73,107,0.024084762
73,108,0.022646481
73,109,0.025483731
73,110,0.015833688
73,111,0.01274617
73,112,0.011501182
73,113,0.00818295
73,114,0.009109237
73,115,0.007268219
73,116,0.006564947
73,117,0.00807641
73,118,0.005611869
73,119,0.002895343
73,120,0.003426193
73,121,0.003638488
73,122,0.002529259
73,123,0.003390829
73,124,0.003324317
73,125,0.001920088
73,126,0.00222623
73,127,0.002006128
73,128,0.002110488
73,129,0.002380168
73,130,0.003058137
73,131,0.00218056
73,132,0.002484958
73,133,0.002191161
73,134,0.000859514
73,135,0.000965987
73,136,0.000778181
73,137,0.000703025
73,138,0.001006576
73,139,0.001126141
73,140,0.001285396
73,141,0.001179898
73,142,0.000901043
73,143,0.00264347
73,144,0.001424358
73,145,0.000604854
73,146,0.000603992
73,147,0.000455246
73,148,0.000769812
73,149,0.000523757
73,150,0.000445849
73,151,0.000203914
73,152,0.000328338
73,153,0.000314071
73,154,0.000276492
73,155,0.000316525
73,156,0.001070336
73,157,0.000348415
73,158,0.000261489
73,159,0.000205484
73,160,0.000277386
73,161,0.000183198
73,162,0.000169893
73,163,0.000208235
73,164,0.000189693
73,165,0.0002532
73,166,0.000163453
73,167,0.000138103
73,168,7.54613E-05
73,169,7.11592E-05
73,170,0.00013755
73,171,0.000196116
73,172,0.000600758
73,173,0.001140635
73,174,0.001885866
73,175,0.003963039
73,176,0.000655782
73,177,0.000682248
73,178,0.00016271
73,179,8.38493E-05
73,180,7.29827E-05
73,181,0.000153556
73,182,0.000111902
73,183,9.10721E-05
73,184,6.92485E-05
73,185,0.000438824
73,186,0.000163988
73,187,3.0354E-05
73,188,1.24834E-05
73,189,1.91014E-05
73,190,5.73685E-05
73,191,5.76659E-05
73,192,2.76175E-05
73,193,1.94721E-05
73,194,2.09158E-05
73,195,6.21298E-05
73,196,5.31157E-06
73,197,3.67287E-30
73,198,3.87297E-30
73,199,8.05026E-30
74,0,1.71697E-30
74,1,2.31448E-30
74,2,2.44213E-30
74,3,2.75092E-06
74,4,2.24271E-06
74,5,2.86648E-05
74,6,0.000275554
74,7,0.000511421
74,8,3.20796E-05
74,9,3.75709E-05
74,10,4.68475E-05
74,11,3.59119E-05
74,12,7.42992E-05
74,13,7.83897E-05
74,14,8.9501E-05
74,15,0.000410933
74,16,0.000636269
74,17,0.00011806
74,18,0.000124892
74,19,6.24736E-05
74,20,6.54704E-05
74,21,9.28201E-05
74,22,0.001531772
74,23,0.000135975
74,24,0.000152447
74,25,0.00110252
74,26,0.000134215
74,27,0.000172962
74,28,0.000103631
74,29,0.000588396
74,30,0.000280774
74,31,0.000114907
74,32,0.000972957
74,33,0.00031551
74,34,0.000183887
74,35,0.000759752
74,36,0.001455119
74,37,0.000338369
74,38,0.000466713
74,39,0.000323134
74,40,0.000239229
74,41,0.000597669
74,42,0.000221231
74,43,0.000466369
74,44,0.000717648
74,45,0.000216061
74,46,0.000585134
74,47,0.000280626
74,48,0.000907063
74,49,0.00089311
74,50,0.000787927
74,51,0.001356464
74,52,0.001883058
74,53,0.000782833
74,54,0.000553141
74,55,0.000931613
74,56,0.000682027
74,57,0.000860456
74,58,0.000427022
74,59,0.00038231
74,60,0.001455543
74,61,0.001741052
74,62,0.000951902
74,63,0.002595489
74,64,0.002882923
74,65,0.001636266
74,66,0.00080656
74,67,0.000970808
74,68,0.000948789
74,69,0.001668446
74,70,0.003763785
74,71,0.001884755
74,72,0.001157161
74,73,0.001541177
74,74,0.002352933
74,75,0.001557426
74,76,0.002005701
74,77,0.002830505
74,78,0.002774307
74,79,0.002751385
74,80,0.004488856
74,81,0.004042982
74,82,0.004712856
74,83,0.005001544
74,84,0.006434182
74,85,0.008711706
74,86,0.01009558
74,87,0.011288217
74,88,0.015048997
74,89,0.014740525
74,90,0.018480597
74,91,0.025079738
74,92,0.027421903
74,93,0.031147299
74,94,0.03827699
74,95,0.043883303
74,96,0.054827568
74,97,0.063987903
74,98,0.061980744
74,99,0.068803768
74,100,0.066535967
74,101,0.07539478
74,102,0.058737338
74,103,0.050532403
74,104,0.043300773
74,105,0.042295073
74,106,0.03855897
74,107,0.026781222
74,108,0.021895469
74,109,0.020496903
74,110,0.016004917
74,111,0.014416616
74,112,0.012670587
74,113,0.009983422
74,114,0.00828968
74,115,0.005727951
74,116,0.005779583
74,117,0.006459957
74,118,0.006323294
74,119,0.004298232
74,120,0.003467695
74,121,0.00279907
74,122,0.00456505
74,123,0.004858572
74,124,0.00163486
74,125,0.00183445
74,126,0.001856541
74,127,0.002590197
74,128,0.002332875
74,129,0.004770333
74,130,0.004082513
74,131,0.001611987
74,132,0.001790951
74,133,0.002262887
74,134,0.000904881
74,135,0.001214305
74,136,0.000950091
74,137,0.001663207
74,138,0.001284925
74,139,0.001533819
74,140,0.000694331
74,141,0.000943627
74,142,0.000876783
74,143,0.00127924
74,144,0.002505262
74,145,0.000931671
74,146,0.001580612
74,147,0.000719854
74,148,0.00159146
74,149,0.001011313
74,150,0.000518668
74,151,0.000272359
74,152,0.000261326
74,153,0.000445011
74,154,0.000281252
74,155,0.000213725
74,156,0.001006551
74,157,0.000251566
74,158,0.000448897
74,159,0.000214853
74,160,0.000687134
74,161,0.000151801
74,162,0.000216759
74,163,0.000129425
74,164,0.000136059
74,165,0.000490245
74,166,0.000164062
74,167,0.00010625
74,168,7.46648E-05
74,169,0.000103648
74,170,8.86564E-05
74,171,0.000414873
74,172,0.001089622
74,173,0.000250641
74,174,0.000132162
74,175,0.000109842
74,176,8.62741E-05
74,177,9.54252E-05
74,178,0.000248726
74,179,0.000144745
74,180,7.97738E-05
74,181,8.65337E-05
74,182,0.000309815
74,183,0.000109055
74,184,9.7289E-05
74,185,8.55833E-05
74,186,0.000425642
74,187,3.53326E-05
74,188,4.24744E-05
74,189,3.47191E-05
74,190,2.21315E-05
74,191,3.27664E-05
74,192,0.000137352
74,193,3.52286E-05
74,194,6.52284E-05
74,195,1.67269E-05
74,196,7.97215E-07
74,197,1.5896E-29
74,198,1.55857E-29
74,199,1.12119E-29
75,0,2.45314E-30
75,1,1.73106E-30
75,2,9.87325E-31
75,3,1.27819E-05
75,4,2.66796E-05
75,5,2.24434E-05
75,6,0.000292957
75,7,0.00060398
75,8,5.92343E-05
75,9,9.9815E-05
75,10,4.81692E-05
75,11,5.69427E-05
75,12,0.000230424
75,13,5.95724E-05
75,14,6.48545E-05
75,15,0.000502541
75,16,0.000263472
75,17,0.000597106
75,18,8.53304E-05
75,19,0.000400634
75,20,7.82963E-05
75,21,0.000844791
75,22,0.000313244
75,23,0.000215889
75,24,0.000184638
75,25,0.000132914
75,26,9.45158E-05
75,27,0.000118322
75,28,0.000141876
75,29,0.000255132
75,30,0.001227553
75,31,0.000745483
75,32,0.000772492
75,33,0.001134031
75,34,0.00026563
75,35,0.00022699
75,36,0.000363285
75,37,0.000217472
75,38,0.000413492
75,39,0.000342695
75,40,0.000410595
75,41,0.001219527
75,42,0.000969757
75,43,0.00040553
75,44,0.002309673
75,45,0.000943057
75,46,0.000467949
75,47,0.000341498
75,48,0.001068007
75,49,0.002371336
75,50,0.000412433
75,51,0.002602877
75,52,0.002964226
75,53,0.000944945
75,54,0.001006608
75,55,0.002201752
75,56,0.000697998
75,57,0.000784837
75,58,0.000417107
75,59,0.001030736
75,60,0.001410498
75,61,0.001468817
75,62,0.001462138
75,63,0.001833639
75,64,0.0014787
75,65,0.001181328
75,66,0.000688982
75,67,0.000876713
75,68,0.001735253
75,69,0.001035486
75,70,0.001697888
75,71,0.001797195
75,72,0.001325919
75,73,0.001555338
75,74,0.001984868
75,75,0.001508405
75,76,0.001480935
75,77,0.003753809
75,78,0.003220306
75,79,0.004680323
75,80,0.005531789
75,81,0.003546975
75,82,0.00487246
75,83,0.006539842
75,84,0.00477855
75,85,0.010020541
75,86,0.011311565
75,87,0.014848427
75,88,0.013602906
75,89,0.014814014
75,90,0.020049112
75,91,0.019851659
75,92,0.026791836
75,93,0.028996447
75,94,0.03857385
75,95,0.046144623
75,96,0.053573492
75,97,0.057819239
75,98,0.062128152
75,99,0.065564667
75,100,0.06258236
75,101,0.058210865
75,102,0.056922318
75,103,0.04748343
75,104,0.038001993
75,105,0.03788877
75,106,0.03623379
75,107,0.026141065
75,108,0.023283084
75,109,0.021765684
75,110,0.020630484
75,111,0.013515977
75,112,0.015490491
75,113,0.011120621
75,114,0.008064504
75,115,0.00850492
75,116,0.008484448
75,117,0.005291245
75,118,0.00451201
75,119,0.004282161
75,120,0.004059664
75,121,0.005840594
75,122,0.004149635
75,123,0.001999934
75,124,0.003140513
75,125,0.00279996
75,126,0.002299482
75,127,0.002985538
75,128,0.002245636
75,129,0.00165637
75,130,0.003249862
75,131,0.001648453
75,132,0.001243032
75,133,0.002895689
75,134,0.00180562
75,135,0.0024791
75,136,0.002766815
75,137,0.001387848
75,138,0.000635233
75,139,0.00128981
75,140,0.000987588
75,141,0.000780118
75,142,0.000461701
75,143,0.002618063
75,144,0.00117164
75,145,0.001346432
75,146,0.000758287
75,147,0.000306163
75,148,0.000455183
75,149,0.000670673
75,150,0.000472755
75,151,0.000331443
75,152,0.000379717
75,153,0.000290011
75,154,0.000623285
75,155,0.000638391
75,156,0.000498248
75,157,0.000435244
75,158,0.000534435
75,159,0.001660757
75,160,0.001680488
75,161,0.000271749
75,162,0.0001489
75,163,0.00011728
75,164,0.000137653
75,165,0.000408059
75,166,0.000150554
75,167,0.000290348
75,168,0.00018909
75,169,0.000125471
75,170,0.000126787
75,171,8.10248E-05
75,172,0.000236827
75,173,9.71179E-05
75,174,0.000147858
75,175,0.0002635
75,176,0.000116435
75,177,0.000130844
75,178,0.002189842
75,179,0.000143341
75,180,6.03437E-05
75,181,0.000102695
75,182,5.50787E-05
75,183,5.28948E-05
75,184,7.61032E-05
75,185,0.000933908
75,186,9.71658E-05
75,187,8.20002E-05
75,188,6.81062E-05
75,189,5.02551E-05
75,190,6.25229E-05
75,191,4.29915E-05
75,192,2.50536E-05
75,193,4.20338E-05
75,194,8.29302E-05
75,195,5.16878E-05
75,196,1.6981E-05
75,197,6.65628E-30
75,198,1.01496E-29
75,199,3.50887E-30
76,0,1.25628E-30
76,1,1.5952E-30
76,2,2.86746E-06
76,3,1.92292E-05
76,4,6.73683E-06
76,5,4.26296E-05
76,6,6.0859E-05
76,7,5.93521E-05
76,8,4.49406E-05
76,9,4.51663E-05
76,10,7.1571E-05
76,11,6.04191E-05
76,12,6.60312E-05
76,13,5.20119E-05
76,14,6.31088E-05
76,15,0.000443152
76,16,0.000422917
76,17,0.000267504
76,18,9.65292E-05
76,19,9.14885E-05
76,20,8.95048E-05
76,21,0.000137037
76,22,0.000307542
76,23,0.000101865
76,24,8.13126E-05
76,25,9.85977E-05
76,26,0.00010717
76,27,0.00014339
76,28,0.000869665
76,29,0.000126553
76,30,0.000138115
76,31,0.000640598
76,32,0.000576257
76,33,0.000229238
76,34,0.000187968
76,35,0.000207246
76,36,0.00026602
76,37,0.000285957
76,38,0.000433934
76,39,0.000298279
76,40,0.000326199
76,41,0.000818089
76,42,0.000536034
76,43,0.000396193
76,44,0.000534929
76,45,0.001285659
76,46,0.000525667
76,47,0.001470619
76,48,0.000725189
76,49,0.004212151
76,50,0.001450934
76,51,0.000356063
76,52,0.001413124
76,53,0.000390443
76,54,0.000518963
76,55,0.001293546
76,56,0.00174428
76,57,0.000389299
76,58,0.000897332
76,59,0.000571581
76,60,0.000984388
76,61,0.004005358
76,62,0.001549048
76,63,0.001095341
76,64,0.000887611
76,65,0.001062942
76,66,0.000668871
76,67,0.001434674
76,68,0.001335475
76,69,0.001611797
76,70,0.001965227
76,71,0.002764333
76,72,0.002568533
76,73,0.003732705
76,74,0.004361911
76,75,0.00207047
76,76,0.001884874
76,77,0.001870146
76,78,0.003583136
76,79,0.004694066
76,80,0.004367024
76,81,0.005839841
76,82,0.00521148
76,83,0.004814422
76,84,0.00624031
76,85,0.01168921
76,86,0.010855074
76,87,0.010856901
76,88,0.013393447
76,89,0.017910413
76,90,0.020345736
76,91,0.021779394
76,92,0.026494756
76,93,0.032464975
76,94,0.04327035
76,95,0.045080151
76,96,0.05345117
76,97,0.062409473
76,98,0.064271902
76,99,0.061925161
76,100,0.060282439
76,101,0.064722588
76,102,0.049859782
76,103,0.04671071
76,104,0.044303165
76,105,0.038554336
76,106,0.031244488
76,107,0.024951024
76,108,0.021248706
76,109,0.017302171
76,110,0.01862052
76,111,0.011168426
76,112,0.012428299
76,113,0.008333266
76,114,0.008003497
76,115,0.009027543
76,116,0.005546095
76,117,0.004834368
76,118,0.004460999
76,119,0.00460073
76,120,0.006040705
76,121,0.002456714
76,122,0.00349119
76,123,0.003459552
76,124,0.003824014
76,125,0.002955049
76,126,0.004854298
76,127,0.003235787
76,128,0.003145264
76,129,0.002387492
76,130,0.001803533
76,131,0.002089824
76,132,0.000742042
76,133,0.001330024
76,134,0.001604166
76,135,0.000897038
76,136,0.00331464
76,137,0.00112007
76,138,0.001372704
76,139,0.001706387
76,140,0.00038939
76,141,0.001659362
76,142,0.000736239
76,143,0.000618021
76,144,0.000429799
76,145,0.000530171
76,146,0.000628912
76,147,0.000412605
76,148,0.000732336
76,149,0.001731075
76,150,0.000722102
76,151,0.000304551
76,152,0.000823264
76,153,0.001392576
76,154,0.001237652
76,155,0.001337917
76,156,0.000375729
76,157,0.000512195
76,158,0.000647298
76,159,0.000418809
76,160,0.000918627
76,161,0.000834971
76,162,0.000252706
76,163,0.000429376
76,164,0.0003758
76,165,0.000765022
76,166,0.000149295
76,167,0.000191124
76,168,0.000387947
76,169,0.000307941
76,170,0.000130255
76,171,0.000240215
76,172,7.24462E-05
76,173,7.3145E-05
76,174,3.56122E-05
76,175,0.000123757
76,176,0.000143098
76,177,0.000122411
76,178,0.000285831
76,179,0.000155841
76,180,0.000126518
76,181,9.49206E-05
76,182,8.50783E-05
76,183,0.000716161
76,184,7.88241E-05
76,185,4.20045E-05
76,186,6.71719E-05
76,187,5.57932E-05
76,188,6.71074E-05
76,189,0.000120663
76,190,7.2574E-05
76,191,8.0487E-05
76,192,8.21028E-05
76,193,3.98426E-05
76,194,3.57374E-05
76,195,1.9006E-05
76,196,2.70991E-05
76,197,9.57195E-07
76,198,1.08513E-29
76,199,7.76378E-30
77,0,1.86568E-30
77,1,1.88858E-30
77,2,3.36276E-06
77,3,3.29185E-05
77,4,0.000309609
77,5,5.43685E-05
77,6,3.4247E-05
77,7,2.00417E-05
77,8,3.061E-05
77,9,5.13759E-05
77,10,8.30019E-05
77,11,5.66842E-05
77,12,6.61932E-05
77,13,7.32365E-05
77,14,7.25816E-05
77,15,6.5194E-05
77,16,0.001948834
77,17,0.000662399
77,18,0.000108913
77,19,0.000137845
77,20,0.00156726
77,21,0.000107541
77,22,0.000194844
77,23,8.99523E-05
77,24,7.75267E-05
77,25,5.94888E-05
77,26,0.000116317
77,27,0.000153216
77,28,0.000794014
77,29,0.000137051
77,30,0.000165355
77,31,0.000509794
77,32,0.00016868
77,33,0.000248933
77,34,0.000199381
77,35,0.000435838
77,36,0.000191095
77,37,0.000295037
77,38,0.000892998
77,39,0.000590727
77,40,0.000236849
77,41,0.000797692
77,42,0.000563131
77,43,0.000229774
77,44,0.000335235
77,45,0.0003106
77,46,0.00053518
77,47,0.000219685
77,48,0.000904013
77,49,0.001477434
77,50,0.001060232
77,51,0.002291861
77,52,0.000688704
77,53,0.00087391
77,54,0.000399615
77,55,0.001435076
77,56,0.001208932
77,57,0.00105302
77,58,0.000576407
77,59,0.000950801
77,60,0.000706362
77,61,0.000927445
77,62,0.000653233
77,63,0.00120756
77,64,0.000651815
77,65,0.001583935
77,66,0.000917897
77,67,0.000986744
77,68,0.001530708
77,69,0.002635141
77,70,0.001777095
77,71,0.002967224
77,72,0.003423234
77,73,0.002647272
77,74,0.00367639
77,75,0.00489917
77,76,0.002101268
77,77,0.00362755
77,78,0.003824358
77,79,0.004943174
77,80,0.004887265
77,81,0.005176303
77,82,0.00618075
77,83,0.006928959
77,84,0.010685584
77,85,0.01077517
77,86,0.012202014
77,87,0.012957519
77,88,0.013188061
77,89,0.016510174
77,90,0.021870668
77,91,0.023481729
77,92,0.027631938
77,93,0.031279492
77,94,0.040991179
77,95,0.045636217
77,96,0.054337917
77,97,0.058040034
77,98,0.052912213
77,99,0.067114191
77,100,0.067370534
77,101,0.05766527
77,102,0.054165145
77,103,0.053836575
77,104,0.046638835
77,105,0.039021077
77,106,0.03340052
77,107,0.029465019
77,108,0.022454861
77,109,0.019881155
77,110,0.016708649
77,111,0.01159281
77,112,0.012440461
77,113,0.012424723
77,114,0.00720896
77,115,0.008837091
77,116,0.007681651
77,117,0.005501368
77,118,0.004784166
77,119,0.003746207
77,120,0.004805066
77,121,0.004186719
77,122,0.003989142
77,123,0.003310335
77,124,0.006149072
77,125,0.004344844
77,126,0.002200517
77,127,0.00270763
77,128,0.002567187
77,129,0.001912666
77,130,0.002428534
77,131,0.001301157
77,132,0.001033651
77,133,0.001649625
77,134,0.002149802
77,135,0.001465191
77,136,0.000833343
77,137,0.00132779
77,138,0.001077167
77,139,0.002059111
77,140,0.001306222
77,141,0.000723768
77,142,0.000500239
77,143,0.000371167
77,144,0.000381638
77,145,0.00065997
77,146,0.000759377
77,147,0.001400062
77,148,0.000885078
77,149,0.000492092
77,150,0.001553846
77,151,0.000894239
77,152,0.000291595
77,153,0.000428194
77,154,0.00087143
77,155,0.000793943
77,156,0.000277935
77,157,0.000901518
77,158,0.000811785
77,159,0.000863898
77,160,0.000463575
77,161,0.000310351
77,162,0.000237766
77,163,0.000231386
77,164,0.00049932
77,165,0.000282064
77,166,0.000206031
77,167,0.000175878
77,168,0.000554563
77,169,0.000144349
77,170,0.000131589
77,171,0.000134315
77,172,0.000160911
77,173,0.000110563
77,174,6.82056E-05
77,175,6.7544E-05
77,176,5.94714E-05
77,177,0.000118343
77,178,0.000161134
77,179,0.000274664
77,180,0.000125166
77,181,7.60612E-05
77,182,9.085E-05
77,183,0.000133156
77,184,0.000105933
77,185,0.000109641
77,186,0.000183027
77,187,0.000111966
77,188,0.000116264
77,189,9.19696E-05
77,190,4.47205E-05
77,191,4.09895E-05
77,192,4.28581E-05
77,193,5.14774E-05
77,194,3.17517E-05
77,195,1.69869E-05
77,196,1.94882E-05
77,197,2.58327E-06
77,198,3.49054E-30
77,199,8.15409E-30
78,0,1.77756E-30
78,1,1.92967E-30
78,2,9.83406E-07
78,3,0.001042839
78,4,2.38002E-05
78,5,0.00039818
78,6,3.60336E-05
78,7,3.99813E-05
78,8,5.38592E-05
78,9,0.000487849
78,10,7.38602E-05
78,11,7.44173E-05
78,12,8.71016E-05
78,13,0.000128857
78,14,0.000101833
78,15,0.000105328
78,16,9.12299E-05
78,17,9.60123E-05
78,18,7.94783E-05
78,19,9.70958E-05
78,20,7.81884E-05
78,21,0.000118964
78,22,0.000134099
78,23,0.000120903
78,24,0.000108671
78,25,0.000134195
78,26,0.000157002
78,27,0.000126172
78,28,0.000275906
78,29,0.000172974
78,30,0.00017112
78,31,0.001145084
78,32,0.000473044
78,33,0.000298476
78,34,0.000645418
78,35,0.000303722
78,36,0.000233905
78,37,0.000284587
78,38,0.000142495
78,39,0.00060078
78,40,0.000310031
78,41,0.000282434
78,42,0.000300382
78,43,0.000529489
78,44,0.000695401
78,45,0.000486991
78,46,0.000965891
78,47,0.000791529
78,48,0.000671696
78,49,0.00034734
78,50,0.00061376
78,51,0.001375238
78,52,0.000472102
78,53,0.00050641
78,54,0.001638861
78,55,0.000966854
78,56,0.002310557
78,57,0.001103883
78,58,0.000752312
78,59,0.001024621
78,60,0.000893647
78,61,0.001273066
78,62,0.002546379
78,63,0.001620148
78,64,0.001513663
78,65,0.000861353
78,66,0.001105381
78,67,0.001699372
78,68,0.00086065
78,69,0.002010443
78,70,0.001385059
78,71,0.00284595
78,72,0.00342954
78,73,0.005263674
78,74,0.003275453
78,75,0.002505942
78,76,0.002856553
78,77,0.00403078
78,78,0.004041318
78,79,0.004635445
78,80,0.004939877
78,81,0.006453482
78,82,0.005456927
78,83,0.007065254
78,84,0.011269602
78,85,0.012187661
78,86,0.012445834
78,87,0.014128236
78,88,0.014682715
78,89,0.016434392
78,90,0.017916536
78,91,0.023637777
78,92,0.035863474
78,93,0.030014301
78,94,0.041508321
78,95,0.045881709
78,96,0.048429248
78,97,0.054750435
78,98,0.059749747
78,99,0.058702533
78,100,0.057936378
78,101,0.050399822
78,102,0.04881919
78,103,0.048405516
78,104,0.046926316
78,105,0.035013908
78,106,0.035080157
78,107,0.02793364
78,108,0.020921837
78,109,0.02017412
78,110,0.015571604
78,111,0.013931968
78,112,0.01057503
78,113,0.011024014
78,114,0.010580691
78,115,0.011179205
78,116,0.006271353
78,117,0.006780997
78,118,0.007159467
78,119,0.005862386
78,120,0.004260851
78,121,0.003143204
78,122,0.003537781
78,123,0.002355244
78,124,0.00344305
78,125,0.005071887
78,126,0.005039145
78,127,0.002384369
78,128,0.002881008
78,129,0.002118148
78,130,0.001787187
78,131,0.001418338
78,132,0.00148957
78,133,0.001627933
78,134,0.004313313
78,135,0.001762649
78,136,0.00072948
78,137,0.001100695
78,138,0.002748088
78,139,0.001343578
78,140,0.001371798
78,141,0.001846992
78,142,0.000494334
78,143,0.000458848
78,144,0.000401037
78,145,0.000689464
78,146,0.000405487
78,147,0.001202446
78,148,0.00259768
78,149,0.001583529
78,150,0.000838284
78,151,0.00096741
78,152,0.001538987
78,153,0.000207696
78,154,0.000202159
78,155,0.000165043
78,156,0.000218012
78,157,0.000180116
78,158,0.000229922
78,159,0.00075608
78,160,0.000758656
78,161,0.000714203
78,162,0.001145556
78,163,0.001577697
78,164,0.000209961
78,165,0.000443515
78,166,0.00053289
78,167,0.000455678
78,168,0.000693452
78,169,0.000132976
78,170,0.000198124
78,171,0.000168684
78,172,0.000161783
78,173,0.000109555
78,174,8.4097E-05
78,175,7.76458E-05
78,176,5.45932E-05
78,177,9.29696E-05
78,178,0.000155596
78,179,0.000106976
78,180,0.000273462
78,181,0.000123307
78,182,7.12158E-05
78,183,6.05694E-05
78,184,7.44582E-05
78,185,7.58297E-05
78,186,7.5252E-05
78,187,8.10034E-05
78,188,7.39672E-05
78,189,0.000138583
78,190,6.68181E-05
78,191,3.52521E-05
78,192,1.16867E-05
78,193,8.44406E-06
78,194,1.77007E-05
78,195,2.63221E-05
78,196,2.35921E-05
78,197,8.52134E-06
78,198,2.24382E-30
78,199,1.6713E-30
79,0,1.42353E-30
79,1,1.74228E-30
79,2,2.71168E-05
79,3,0.000855043
79,4,0.000707875
79,5,1.61023E-05
79,6,3.28196E-05
79,7,4.77406E-05
79,8,6.69026E-05
79,9,0.00069333
79,10,8.77651E-05
79,11,0.000118284
79,12,0.000120666
79,13,9.99037E-05
79,14,7.75374E-05
79,15,5.83025E-05
79,16,4.12408E-05
79,17,5.97898E-05
79,18,0.000136273
79,19,0.000135778
79,20,7.97529E-05
79,21,0.000111907
79,22,0.001481833
79,23,0.000179535
79,24,0.000115907
79,25,0.000137975
79,26,0.00012303
79,27,0.000125917
79,28,0.000172057
79,29,0.000150599
79,30,0.000233247
79,31,0.000133668
79,32,0.000528345
79,33,0.000172823
79,34,0.000515625
79,35,0.000209935
79,36,0.00016061
79,37,0.000204146
79,38,0.000155387
79,39,0.001904981
79,40,0.000470386
79,41,0.0004194
79,42,0.000370579
79,43,0.000286662
79,44,0.001524387
79,45,0.000860539
79,46,0.001794144
79,47,0.002594275
79,48,0.000443871
79,49,0.001948218
79,50,0.00061757
79,51,0.001143626
79,52,0.000415623
79,53,0.000947664
79,54,0.00141292
79,55,0.000997013
79,56,0.002510654
79,57,0.000646578
79,58,0.001499256
79,59,0.001339536
79,60,0.000769607
79,61,0.001510152
79,62,0.001303865
79,63,0.001977098
79,64,0.001832497
79,65,0.001304223
79,66,0.000834249
79,67,0.001384306
79,68,0.001474474
79,69,0.001819947
79,70,0.00153561
79,71,0.001771583
79,72,0.002311876
79,73,0.002384042
79,74,0.002940939
79,75,0.002456064
79,76,0.003635991
79,77,0.004272952
79,78,0.004691956
79,79,0.004733259
79,80,0.005031889
79,81,0.006968537
79,82,0.00849386
79,83,0.006383847
79,84,0.008759002
79,85,0.011648139
79,86,0.009913181
79,87,0.014209408
79,88,0.018201322
79,89,0.018267043
79,90,0.020868648
79,91,0.022152136
79,92,0.031898585
79,93,0.032957396
79,94,0.035402565
79,95,0.045520149
79,96,0.046359937
79,97,0.049593438
79,98,0.059219078
79,99,0.060915178
79,100,0.053030159
79,101,0.054348746
79,102,0.052958179
79,103,0.055744535
79,104,0.046798973
79,105,0.03595406
79,106,0.032272084
79,107,0.029846707
79,108,0.024247099
79,109,0.022580609
79,110,0.019662395
79,111,0.023617268
79,112,0.011482341
79,113,0.011965026
79,114,0.010025449
79,115,0.014170015
79,116,0.008354333
79,117,0.007100523
79,118,0.005248138
79,119,0.004757274
79,120,0.003268569
79,121,0.002605728
79,122,0.002910261
79,123,0.003222752
79,124,0.004235615
79,125,0.003914042
79,126,0.003101979
79,127,0.002188152
79,128,0.001975669
79,129,0.002220131
79,130,0.003128589
79,131,0.000894896
79,132,0.0015796
79,133,0.00075829
79,134,0.001369381
79,135,0.000971071
79,136,0.000898274
79,137,0.000655259
79,138,0.002069555
79,139,0.001642992
79,140,0.000742817
79,141,0.00049318
79,142,0.000840773
79,143,0.00116307
79,144,0.000731912
79,145,0.000391093
79,146,0.000319518
79,147,0.000620206
79,148,0.0008525
79,149,0.000615419
79,150,0.000608926
79,151,0.000407385
79,152,0.000384603
79,153,0.000675155
79,154,0.000253961
79,155,0.000243304
79,156,0.00045812
79,157,0.000184518
79,158,0.000956702
79,159,0.000212541
79,160,0.000367719
79,161,0.000348779
79,162,0.000317523
79,163,0.000579185
79,164,0.000500432
79,165,0.000236074
79,166,0.00029223
79,167,8.72365E-05
79,168,0.000147468
79,169,0.000207732
79,170,0.000199486
79,171,0.000220046
79,172,0.000127816
79,173,0.000147027
79,174,0.000138869
79,175,0.00016288
79,176,0.000143764
79,177,0.00013501
79,178,0.000102561
79,179,0.000146334
79,180,7.90969E-05
79,181,0.000132273
79,182,0.00016397
79,183,0.000115128
79,184,5.87149E-05
79,185,5.58272E-05
79,186,4.75067E-05
79,187,5.13006E-05
79,188,8.47393E-05
79,189,6.36939E-05
79,190,6.30941E-05
79,191,6.62868E-05
79,192,6.52935E-05
79,193,3.70713E-05
79,194,3.31239E-05
79,195,4.5674E-05
79,196,3.46117E-05
79,197,4.66696E-06
79,198,2.60184E-30
79,199,2.76249E-30
80,0,2.81531E-30
80,1,9.9106E-07
80,2,2.44815E-05
80,3,7.03601E-05
80,4,0.000192105
80,5,3.93513E-05
80,6,4.04075E-05
80,7,6.22193E-05
80,8,7.3767E-05
80,9,7.2296E-05
80,10,7.60319E-05
80,11,5.19702E-05
80,12,5.85655E-05
80,13,5.31506E-05
80,14,4.89677E-05
80,15,6.42486E-05
80,16,0.000336477
80,17,0.000134014
80,18,8.13667E-05
80,19,0.000689382
80,20,0.000205359
80,21,0.000106467
80,22,0.001672263
80,23,0.000778219
80,24,9.779E-05
80,25,0.000119995
80,26,0.000109058
80,27,0.000124012
80,28,0.000449495
80,29,0.000593491
80,30,0.000288984
80,31,0.000274507
80,32,0.000150669
80,33,0.000302697
80,34,0.000252441
80,35,0.000455637
80,36,0.000144431
80,37,0.000231412
80,38,0.000252294
80,39,0.000442654
80,40,0.0007051
80,41,0.000215928
80,42,0.000542063
80,43,0.000349819
80,44,0.000254608
80,45,0.000430106
80,46,0.000368181
80,47,0.000544499
80,48,0.000594629
80,49,0.000650148
80,50,0.001063472
80,51,0.000592939
80,52,0.000671799
80,53,0.001173644
80,54,0.000555474
80,55,0.00093204
80,56,0.001711418
80,57,0.00071361
80,58,0.000634878
80,59,0.000628111
80,60,0.00069136
80,61,0.001711806
80,62,0.001902963
80,63,0.002896458
80,64,0.002599897
80,65,0.002511893
80,66,0.001821701
80,67,0.000919474
80,68,0.00202171
80,69,0.001152632
80,70,0.001235473
80,71,0.001691758
80,72,0.002077881
80,73,0.002661044
80,74,0.003222723
80,75,0.002665174
80,76,0.002062159
80,77,0.002657559
80,78,0.003641541
80,79,0.003886241
80,80,0.004882477
80,81,0.007545528
80,82,0.005437987
80,83,0.006794608
80,84,0.010951694
80,85,0.009590595
80,86,0.010738946
80,87,0.014140216
80,88,0.015103579
80,89,0.017679104
80,90,0.018592853
80,91,0.022686808
80,92,0.028770025
80,93,0.03492904
80,94,0.03692051
80,95,0.041279027
80,96,0.047158263
80,97,0.053032357
80,98,0.055276296
80,99,0.052814336
80,100,0.052327689
80,101,0.058264608
80,102,0.047419724
80,103,0.045519808
80,104,0.046657072
80,105,0.037636693
80,106,0.030659381
80,107,0.031285068
80,108,0.026732362
80,109,0.019178674
80,110,0.016563442
80,111,0.014674423
80,112,0.01147641
80,113,0.011524074
80,114,0.010530681
80,115,0.011153131
80,116,0.005285102
80,117,0.006823081
80,118,0.004436491
80,119,0.004487883
80,120,0.004890082
80,121,0.003367872
80,122,0.004374332
80,123,0.004585713
80,124,0.005304876
80,125,0.002378226
80,126,0.002055053
80,127,0.002640615
80,128,0.003036746
80,129,0.003065311
80,130,0.001858987
80,131,0.001366113
80,132,0.00111432
80,133,0.001511426
80,134,0.002255985
80,135,0.00094895
80,136,0.000712281
80,137,0.001541504
80,138,0.001518264
80,139,0.000841597
80,140,0.000902465
80,141,0.000675884
80,142,0.001051678
80,143,0.001223234
80,144,0.000397239
80,145,0.001145277
80,146,0.000407796
80,147,0.000969358
80,148,0.000434223
80,149,0.001457453
80,150,0.000277637
80,151,0.000421182
80,152,0.000649909
80,153,0.000861433
80,154,0.000281042
80,155,0.000206807
80,156,0.000238903
80,157,0.000220423
80,158,0.000229434
80,159,0.000377155
80,160,0.000245482
80,161,0.000799122
80,162,0.001196529
80,163,0.000250249
80,164,0.000231101
80,165,0.000765515
80,166,0.000742693
80,167,0.000127125
80,168,0.000100106
80,169,0.000119382
80,170,0.000214895
80,171,0.000212275
80,172,0.000156672
80,173,0.000232833
80,174,0.000155916
80,175,0.000166606
80,176,0.000152639
80,177,0.00016081
80,178,0.000101752
80,179,6.97814E-05
80,180,0.000130194
80,181,9.66975E-05
80,182,4.50847E-05
80,183,0.000115426
80,184,7.2793E-05
80,185,6.80832E-05
80,186,6.79425E-05
80,187,6.26502E-05
80,188,5.5022E-05
80,189,6.50211E-05
80,190,3.86024E-05
80,191,8.01239E-05
80,192,6.49848E-05
80,193,5.40224E-05
80,194,5.70053E-05
80,195,8.55218E-05
80,196,1.9356E-05
80,197,2.16252E-05
80,198,2.87449E-07
80,199,3.72215E-30
81,0,3.72137E-30
81,1,9.01142E-08
81,2,6.33638E-05
81,3,4.02281E-05
81,4,5.76479E-05
81,5,5.32615E-05
81,6,7.41127E-05
81,7,6.61377E-05
81,8,5.23644E-05
81,9,5.31358E-05
81,10,2.47321E-05
81,11,4.71978E-05
81,12,4.52815E-05
81,13,6.03487E-05
81,14,7.68942E-05
81,15,5.84289E-05
81,16,0.000111257
81,17,0.000174012
81,18,0.000105805
81,19,0.000491037
81,20,8.4464E-05
81,21,0.000749686
81,22,0.001032911
81,23,0.000115003
81,24,0.00032282
81,25,0.000847959
81,26,0.000692884
81,27,0.000251342
81,28,0.000672544
81,29,0.000515771
81,30,0.000282648
81,31,0.000699567
81,32,0.000823212
81,33,0.000210708
81,34,0.000716787
81,35,0.00020744
81,36,0.000200546
81,37,0.000302057
81,38,0.000517594
81,39,0.000562567
81,40,0.000751027
81,41,0.000489126
81,42,0.000284039
81,43,0.000312394
81,44,0.000364456
81,45,0.001205672
81,46,0.000404624
81,47,0.000325687
81,48,0.000290891
81,49,0.000307062
81,50,0.000667143
81,51,0.000753951
81,52,0.000626029
81,53,0.000412172
81,54,0.000594844
81,55,0.000566677
81,56,0.000839667
81,57,0.000920004
81,58,0.000580108
81,59,0.000576286
81,60,0.000468282
81,61,0.001165739
81,62,0.002310033
81,63,0.001458101
81,64,0.000963325
81,65,0.000823361
81,66,0.00150171
81,67,0.002010453
81,68,0.001157945
81,69,0.001184545
81,70,0.002472111
81,71,0.00367514
81,72,0.002961542
81,73,0.002652116
81,74,0.00178398
81,75,0.00225353
81,76,0.002880911
81,77,0.003531374
81,78,0.004265152
81,79,0.003592708
81,80,0.004437593
81,81,0.00551248
81,82,0.005817092
81,83,0.009420901
81,84,0.008804021
81,85,0.012870471
81,86,0.011218783
81,87,0.014039739
81,88,0.014186471
81,89,0.018629991
81,90,0.020329513
81,91,0.023531998
81,92,0.025960179
81,93,0.030696343
81,94,0.038180454
81,95,0.040350848
81,96,0.050244591
81,97,0.056438324
81,98,0.05112838
81,99,0.053693511
81,100,0.054562268
81,101,0.048482704
81,102,0.055517344
81,103,0.04694054
81,104,0.046124141
81,105,0.039174621
81,106,0.035634979
81,107,0.03498081
81,108,0.028866781
81,109,0.022886036
81,110,0.022884444
81,111,0.015114563
81,112,0.016896342
81,113,0.012658403
81,114,0.008365091
81,115,0.009475935
81,116,0.00620013
81,117,0.005510569
81,118,0.005475028
81,119,0.007853197
81,120,0.003530747
81,121,0.004754436
81,122,0.004857848
81,123,0.003565855
81,124,0.002944922
81,125,0.005409472
81,126,0.00178195
81,127,0.002106097
81,128,0.002103842
81,129,0.00356208
81,130,0.003532689
81,131,0.001714238
81,132,0.00123708
81,133,0.0026517
81,134,0.001044796
81,135,0.001326113
81,136,0.000970837
81,137,0.00320623
81,138,0.001761424
81,139,0.001603005
81,140,0.001486008
81,141,0.000675844
81,142,0.000877922
81,143,0.00182498
81,144,0.001367732
81,145,0.00089273
81,146,0.001690066
81,147,0.001613361
81,148,0.000387153
81,149,0.000457283
81,150,0.000358532
81,151,0.000642726
81,152,0.000580285
81,153,0.001211294
81,154,0.000643634
81,155,0.000596576
81,156,0.000774163
81,157,0.000211726
81,158,0.000208015
81,159,0.00094019
81,160,0.000305335
81,161,0.000309169
81,162,0.000412499
81,163,0.000954669
81,164,0.000222418
81,165,0.000334824
81,166,0.001917398
81,167,0.000511432
81,168,0.000207687
81,169,0.000286426
81,170,0.00019977
81,171,0.000105782
81,172,0.000189371
81,173,0.000188785
81,174,0.000140209
81,175,0.000116999
81,176,0.00021096
81,177,9.53871E-05
81,178,0.00012521
81,179,0.000100808
81,180,9.14837E-05
81,181,8.95361E-05
81,182,7.89019E-05
81,183,7.53084E-05
81,184,8.9013E-05
81,185,8.37885E-05
81,186,6.06323E-05
81,187,4.65757E-05
81,188,0.000970965
81,189,4.61479E-05
81,190,5.31164E-05
81,191,0.000272074
81,192,7.89419E-05
81,193,9.51461E-05
81,194,5.31167E-05
81,195,0.00014757
81,196,2.3663E-05
81,197,6.7903E-06
81,198,2.53802E-30
81,199,2.73846E-30
82,0,3.85693E-30
82,1,8.64279E-06
82,2,5.23979E-05
82,3,3.58052E-05
82,4,2.88973E-05
82,5,3.90556E-05
82,6,3.4072E-05
82,7,6.00145E-05
82,8,5.95331E-05
82,9,4.15163E-05
82,10,4.11661E-05
82,11,4.33585E-05
82,12,2.85958E-05
82,13,2.93404E-05
82,14,4.84856E-05
82,15,9.53697E-05
82,16,8.301E-05
82,17,0.000155722
82,18,8.3683E-05
82,19,6.15756E-05
82,20,5.74135E-05
82,21,0.000465838
82,22,0.003401928
82,23,0.000619181
82,24,0.000139349
82,25,0.000122522
82,26,0.000175953
82,27,0.00027737
82,28,0.000192556
82,29,0.000337276
82,30,0.0005221
82,31,0.001615589
82,32,0.001739691
82,33,0.000131183
82,34,0.000151191
82,35,0.000399544
82,36,0.000180748
82,37,0.000248978
82,38,0.000708268
82,39,0.000338246
82,40,0.0011186
82,41,0.001334284
82,42,0.000221469
82,43,0.000490475
82,44,0.000596508
82,45,0.001606088
82,46,0.000388455
82,47,0.000257538
82,48,0.00029398
82,49,0.00039802
82,50,0.000640354
82,51,0.001347194
82,52,0.000508972
82,53,0.000618578
82,54,0.000811935
82,55,0.000472909
82,56,0.001132688
82,57,0.001136042
82,58,0.001132965
82,59,0.000663118
82,60,0.000829572
82,61,0.001553918
82,62,0.001982999
82,63,0.001658919
82,64,0.001621441
82,65,0.001589296
82,66,0.001593254
82,67,0.003136241
82,68,0.001455375
82,69,0.001125162
82,70,0.002795929
82,71,0.001963218
82,72,0.002111102
82,73,0.002966338
82,74,0.001890537
82,75,0.00269725
82,76,0.003744923
82,77,0.002723408
82,78,0.003554388
82,79,0.003389285
82,80,0.00539795
82,81,0.006726763
82,82,0.006462227
82,83,0.008505554
82,84,0.00877102
82,85,0.008720293
82,86,0.013783557
82,87,0.014938908
82,88,0.015965343
82,89,0.020111428
82,90,0.01995002
82,91,0.025912167
82,92,0.026852194
82,93,0.030862206
82,94,0.039796549
82,95,0.039690001
82,96,0.047037658
82,97,0.053386512
82,98,0.053965614
82,99,0.054935598
82,100,0.053565489
82,101,0.053317799
82,102,0.047744894
82,103,0.0432937
82,104,0.039104404
82,105,0.03426172
82,106,0.029667618
82,107,0.032895325
82,108,0.030076199
82,109,0.019370775
82,110,0.017870663
82,111,0.014684678
82,112,0.014221335
82,113,0.013006231
82,114,0.011289826
82,115,0.009893359
82,116,0.0080091
82,117,0.008595576
82,118,0.005714244
82,119,0.00785161
82,120,0.003336487
82,121,0.005057365
82,122,0.003226212
82,123,0.004720358
82,124,0.003095395
82,125,0.005473508
82,126,0.002668598
82,127,0.003174842
82,128,0.001537543
82,129,0.00217095
82,130,0.00593313
82,131,0.002732002
82,132,0.001368605
82,133,0.002332583
82,134,0.002461953
82,135,0.002697522
82,136,0.001897686
82,137,0.001572131
82,138,0.001305145
82,139,0.001496443
82,140,0.001430147
82,141,0.001728271
82,142,0.000838241
82,143,0.001624735
82,144,0.000615177
82,145,0.000929328
82,146,0.000364075
82,147,0.001485968
82,148,0.000480935
82,149,0.000397696
82,150,0.000268163
82,151,0.000938046
82,152,0.000230229
82,153,0.000917005
82,154,0.000791565
82,155,0.000875302
82,156,0.000794457
82,157,0.000578498
82,158,0.000360224
82,159,0.000784193
82,160,0.000733431
82,161,0.000188961
82,162,0.000183775
82,163,0.00029744
82,164,0.000229675
82,165,0.000761911
82,166,0.000998834
82,167,0.000723409
82,168,0.001426591
82,169,0.000194909
82,170,0.000479949
82,171,0.000427098
82,172,0.000208615
82,173,0.000134187
82,174,0.00032395
82,175,9.95996E-05
82,176,0.000111867
82,177,7.80772E-05
82,178,7.67778E-05
82,179,0.000698835
82,180,6.75737E-05
82,181,0.000120685
82,182,0.00021584
82,183,8.88017E-05
82,184,9.77662E-05
82,185,8.49718E-05
82,186,7.63141E-05
82,187,7.35594E-05
82,188,0.000379399
82,189,2.52294E-05
82,190,4.60686E-05
82,191,0.000114948
82,192,0.000180458
82,193,4.33596E-05
82,194,7.28214E-05
82,195,5.13324E-05
82,196,1.19968E-05
82,197,2.56731E-30
82,198,2.90977E-30
82,199,3.06497E-30
83,0,2.49827E-30
83,1,1.05902E-05
83,2,4.84676E-05
83,3,1.95265E-05
83,4,2.05492E-05
83,5,3.83433E-05
83,6,6.74871E-05
83,7,4.86861E-05
83,8,2.73066E-05
83,9,1.51856E-05
83,10,2.26697E-05
83,11,3.65343E-05
83,12,5.10236E-05
83,13,8.4388E-05
83,14,6.91246E-05
83,15,0.00015026
83,16,5.42395E-05
83,17,9.21468E-05
83,18,5.8546E-05
83,19,6.96646E-05
83,20,0.000131888
83,21,0.000103741
83,22,0.000413072
83,23,0.00051484
83,24,0.00038445
83,25,0.000348
83,26,0.00022539
83,27,0.000116008
83,28,0.000139807
83,29,0.000100803
83,30,0.000242056
83,31,0.000186405
83,32,0.000210548
83,33,0.0002297
83,34,0.000687661
83,35,0.000211425
83,36,0.000254128
83,37,0.000436305
83,38,0.000442142
83,39,0.000232866
83,40,0.000155455
83,41,0.000807336
83,42,0.000918014
83,43,0.000336938
83,44,0.000792949
83,45,0.000305106
83,46,0.000469855
83,47,0.000211113
83,48,0.000376068
83,49,0.000382416
83,50,0.000432452
83,51,0.000472185
83,52,0.000628185
83,53,0.000593362
83,54,0.000804151
83,55,0.001619337
83,56,0.000617963
83,57,0.001395583
83,58,0.001710234
83,59,0.001424559
83,60,0.003350073
83,61,0.002919041
83,62,0.001598573
83,63,0.001421062
83,64,0.00110453
83,65,0.002591344
83,66,0.000752234
83,67,0.001070959
83,68,0.001314428
83,69,0.002878023
83,70,0.001652049
83,71,0.002232881
83,72,0.002067402
83,73,0.004319337
83,74,0.001903944
83,75,0.00299818
83,76,0.002328782
83,77,0.002465342
83,78,0.003724609
83,79,0.00573431
83,80,0.005097874
83,81,0.00818778
83,82,0.014021205
83,83,0.006391364
83,84,0.008299673
83,85,0.01231734
83,86,0.015092669
83,87,0.017366124
83,88,0.01771266
83,89,0.01714743
83,90,0.017438673
83,91,0.02203254
83,92,0.029067981
83,93,0.032088153
83,94,0.037528782
83,95,0.040234625
83,96,0.051375315
83,97,0.056038738
83,98,0.065380625
83,99,0.05185088
83,100,0.053493393
83,101,0.051835909
83,102,0.049544753
83,103,0.041135979
83,104,0.038240879
83,105,0.036910243
83,106,0.031769077
83,107,0.036114606
83,108,0.029855525
83,109,0.021916115
83,110,0.017425295
83,111,0.018371141
83,112,0.018301761
83,113,0.013594694
83,114,0.012132264
83,115,0.012514556
83,116,0.008434684
83,117,0.007968759
83,118,0.005532568
83,119,0.00500292
83,120,0.004007202
83,121,0.003715578
83,122,0.004120652
83,123,0.003409203
83,124,0.002155007
83,125,0.003158713
83,126,0.002448322
83,127,0.003609377
83,128,0.001712824
83,129,0.003715168
83,130,0.003054757
83,131,0.002788869
83,132,0.001700783
83,133,0.001740905
83,134,0.0013049
83,135,0.00177416
83,136,0.000748082
83,137,0.001934675
83,138,0.001550366
83,139,0.00105184
83,140,0.00131196
83,141,0.000813291
83,142,0.001155188
83,143,0.002466856
83,144,0.001056655
83,145,0.000652485
83,146,0.001662421
83,147,0.00064903
83,148,0.002131845
83,149,0.000672573
83,150,0.000798225
83,151,0.000317604
83,152,0.000435176
83,153,0.001028377
83,154,0.001791069
83,155,0.000654672
83,156,0.000507248
83,157,0.000575861
83,158,0.000417475
83,159,0.00085978
83,160,0.000156909
83,161,0.000169585
83,162,0.000450726
83,163,0.000274665
83,164,0.000362482
83,165,0.000715918
83,166,0.000843694
83,167,0.000958417
83,168,0.000439409
83,169,0.000602343
83,170,0.000223382
83,171,0.000226842
83,172,0.000163143
83,173,0.00020884
83,174,0.000148626
83,175,0.000233626
83,176,9.2072E-05
83,177,5.68002E-05
83,178,8.12861E-05
83,179,0.000290374
83,180,0.000409567
83,181,5.53915E-05
83,182,6.82993E-05
83,183,6.45469E-05
83,184,4.0844E-05
83,185,0.000107361
83,186,7.90032E-05
83,187,7.21043E-05
83,188,7.26143E-05
83,189,9.0413E-05
83,190,8.88323E-05
83,191,3.72187E-05
83,192,2.49717E-05
83,193,0.000129634
83,194,3.4481E-05
83,195,2.61829E-05
83,196,3.40441E-05
83,197,7.97419E-06
83,198,4.30892E-06
83,199,3.37242E-30
84,0,9.19251E-30
84,1,8.88663E-06
84,2,3.65663E-05
84,3,4.30497E-05
84,4,4.24087E-05
84,5,5.95291E-05
84,6,3.99874E-05
84,7,1.87721E-05
84,8,2.23515E-05
84,9,8.41568E-05
84,10,0.001506398
84,11,0.000330264
84,12,0.000134037
84,13,4.49437E-05
84,14,0.000118212
84,15,6.65697E-05
84,16,7.76467E-05
84,17,0.000103002
84,18,7.96874E-05
84,19,9.50232E-05
84,20,9.92426E-05
84,21,0.000169834
84,22,0.00015429
84,23,0.001459224
84,24,0.000435302
84,25,0.000141386
84,26,0.000354096
84,27,0.000114388
84,28,9.95959E-05
84,29,0.000143125
84,30,0.000421249
84,31,0.000160889
84,32,0.000200075
84,33,0.000403033
84,34,0.000272292
84,35,0.00079382
84,36,0.000242822
84,37,0.000328602
84,38,0.000239443
84,39,0.00035164
84,40,0.000254964
84,41,0.000465138
84,42,0.000489582
84,43,0.000791238
84,44,0.000381544
84,45,0.000415804
84,46,0.000264365
84,47,0.000381151
84,48,0.000667677
84,49,0.000806931
84,50,0.000567792
84,51,0.000641524
84,52,0.001698273
84,53,0.000704036
84,54,0.000956468
84,55,0.001667139
84,56,0.001079892
84,57,0.000909269
84,58,0.001842157
84,59,0.002184064
84,60,0.002751598
84,61,0.002938646
84,62,0.001349189
84,63,0.000901181
84,64,0.00196763
84,65,0.001031628
84,66,0.001662972
84,67,0.001754616
84,68,0.001104144
84,69,0.001965369
84,70,0.001722081
84,71,0.002939915
84,72,0.00182474
84,73,0.00171798
84,74,0.002373454
84,75,0.004422766
84,76,0.004894617
84,77,0.004173607
84,78,0.004458458
84,79,0.004744774
84,80,0.005581686
84,81,0.006473989
84,82,0.00869758
84,83,0.007920045
84,84,0.006751473
84,85,0.010032553
84,86,0.011862578
84,87,0.015667861
84,88,0.014892992
84,89,0.01540749
84,90,0.02029471
84,91,0.024945756
84,92,0.027835726
84,93,0.035521995
84,94,0.038618591
84,95,0.040389152
84,96,0.048684151
84,97,0.053000278
84,98,0.054037447
84,99,0.05450772
84,100,0.055632643
84,101,0.055629515
84,102,0.046248199
84,103,0.043984157
84,104,0.042649703
84,105,0.039173452
84,106,0.029994239
84,107,0.036037897
84,108,0.0260464
84,109,0.0219012
84,110,0.017350737
84,111,0.020120555
84,112,0.01798877
84,113,0.018002573
84,114,0.012672963
84,115,0.009903882
84,116,0.010633104
84,117,0.008129089
84,118,0.007575484
84,119,0.005134081
84,120,0.004766958
84,121,0.004796748
84,122,0.003016213
84,123,0.003174331
84,124,0.004484142
84,125,0.002836023
84,126,0.004609847
84,127,0.004288166
84,128,0.003423608
84,129,0.004654775
84,130,0.001510113
84,131,0.002421529
84,132,0.001950329
84,133,0.001371563
84,134,0.001745336
84,135,0.002268256
84,136,0.001078865
84,137,0.002225011
84,138,0.000760529
84,139,0.00075897
84,140,0.00120483
84,141,0.000852406
84,142,0.00154807
84,143,0.001346595
84,144,0.000706763
84,145,0.00085372
84,146,0.000886813
84,147,0.001268701
84,148,0.001232614
84,149,0.001105027
84,150,0.001080966
84,151,0.000331739
84,152,0.000427375
84,153,0.001202313
84,154,0.000605266
84,155,0.00045707
84,156,0.000927505
84,157,0.000405556
84,158,0.00034571
84,159,0.000259803
84,160,0.001307044
84,161,0.000155988
84,162,0.000433295
84,163,0.000944546
84,164,0.000186628
84,165,0.000159055
84,166,0.00023866
84,167,0.000252557
84,168,0.001398595
84,169,0.000242956
84,170,0.0001507
84,171,0.000287175
84,172,0.000183839
84,173,0.000127234
84,174,9.72002E-05
84,175,0.000993926
84,176,0.000216456
84,177,0.000620838
84,178,0.000521791
84,179,0.000915138
84,180,0.000151323
84,181,0.000406362
84,182,0.000210368
84,183,0.000108995
84,184,8.09031E-05
84,185,0.00020848
84,186,0.000704494
84,187,0.000135614
84,188,0.000200764
84,189,0.000105254
84,190,8.01628E-05
84,191,0.000102666
84,192,7.61828E-05
84,193,3.70414E-05
84,194,3.16249E-05
84,195,1.82117E-05
84,196,1.47821E-05
84,197,2.12685E-05
84,198,5.8264E-06
84,199,2.20976E-30
85,0,3.76911E-30
85,1,9.04317E-06
85,2,0.000220602
85,3,4.14761E-05
85,4,8.14716E-05
85,5,3.43483E-05
85,6,4.14409E-05
85,7,1.97876E-05
85,8,4.46605E-05
85,9,5.98767E-05
85,10,0.000507117
85,11,5.12376E-05
85,12,7.91077E-05
85,13,0.000650892
85,14,7.5072E-05
85,15,5.31673E-05
85,16,7.04808E-05
85,17,6.4613E-05
85,18,0.000122382
85,19,0.000135123
85,20,0.00014715
85,21,0.00025687
85,22,9.74608E-05
85,23,9.48901E-05
85,24,0.001611983
85,25,0.000136982
85,26,0.000128779
85,27,0.00012244
85,28,0.000157507
85,29,0.000421445
85,30,0.000295749
85,31,0.000744415
85,32,0.000484393
85,33,0.000676917
85,34,0.00025895
85,35,0.000416655
85,36,0.000345054
85,37,0.000307101
85,38,0.00022804
85,39,0.000318741
85,40,0.000265957
85,41,0.000908528
85,42,0.001777284
85,43,0.001683946
85,44,0.000909968
85,45,0.00028549
85,46,0.000921428
85,47,0.00036944
85,48,0.000530681
85,49,0.00057654
85,50,0.000358634
85,51,0.001336642
85,52,0.001372796
85,53,0.000519487
85,54,0.00088667
85,55,0.001720599
85,56,0.000830091
85,57,0.000780497
85,58,0.001587822
85,59,0.001387847
85,60,0.000892601
85,61,0.001644971
85,62,0.001092629
85,63,0.002282124
85,64,0.002206148
85,65,0.001897446
85,66,0.002202837
85,67,0.001235879
85,68,0.003084283
85,69,0.002300107
85,70,0.00231871
85,71,0.004086383
85,72,0.003076424
85,73,0.002322752
85,74,0.002300554
85,75,0.003756395
85,76,0.003990409
85,77,0.003849156
85,78,0.004665828
85,79,0.004220022
85,80,0.005107767
85,81,0.004675576
85,82,0.006332333
85,83,0.009977823
85,84,0.007657123
85,85,0.015773558
85,86,0.014350483
85,87,0.014574143
85,88,0.01663507
85,89,0.021251
85,90,0.019679225
85,91,0.022129717
85,92,0.024245082
85,93,0.029238234
85,94,0.03068948
85,95,0.038579366
85,96,0.047482125
85,97,0.055428942
85,98,0.050710532
85,99,0.065206344
85,100,0.055089774
85,101,0.049029661
85,102,0.049049091
85,103,0.041855589
85,104,0.041355977
85,105,0.03538526
85,106,0.031076216
85,107,0.034302248
85,108,0.029197014
85,109,0.024730247
85,110,0.018286161
85,111,0.013374051
85,112,0.014680548
85,113,0.013765004
85,114,0.012330357
85,115,0.009487847
85,116,0.007841998
85,117,0.007985886
85,118,0.008164436
85,119,0.006167023
85,120,0.003734141
85,121,0.004595849
85,122,0.003407724
85,123,0.004487097
85,124,0.003551199
85,125,0.002393496
85,126,0.002653976
85,127,0.002867436
85,128,0.002846627
85,129,0.002362272
85,130,0.001402013
85,131,0.002929579
85,132,0.002397338
85,133,0.002068635
85,134,0.001790729
85,135,0.004073415
85,136,0.001544311
85,137,0.00091189
85,138,0.000639084
85,139,0.001405366
85,140,0.000673721
85,141,0.002002565
85,142,0.000993611
85,143,0.001900764
85,144,0.001094287
85,145,0.001546871
85,146,0.002428922
85,147,0.000863511
85,148,0.000394326
85,149,0.000814741
85,150,0.001620294
85,151,0.00033682
85,152,0.000369295
85,153,0.000369918
85,154,0.001996587
85,155,0.000777987
85,156,0.000323847
85,157,0.000225837
85,158,0.000500988
85,159,0.000255264
85,160,0.000419867
85,161,0.000745631
85,162,0.000576923
85,163,0.001601586
85,164,0.001005908
85,165,0.000145833
85,166,0.000133888
85,167,0.000746544
85,168,0.001206931
85,169,0.000923702
85,170,0.000538278
85,171,0.000247406
85,172,0.000353651
85,173,0.000145717
85,174,0.000281166
85,175,0.000986583
85,176,0.000336357
85,177,0.000247943
85,178,0.000105242
85,179,0.000104323
85,180,7.37312E-05
85,181,0.000106389
85,182,0.000426674
85,183,0.000129318
85,184,0.000109572
85,185,9.51662E-05
85,186,0.000524944
85,187,0.000125149
85,188,9.19105E-05
85,189,0.000499451
85,190,6.88935E-05
85,191,6.61693E-05
85,192,5.27249E-05
85,193,3.37749E-05
85,194,1.24494E-05
85,195,2.66937E-05
85,196,2.67457E-05
85,197,2.86556E-05
85,198,1.46527E-05
85,199,5.05448E-30
86,0,1.0273E-06
86,1,1.16024E-05
86,2,3.70593E-05
86,3,3.00817E-05
86,4,1.94121E-05
86,5,5.26167E-06
86,6,2.54951E-05
86,7,5.03979E-05
86,8,5.03135E-05
86,9,4.07538E-05
86,10,4.01752E-05
86,11,4.41276E-05
86,12,4.81025E-05
86,13,5.18923E-05
86,14,0.000139395
86,15,9.05349E-05
86,16,7.4452E-05
86,17,0.000104631
86,18,0.000131676
86,19,0.000114666
86,20,9.81959E-05
86,21,0.000226753
86,22,0.00012412
86,23,0.000152645
86,24,0.000449307
86,25,0.000453604
86,26,0.000173415
86,27,0.000166351
86,28,0.000164393
86,29,0.000169607
86,30,0.000373304
86,31,0.00061332
86,32,0.000850896
86,33,0.001095384
86,34,0.000661923
86,35,0.001331701
86,36,0.000261797
86,37,0.000178914
86,38,0.000452586
86,39,0.001143831
86,40,0.000371415
86,41,0.000775958
86,42,0.000296833
86,43,0.000593282
86,44,0.00087907
86,45,0.000303572
86,46,0.000358047
86,47,0.000430135
86,48,0.00050061
86,49,0.000438442
86,50,0.001111405
86,51,0.000794298
86,52,0.000752537
86,53,0.001063728
86,54,0.001123884
86,55,0.001378789
86,56,0.001619306
86,57,0.003085281
86,58,0.00337408
86,59,0.001533856
86,60,0.001332305
86,61,0.002096511
86,62,0.003398206
86,63,0.001345014
86,64,0.002289164
86,65,0.001748341
86,66,0.001782751
86,67,0.001543868
86,68,0.002105152
86,69,0.002079833
86,70,0.002091966
86,71,0.003026311
86,72,0.002998891
86,73,0.003812563
86,74,0.004623828
86,75,0.002240708
86,76,0.004794537
86,77,0.005921459
86,78,0.006408426
86,79,0.005344509
86,80,0.010192336
86,81,0.006593527
86,82,0.009620714
86,83,0.009982201
86,84,0.008394026
86,85,0.009539589
86,86,0.01243953
86,87,0.013849828
86,88,0.020398227
86,89,0.018257826
86,90,0.020110853
86,91,0.025263753
86,92,0.030763013
86,93,0.031450202
86,94,0.035779551
86,95,0.04394737
86,96,0.045384107
86,97,0.054568736
86,98,0.055448592
86,99,0.053095133
86,100,0.057354517
86,101,0.049724795
86,102,0.045523863
86,103,0.041490543
86,104,0.040178979
86,105,0.037127117
86,106,0.035549371
86,107,0.02827311
86,108,0.030164503
86,109,0.02337792
86,110,0.021415449
86,111,0.015505026
86,112,0.014624554
86,113,0.012662073
86,114,0.010295485
86,115,0.007011582
86,116,0.007435313
86,117,0.010154824
86,118,0.007100027
86,119,0.004794019
86,120,0.006880842
86,121,0.006588929
86,122,0.004909143
86,123,0.00607562
86,124,0.003863204
86,125,0.002473088
86,126,0.002099531
86,127,0.002038125
86,128,0.00196099
86,129,0.001441896
86,130,0.00370573
86,131,0.002083585
86,132,0.002998412
86,133,0.001536002
86,134,0.001793299
86,135,0.003338231
86,136,0.00292755
86,137,0.001060471
86,138,0.000749598
86,139,0.001119406
86,140,0.000732631
86,141,0.004128612
86,142,0.001255134
86,143,0.001853541
86,144,0.001190508
86,145,0.003344071
86,146,0.001640634
86,147,0.000646054
86,148,0.000430342
86,149,0.000930292
86,150,0.000769851
86,151,0.000970431
86,152,0.000642672
86,153,0.000752863
86,154,0.000685229
86,155,0.000195748
86,156,0.000569873
86,157,0.000282762
86,158,0.000258756
86,159,0.000263273
86,160,0.000313587
86,161,0.000546874
86,162,0.000671265
86,163,0.00227312
86,164,0.000359978
86,165,0.000455806
86,166,0.000839876
86,167,0.001075611
86,168,0.000327894
86,169,0.000342635
86,170,0.000676503
86,171,0.000606308
86,172,0.000203545
86,173,0.000657066
86,174,0.000163296
86,175,0.000447658
86,176,0.000166589
86,177,0.000169645
86,178,0.000241362
86,179,0.000122352
86,180,5.1653E-05
86,181,7.17406E-05
86,182,6.07901E-05
86,183,8.41475E-05
86,184,0.000117343
86,185,0.000345262
86,186,0.000785177
86,187,9.61201E-05
86,188,7.85895E-05
86,189,0.000264002
86,190,5.51217E-05
86,191,5.01436E-05
86,192,6.3542E-05
86,193,4.90603E-05
86,194,3.84833E-05
86,195,1.74115E-05
86,196,3.1346E-05
86,197,2.40441E-05
86,198,7.91716E-06
86,199,3.03617E-07
87,0,1.37773E-06
87,1,2.76682E-05
87,2,2.38594E-05
87,3,1.41567E-05
87,4,2.03985E-05
87,5,3.242E-05
87,6,6.19577E-05
87,7,5.18977E-05
87,8,5.20441E-05
87,9,2.91585E-05
87,10,3.51031E-05
87,11,3.94074E-05
87,12,6.1278E-05
87,13,6.53524E-05
87,14,0.000105948
87,15,7.41812E-05
87,16,0.000114067
87,17,0.000102809
87,18,8.85078E-05
87,19,9.28012E-05
87,20,0.000100998
87,21,0.000326808
87,22,0.000209739
87,23,0.000378117
87,24,0.000123844
87,25,0.000160982
87,26,0.001463383
87,27,0.000156364
87,28,0.000197469
87,29,0.000191879
87,30,0.000190157
87,31,0.001077213
87,32,0.000650842
87,33,0.001004916
87,34,0.000964531
87,35,0.001091495
87,36,0.00045414
87,37,0.000228601
87,38,0.000262978
87,39,0.00092416
87,40,0.000398817
87,41,0.000640179
87,42,0.000843189
87,43,0.000283623
87,44,0.00049212
87,45,0.00042618
87,46,0.000485806
87,47,0.000528574
87,48,0.000429303
87,49,0.000831921
87,50,0.001082761
87,51,0.00098606
87,52,0.000405457
87,53,0.000479858
87,54,0.000642676
87,55,0.002246709
87,56,0.000983329
87,57,0.001543064
87,58,0.001806646
87,59,0.001656249
87,60,0.001392597
87,61,0.000666479
87,62,0.001632314
87,63,0.002630337
87,64,0.003596634
87,65,0.001329327
87,66,0.003287953
87,67,0.003189293
87,68,0.003088276
87,69,0.003371343
87,70,0.001658251
87,71,0.002823094
87,72,0.003639413
87,73,0.002607583
87,74,0.003836875
87,75,0.003515974
87,76,0.003304481
87,77,0.004929588
87,78,0.00477075
87,79,0.008351874
87,80,0.008396082
87,81,0.005873985
87,82,0.007651106
87,83,0.007803963
87,84,0.009417377
87,85,0.011847226
87,86,0.01347718
87,87,0.015078864
87,88,0.015106369
87,89,0.018694774
87,90,0.022052334
87,91,0.027300575
87,92,0.02617644
87,93,0.03239604
87,94,0.032860768
87,95,0.0394862
87,96,0.042519405
87,97,0.053162925
87,98,0.050710012
87,99,0.057002833
87,100,0.059853614
87,101,0.054473097
87,102,0.047035799
87,103,0.046077636
87,104,0.039860103
87,105,0.036373756
87,106,0.035575163
87,107,0.025284853
87,108,0.028471696
87,109,0.022166109
87,110,0.02077511
87,111,0.017410813
87,112,0.014781877
87,113,0.012542156
87,114,0.010112181
87,115,0.008061382
87,116,0.008824489
87,117,0.00665171
87,118,0.005386743
87,119,0.004181518
87,120,0.006799739
87,121,0.004847153
87,122,0.004206635
87,123,0.00636863
87,124,0.00436568
87,125,0.003203159
87,126,0.004032544
87,127,0.003297863
87,128,0.002249979
87,129,0.002142062
87,130,0.002838811
87,131,0.004173086
87,132,0.001405776
87,133,0.001046287
87,134,0.001262212
87,135,0.001581131
87,136,0.001842108
87,137,0.001399867
87,138,0.002341551
87,139,0.00248448
87,140,0.001789406
87,141,0.001925505
87,142,0.001287735
87,143,0.00197661
87,144,0.001176622
87,145,0.001029299
87,146,0.001330277
87,147,0.001253003
87,148,0.000856466
87,149,0.000626647
87,150,0.000345489
87,151,0.00029726
87,152,0.000380987
87,153,0.001026417
87,154,0.000481703
87,155,0.000374563
87,156,0.000315231
87,157,0.000350202
87,158,0.00019277
87,159,0.0005233
87,160,0.00021293
87,161,0.000316153
87,162,0.000362102
87,163,0.000598691
87,164,0.000197842
87,165,0.000194836
87,166,0.000391296
87,167,0.000367082
87,168,0.000771117
87,169,0.000372565
87,170,0.00018461
87,171,0.000218398
87,172,0.001071284
87,173,0.000547071
87,174,0.000137303
87,175,0.000445504
87,176,0.000638775
87,177,0.000157116
87,178,0.000853566
87,179,0.00048488
87,180,0.000395393
87,181,0.000112195
87,182,0.000323215
87,183,7.24231E-05
87,184,0.000137368
87,185,0.000143875
87,186,5.40168E-05
87,187,4.03291E-05
87,188,7.00979E-05
87,189,9.24296E-05
87,190,5.1449E-05
87,191,6.56599E-05
87,192,3.56643E-05
87,193,4.06763E-05
87,194,4.04594E-05
87,195,3.83461E-05
87,196,4.21851E-05
87,197,3.62397E-05
87,198,1.53468E-05
87,199,2.67424E-07
88,0,3.795E-06
88,1,1.34602E-05
88,2,7.78919E-06
88,3,1.63635E-05
88,4,2.54777E-05
88,5,2.79443E-05
88,6,3.62094E-05
88,7,0.000106001
88,8,3.59534E-05
88,9,4.52522E-05
88,10,7.47508E-05
88,11,6.54948E-05
88,12,6.96571E-05
88,13,6.22128E-05
88,14,9.83447E-05
88,15,9.12032E-05
88,16,0.000108414
88,17,9.0862E-05
88,18,9.68726E-05
88,19,0.000127214
88,20,0.000139866
88,21,0.00117126
88,22,0.000373019
88,23,0.000134225
88,24,0.001707044
88,25,0.000460117
88,26,0.000188734
88,27,0.000104508
88,28,0.00020341
88,29,0.000153555
88,30,0.000857538
88,31,0.000206534
88,32,0.000361191
88,33,0.000174745
88,34,0.000241115
88,35,0.000431006
88,36,0.000516664
88,37,0.000545058
88,38,0.000533757
88,39,0.000354241
88,40,0.000676447
88,41,0.000382477
88,42,0.000626554
88,43,0.000532903
88,44,0.000361208
88,45,0.000443771
88,46,0.00083409
88,47,0.00057654
88,48,0.001524072
88,49,0.000856423
88,50,0.001162978
88,51,0.000674894
88,52,0.000551179
88,53,0.000531634
88,54,0.000471281
88,55,0.001051854
88,56,0.000727486
88,57,0.000570869
88,58,0.000647808
88,59,0.000807698
88,60,0.000761486
88,61,0.000633406
88,62,0.000788619
88,63,0.00315822
88,64,0.000930377
88,65,0.002104965
88,66,0.003224315
88,67,0.003606241
88,68,0.003378378
88,69,0.003759221
88,70,0.002777732
88,71,0.002027864
88,72,0.001619962
88,73,0.004073424
88,74,0.007044303
88,75,0.003385045
88,76,0.00585529
88,77,0.005572519
88,78,0.004949232
88,79,0.006547015
88,80,0.008555732
88,81,0.008923992
88,82,0.006954352
88,83,0.008105254
88,84,0.009810418
88,85,0.013043809
88,86,0.010699373
88,87,0.014380926
88,88,0.021009074
88,89,0.021651506
88,90,0.021990235
88,91,0.022712321
88,92,0.030397311
88,93,0.032961308
88,94,0.036887947
88,95,0.038709047
88,96,0.047044395
88,97,0.048729981
88,98,0.049412416
88,99,0.052794291
88,100,0.054601806
88,101,0.050836607
88,102,0.047706344
88,103,0.041995105
88,104,0.045459875
88,105,0.038303955
88,106,0.030146871
88,107,0.027191941
88,108,0.024075066
88,109,0.023668702
88,110,0.023115461
88,111,0.019260516
88,112,0.014521401
88,113,0.014583406
88,114,0.013133469
88,115,0.010041457
88,116,0.008953357
88,117,0.007913718
88,118,0.007535255
88,119,0.005253238
88,120,0.00566726
88,121,0.004563669
88,122,0.004854725
88,123,0.003575505
88,124,0.00379913
88,125,0.004272456
88,126,0.003766218
88,127,0.00188332
88,128,0.002329368
88,129,0.003624433
88,130,0.001598757
88,131,0.001761452
88,132,0.001219224
88,133,0.001235961
88,134,0.001406383
88,135,0.002484722
88,136,0.001467361
88,137,0.00079979
88,138,0.002412153
88,139,0.002090586
88,140,0.000788009
88,141,0.000888673
88,142,0.001245003
88,143,0.00045803
88,144,0.001051878
88,145,0.001549754
88,146,0.001011412
88,147,0.001064481
88,148,0.000528754
88,149,0.000588108
88,150,0.001181753
88,151,0.000441925
88,152,0.001076401
88,153,0.001481741
88,154,0.001155897
88,155,0.00116188
88,156,0.001667046
88,157,0.000714259
88,158,0.000535256
88,159,0.000212745
88,160,0.000239535
88,161,0.000166231
88,162,0.000196923
88,163,0.000189991
88,164,0.0005601
88,165,0.000729811
88,166,0.00031659
88,167,0.000291515
88,168,0.000262842
88,169,0.0003109
88,170,0.000180804
88,171,0.000452747
88,172,0.000358211
88,173,0.00024532
88,174,0.000282835
88,175,0.000904275
88,176,0.000466418
88,177,0.000479165
88,178,0.00015019
88,179,0.000120081
88,180,0.000140487
88,181,0.000123978
88,182,0.000587403
88,183,0.000344316
88,184,6.10077E-05
88,185,4.06942E-05
88,186,0.000246138
88,187,0.000141421
88,188,6.96777E-05
88,189,7.22575E-05
88,190,0.000101911
88,191,3.88641E-05
88,192,6.08214E-05
88,193,4.90905E-05
88,194,5.17163E-05
88,195,0.000116139
88,196,3.28584E-05
88,197,2.41358E-05
88,198,3.55224E-05
88,199,8.62029E-06
89,0,3.01233E-06
89,1,1.43379E-05
89,2,1.26138E-05
89,3,3.08235E-05
89,4,2.87864E-05
89,5,3.38102E-05
89,6,2.38796E-05
89,7,2.56684E-05
89,8,0.000145781
89,9,5.85874E-05
89,10,5.3224E-05
89,11,8.42261E-05
89,12,6.2733E-05
89,13,0.000163146
89,14,0.000251746
89,15,0.000434378
89,16,0.000740993
89,17,0.000169287
89,18,0.000135952
89,19,0.000133047
89,20,0.000135981
89,21,0.000641114
89,22,0.000271672
89,23,0.001031827
89,24,0.000721782
89,25,0.000430482
89,26,0.000174635
89,27,0.000145081
89,28,0.000512854
89,29,0.000142891
89,30,0.00040684
89,31,0.0002168
89,32,0.000307114
89,33,0.000164221
89,34,0.000213457
89,35,0.001089806
89,36,0.001795525
89,37,0.000922607
89,38,0.000296091
89,39,0.000799305
89,40,0.000315578
89,41,0.000747479
89,42,0.00096136
89,43,0.000416596
89,44,0.000604674
89,45,0.000846267
89,46,0.0003978
89,47,0.0003908
89,48,0.000491385
89,49,0.000376329
89,50,0.000390935
89,51,0.00038366
89,52,0.000371877
89,53,0.000427306
89,54,0.001211125
89,55,0.000636744
89,56,0.000824
89,57,0.000519147
89,58,0.000941961
89,59,0.001323015
89,60,0.001422308
89,61,0.000952853
89,62,0.001059474
89,63,0.001282481
89,64,0.001948079
89,65,0.001926452
89,66,0.001881532
89,67,0.002803054
89,68,0.002424254
89,69,0.004081076
89,70,0.002034413
89,71,0.001870518
89,72,0.002149517
89,73,0.006008469
89,74,0.005774758
89,75,0.004371441
89,76,0.005445689
89,77,0.004001159
89,78,0.004966033
89,79,0.004386672
89,80,0.006195076
89,81,0.005084437
89,82,0.008670274
89,83,0.007791415
89,84,0.010336912
89,85,0.011673643
89,86,0.011164985
89,87,0.014164873
89,88,0.015471366
89,89,0.019089912
89,90,0.022398927
89,91,0.027671687
89,92,0.026376442
89,93,0.029055961
89,94,0.036169196
89,95,0.036558595
89,96,0.040690508
89,97,0.052276626
89,98,0.05445267
89,99,0.049441814
89,100,0.050246115
89,101,0.056774588
89,102,0.049675139
89,103,0.040021017
89,104,0.038849585
89,105,0.033981097
89,106,0.029188329
89,107,0.030537025
89,108,0.02797237
89,109,0.023089534
89,110,0.020873202
89,111,0.01971749
89,112,0.017219353
89,113,0.014767249
89,114,0.013854458
89,115,0.00880171
89,116,0.008486811
89,117,0.00886745
89,118,0.007007956
89,119,0.005463713
89,120,0.005517194
89,121,0.006041406
89,122,0.00316947
89,123,0.00487975
89,124,0.006005973
89,125,0.004197054
89,126,0.002214476
89,127,0.001587117
89,128,0.001739205
89,129,0.00208391
89,130,0.001856954
89,131,0.001742014
89,132,0.001595839
89,133,0.001324309
89,134,0.00153306
89,135,0.001666416
89,136,0.00096406
89,137,0.001459288
89,138,0.003202843
89,139,0.00245762
89,140,0.000668893
89,141,0.001942991
89,142,0.000957839
89,143,0.002312032
89,144,0.000541558
89,145,0.001417095
89,146,0.00069344
89,147,0.0006884
89,148,0.00095113
89,149,0.00103113
89,150,0.000531229
89,151,0.000930532
89,152,0.000474178
89,153,0.000632517
89,154,0.001757721
89,155,0.001278952
89,156,0.00083683
89,157,0.001425106
89,158,0.000250009
89,159,0.000209994
89,160,0.000503825
89,161,0.000389618
89,162,0.000200258
89,163,0.000230029
89,164,0.000197666
89,165,0.000239578
89,166,0.000185716
89,167,0.001266569
89,168,0.000246893
89,169,0.00053199
89,170,0.000306052
89,171,0.000185807
89,172,0.000249255
89,173,0.000539962
89,174,0.000174502
89,175,0.000364634
89,176,0.00038641
89,177,0.000169998
89,178,0.000480072
89,179,8.64925E-05
89,180,9.29209E-05
89,181,0.00025892
89,182,0.001183474
89,183,9.18069E-05
89,184,0.000103765
89,185,7.44817E-05
89,186,8.51864E-05
89,187,7.06747E-05
89,188,6.25474E-05
89,189,9.85725E-05
89,190,7.11677E-05
89,191,6.29982E-05
89,192,3.02453E-05
89,193,4.26017E-05
89,194,5.50795E-05
89,195,8.99821E-05
89,196,2.77333E-05
89,197,6.47667E-06
89,198,2.84289E-06
89,199,3.09107E-06
90,0,5.22152E-06
90,1,5.0586E-06
90,2,2.65059E-05
90,3,2.73E-05
90,4,1.58695E-05
90,5,1.24797E-05
90,6,3.11156E-05
90,7,3.17902E-05
90,8,4.89188E-05
90,9,7.63518E-05
90,10,5.72394E-05
90,11,5.7774E-05
90,12,0.000121074
90,13,0.000192149
90,14,9.3323E-05
90,15,0.000102051
90,16,0.000115261
90,17,8.14626E-05
90,18,8.27895E-05
90,19,0.000117496
90,20,0.000315072
90,21,0.00013848
90,22,0.000140993
90,23,0.000704693
90,24,0.00082001
90,25,0.000475579
90,26,0.000682345
90,27,0.000315221
90,28,0.000133583
90,29,0.000585244
90,30,0.000947835
90,31,0.000265461
90,32,0.000153955
90,33,0.000208647
90,34,0.000241733
90,35,0.000397198
90,36,0.000281492
90,37,0.00033651
90,38,0.000243505
90,39,0.000264856
90,40,0.001283129
90,41,0.000425135
90,42,0.00057401
90,43,0.000326219
90,44,0.000546188
90,45,0.000298871
90,46,0.000679602
90,47,0.00042658
90,48,0.000369056
90,49,0.000884871
90,50,0.001493354
90,51,0.000868743
90,52,0.001117633
90,53,0.001356666
90,54,0.001171244
90,55,0.001454167
90,56,0.000577668
90,57,0.000565761
90,58,0.001157518
90,59,0.001390512
90,60,0.00148337
90,61,0.001795188
90,62,0.001996002
90,63,0.002391966
90,64,0.002136934
90,65,0.001965406
90,66,0.003225671
90,67,0.002216296
90,68,0.003178737
90,69,0.002767565
90,70,0.001765559
90,71,0.002611033
90,72,0.002917165
90,73,0.002868685
90,74,0.004787501
90,75,0.006099377
90,76,0.004287647
90,77,0.005008997
90,78,0.004019005
90,79,0.006222881
90,80,0.006047894
90,81,0.008393062
90,82,0.008557827
90,83,0.009348278
90,84,0.010269258
90,85,0.01000185
90,86,0.0146334
90,87,0.013193157
90,88,0.016537022
90,89,0.01785211
90,90,0.021395545
90,91,0.02461274
90,92,0.028093723
90,93,0.031679627
90,94,0.040684616
90,95,0.039312039
90,96,0.048311726
90,97,0.050813701
90,98,0.053912926
90,99,0.051525675
90,100,0.053666345
90,101,0.054068476
90,102,0.045960531
90,103,0.042534938
90,104,0.039809425
90,105,0.03719955
90,106,0.030631256
90,107,0.027079123
90,108,0.023002569
90,109,0.021233047
90,110,0.018732278
90,111,0.017406247
90,112,0.017029863
90,113,0.015307413
90,114,0.013708769
90,115,0.01154515
90,116,0.012156575
90,117,0.010442781
90,118,0.008646886
90,119,0.006792042
90,120,0.006153218
90,121,0.004958687
90,122,0.00362137
90,123,0.003975911
90,124,0.005085059
90,125,0.002722177
90,126,0.002050038
90,127,0.003180449
90,128,0.002433864
90,129,0.004305647
90,130,0.001525675
90,131,0.001546029
90,132,0.002462556
90,133,0.001005924
90,134,0.001320316
90,135,0.001027392
90,136,0.001140806
90,137,0.001045635
90,138,0.002358487
90,139,0.001187507
90,140,0.002444325
90,141,0.000718327
90,142,0.001263163
90,143,0.000823554
90,144,0.002149225
90,145,0.002384074
90,146,0.000788586
90,147,0.000911586
90,148,0.000482088
90,149,0.001009246
90,150,0.000369713
90,151,0.000558674
90,152,0.001896471
90,153,0.000459246
90,154,0.001666239
90,155,0.001324846
90,156,0.000429586
90,157,0.000415331
90,158,0.000633707
90,159,0.000335829
90,160,0.000291827
90,161,0.000210734
90,162,0.000746474
90,163,0.000320386
90,164,0.000186965
90,165,0.001134192
90,166,0.000432759
90,167,0.000497717
90,168,0.000229087
90,169,0.00029337
90,170,0.000221187
90,171,0.000313823
90,172,0.000512743
90,173,0.000213103
90,174,0.000168932
90,175,0.000168307
90,176,0.000170109
90,177,0.000135764
90,178,0.000185906
90,179,0.000143737
90,180,0.000149351
90,181,0.000202966
90,182,0.001046574
90,183,0.000574022
90,184,0.000183253
90,185,0.00012993
90,186,6.96593E-05
90,187,0.000318938
90,188,5.87817E-05
90,189,5.17786E-05
90,190,2.30759E-05
90,191,5.25734E-05
90,192,5.42583E-05
90,193,5.20033E-05
90,194,3.07756E-05
90,195,1.59672E-05
90,196,1.35107E-05
90,197,2.89383E-05
90,198,1.27559E-05
90,199,1.9277E-06
91,0,2.17348E-06
91,1,2.70761E-05
91,2,2.03845E-05
91,3,1.94591E-05
91,4,4.26526E-05
91,5,4.92108E-05
91,6,4.33513E-05
91,7,6.05605E-05
91,8,5.40151E-05
91,9,3.8743E-05
91,10,5.16181E-05
91,11,5.43763E-05
91,12,5.73343E-05
91,13,6.8196E-05
91,14,9.33712E-05
91,15,0.000124381
91,16,0.00017054
91,17,0.000113568
91,18,0.000164111
91,19,9.08678E-05
91,20,9.92865E-05
91,21,0.000234597
91,22,0.000619862
91,23,0.000262719
91,24,0.000137302
91,25,0.000438032
91,26,0.000142572
91,27,0.000142346
91,28,0.000183379
91,29,0.000603867
91,30,0.002945399
91,31,0.001582701
91,32,0.000175918
91,33,0.000407402
91,34,0.00200299
91,35,0.000426265
91,36,0.000353454
91,37,0.0002292
91,38,0.000230385
91,39,0.000243433
91,40,0.00172028
91,41,0.000325468
91,42,0.000570396
91,43,0.000470307
91,44,0.002665863
91,45,0.000638228
91,46,0.000564767
91,47,0.001778846
91,48,0.000857908
91,49,0.001244856
91,50,0.000836316
91,51,0.000430857
91,52,0.000784091
91,53,0.000672504
91,54,0.001602405
91,55,0.002386993
91,56,0.000894464
91,57,0.000824996
91,58,0.001173796
91,59,0.00179296
91,60,0.001328772
91,61,0.001840832
91,62,0.00195773
91,63,0.000832662
91,64,0.002001921
91,65,0.00283979
91,66,0.001815019
91,67,0.004370261
91,68,0.00349627
91,69,0.004175146
91,70,0.002615568
91,71,0.003939065
91,72,0.003375826
91,73,0.003020863
91,74,0.002908688
91,75,0.003518865
91,76,0.007241037
91,77,0.006706732
91,78,0.005980696
91,79,0.006497116
91,80,0.006593978
91,81,0.0087808
91,82,0.010965404
91,83,0.010191379
91,84,0.010424512
91,85,0.011931369
91,86,0.014729805
91,87,0.014296582
91,88,0.014970997
91,89,0.021219592
91,90,0.022647532
91,91,0.024611019
91,92,0.029937682
91,93,0.034084436
91,94,0.035503031
91,95,0.038149585
91,96,0.043569022
91,97,0.043841962
91,98,0.049035094
91,99,0.044590452
91,100,0.046811063
91,101,0.048583363
91,102,0.040075342
91,103,0.039970584
91,104,0.035951621
91,105,0.033498168
91,106,0.035587064
91,107,0.02674502
91,108,0.022888526
91,109,0.018086274
91,110,0.018244418
91,111,0.017675715
91,112,0.018518095
91,113,0.01485815
91,114,0.01200321
91,115,0.012108015
91,116,0.009973093
91,117,0.008413011
91,118,0.007423677
91,119,0.007038865
91,120,0.004544001
91,121,0.00469937
91,122,0.004300287
91,123,0.00470196
91,124,0.00449981
91,125,0.004236791
91,126,0.004320892
91,127,0.004267512
91,128,0.002799291
91,129,0.003672197
91,130,0.002699998
91,131,0.0022638
91,132,0.002443308
91,133,0.002209084
91,134,0.002199078
91,135,0.000976508
91,136,0.000992393
91,137,0.000998728
91,138,0.001468941
91,139,0.001319036
91,140,0.001096009
91,141,0.000666494
91,142,0.001587253
91,143,0.00170259
91,144,0.002552703
91,145,0.001307363
91,146,0.001310078
91,147,0.000462713
91,148,0.000522879
91,149,0.000601783
91,150,0.000418095
91,151,0.000352559
91,152,0.000361357
91,153,0.000442898
91,154,0.000764154
91,155,0.001804915
91,156,0.000436839
91,157,0.000280396
91,158,0.00052915
91,159,0.000378347
91,160,0.000281019
91,161,0.000280947
91,162,0.000621128
91,163,0.000188872
91,164,0.000167944
91,165,0.000184712
91,166,0.000198322
91,167,0.000727357
91,168,0.000254331
91,169,0.000339977
91,170,0.000496353
91,171,0.000681907
91,172,0.000378393
91,173,0.000835855
91,174,0.000208864
91,175,0.000365958
91,176,0.000276624
91,177,0.000190609
91,178,0.00146529
91,179,0.00051528
91,180,0.000175788
91,181,0.000164644
91,182,0.000104598
91,183,0.0001192
91,184,8.63797E-05
91,185,7.58331E-05
91,186,8.90544E-05
91,187,7.60819E-05
91,188,7.50718E-05
91,189,7.50297E-05
91,190,6.28723E-05
91,191,3.97342E-05
91,192,6.79887E-05
91,193,4.22105E-05
91,194,1.42266E-05
91,195,3.49759E-05
91,196,1.13118E-05
91,197,1.16511E-05
91,198,2.83592E-05
91,199,1.91921E-05
92,0,1.17949E-05
92,1,2.74492E-05
92,2,3.84486E-05
92,3,4.01848E-05
92,4,3.87678E-05
92,5,3.09767E-05
92,6,4.17135E-05
92,7,2.79671E-05
92,8,3.02974E-05
92,9,5.4576E-05
92,10,4.70521E-05
92,11,6.19512E-05
92,12,6.79501E-05
92,13,0.000136437
92,14,0.000269485
92,15,8.60778E-05
92,16,8.43486E-05
92,17,0.000105013
92,18,0.000117422
92,19,0.000106631
92,20,0.000266178
92,21,0.000114494
92,22,0.000104447
92,23,0.000175718
92,24,0.000773908
92,25,0.000657006
92,26,0.000478265
92,27,0.000211382
92,28,0.000687129
92,29,0.000144017
92,30,0.0004133
92,31,0.000153704
92,32,0.000364413
92,33,0.000491276
92,34,0.000529973
92,35,0.000817258
92,36,0.000984915
92,37,0.000208854
92,38,0.00031262
92,39,0.000281748
92,40,0.000323526
92,41,0.000409475
92,42,0.002373126
92,43,0.000395203
92,44,0.000524564
92,45,0.000777621
92,46,0.000486808
92,47,0.000395519
92,48,0.000734513
92,49,0.000719111
92,50,0.000741903
92,51,0.000423725
92,52,0.000511224
92,53,0.001372469
92,54,0.001341991
92,55,0.001292138
92,56,0.000607313
92,57,0.000745306
92,58,0.000782468
92,59,0.001340585
92,60,0.001706751
92,61,0.002472051
92,62,0.001439465
92,63,0.001449962
92,64,0.001234474
92,65,0.001188989
92,66,0.001801804
92,67,0.001634596
92,68,0.003471805
92,69,0.00223268
92,70,0.002633936
92,71,0.005765378
92,72,0.003501625
92,73,0.002840696
92,74,0.004269904
92,75,0.002799605
92,76,0.005048407
92,77,0.005501448
92,78,0.005460322
92,79,0.007138386
92,80,0.006476047
92,81,0.008608711
92,82,0.008412425
92,83,0.010155208
92,84,0.014782456
92,85,0.011358851
92,86,0.012515969
92,87,0.015709334
92,88,0.014236937
92,89,0.019696453
92,90,0.021679584
92,91,0.027281664
92,92,0.030067754
92,93,0.036199353
92,94,0.03450553
92,95,0.039002377
92,96,0.042330178
92,97,0.041259872
92,98,0.043567568
92,99,0.046052513
92,100,0.043493971
92,101,0.044554786
92,102,0.044944857
92,103,0.043581069
92,104,0.035402086
92,105,0.041373974
92,106,0.033423977
92,107,0.024176947
92,108,0.023291758
92,109,0.022066248
92,110,0.02097859
92,111,0.019031344
92,112,0.015587216
92,113,0.015396608
92,114,0.014314108
92,115,0.010172198
92,116,0.007699398
92,117,0.005949542
92,118,0.007638374
92,119,0.005030851
92,120,0.006255532
92,121,0.004213353
92,122,0.004008886
92,123,0.005192201
92,124,0.005096082
92,125,0.004621209
92,126,0.005278921
92,127,0.00626157
92,128,0.003804872
92,129,0.00571883
92,130,0.003930633
92,131,0.003723027
92,132,0.002604422
92,133,0.003067261
92,134,0.001997493
92,135,0.001833985
92,136,0.002161083
92,137,0.002120108
92,138,0.001119488
92,139,0.000809993
92,140,0.001837902
92,141,0.001366029
92,142,0.000890659
92,143,0.001018634
92,144,0.001090796
92,145,0.000535361
92,146,0.0009082
92,147,0.000770964
92,148,0.000605101
92,149,0.000433965
92,150,0.000532186
92,151,0.00038054
92,152,0.000383169
92,153,0.001100585
92,154,0.000646932
92,155,0.000579667
92,156,0.0003705
92,157,0.000334967
92,158,0.000286061
92,159,0.000266271
92,160,0.000584289
92,161,0.000861436
92,162,0.0008985
92,163,0.000539564
92,164,0.000179475
92,165,0.000135427
92,166,0.000162004
92,167,0.000442076
92,168,0.000242473
92,169,0.000185973
92,170,0.000600485
92,171,0.000195993
92,172,0.000197837
92,173,0.000202497
92,174,0.000200699
92,175,0.000197688
92,176,0.000202006
92,177,0.001060795
92,178,0.001072707
92,179,0.000179245
92,180,0.000278525
92,181,0.000516531
92,182,0.000459797
92,183,0.000136932
92,184,0.000151438
92,185,0.000123039
92,186,0.000106194
92,187,8.04185E-05
92,188,0.000143774
92,189,0.000350283
92,190,5.36433E-05
92,191,5.66224E-05
92,192,1.91423E-05
92,193,4.98193E-05
92,194,4.40891E-05
92,195,2.27457E-05
92,196,2.74913E-30
92,197,2.67359E-30
92,198,2.44845E-30
92,199,2.40835E-30
93,0,7.55152E-06
93,1,2.04937E-05
93,2,2.24758E-05
93,3,2.20282E-05
93,4,4.12579E-05
93,5,4.25331E-05
93,6,3.00597E-05
93,7,3.26549E-05
93,8,5.74928E-05
93,9,8.20131E-05
93,10,0.00026034
93,11,5.75532E-05
93,12,0.00021759
93,13,8.84785E-05
93,14,5.70727E-05
93,15,6.81938E-05
93,16,0.000115353
93,17,0.000145147
93,18,0.000100209
93,19,0.000234962
93,20,0.000117878
93,21,0.000235744
93,22,0.000122464
93,23,0.000652245
93,24,0.000508732
93,25,0.000849635
93,26,0.000944817
93,27,0.000353856
93,28,0.000422497
93,29,0.000704007
93,30,0.000295603
93,31,0.000188448
93,32,0.000251191
93,33,0.000251787
93,34,0.000337758
93,35,0.000607651
93,36,0.000452272
93,37,0.000320383
93,38,0.000554637
93,39,0.000311461
93,40,0.000268602
93,41,0.001694457
93,42,0.000652687
93,43,0.000512763
93,44,0.000463767
93,45,0.000865701
93,46,0.000820988
93,47,0.00067215
93,48,0.000361009
93,49,0.000714396
93,50,0.00082478
93,51,0.000635851
93,52,0.000828206
93,53,0.00076236
93,54,0.000565793
93,55,0.001185794
93,56,0.000906633
93,57,0.000709593
93,58,0.000557727
93,59,0.001361607
93,60,0.002310354
93,61,0.001910267
93,62,0.001336429
93,63,0.001372686
93,64,0.001339059
93,65,0.002128957
93,66,0.002921075
93,67,0.003946579
93,68,0.003403
93,69,0.004426515
93,70,0.003349447
93,71,0.002824655
93,72,0.002895599
93,73,0.002649839
93,74,0.004981604
93,75,0.003467484
93,76,0.004751478
93,77,0.004068565
93,78,0.005777286
93,79,0.005235057
93,80,0.008431746
93,81,0.009068396
93,82,0.008916229
93,83,0.009852587
93,84,0.012074226
93,85,0.015339626
93,86,0.013790369
93,87,0.019064499
93,88,0.015867412
93,89,0.016703287
93,90,0.02154401
93,91,0.028892893
93,92,0.031505698
93,93,0.035832435
93,94,0.033920184
93,95,0.038764745
93,96,0.042159368
93,97,0.047967546
93,98,0.048780268
93,99,0.044754885
93,100,0.049474582
93,101,0.045395673
93,102,0.050644209
93,103,0.047119987
93,104,0.037171551
93,105,0.034128661
93,106,0.03781
93,107,0.031146922
93,108,0.025090524
93,109,0.021270154
93,110,0.023350655
93,111,0.018831575
93,112,0.017752062
93,113,0.016167722
93,114,0.011656607
93,115,0.012188781
93,116,0.008127356
93,117,0.008672919
93,118,0.008418761
93,119,0.007140653
93,120,0.004368153
93,121,0.005223724
93,122,0.004846766
93,123,0.004798723
93,124,0.005231794
93,125,0.003320961
93,126,0.003455193
93,127,0.004698419
93,128,0.004152176
93,129,0.004199809
93,130,0.003812417
93,131,0.002509271
93,132,0.00472551
93,133,0.002754592
93,134,0.002700109
93,135,0.002261382
93,136,0.002109314
93,137,0.000957872
93,138,0.001086636
93,139,0.001136289
93,140,0.001378134
93,141,0.002300536
93,142,0.00273448
93,143,0.003219532
93,144,0.001298087
93,145,0.001146348
93,146,0.000882813
93,147,0.000535597
93,148,0.000798787
93,149,0.001503787
93,150,0.001077719
93,151,0.000665801
93,152,0.001174495
93,153,0.000421086
93,154,0.000442277
93,155,0.000434861
93,156,0.000426779
93,157,0.000370656
93,158,0.000376843
93,159,0.000673522
93,160,0.000279192
93,161,0.000412464
93,162,0.000497732
93,163,0.000270448
93,164,0.000224862
93,165,0.000357097
93,166,0.000226332
93,167,0.0001932
93,168,0.00017108
93,169,0.000264738
93,170,0.000190272
93,171,0.000241179
93,172,0.000346487
93,173,0.001428341
93,174,0.000188065
93,175,0.000157
93,176,0.000221303
93,177,0.000247062
93,178,0.000307312
93,179,0.000552415
93,180,7.08155E-05
93,181,0.000712518
93,182,0.00016289
93,183,8.16518E-05
93,184,0.000105435
93,185,0.000111075
93,186,0.000140198
93,187,0.000140027
93,188,0.000152689
93,189,0.000116862
93,190,7.26283E-05
93,191,5.77059E-05
93,192,3.63344E-05
93,193,4.06562E-05
93,194,4.81469E-05
93,195,4.02604E-05
93,196,2.4396E-05
93,197,5.2528E-08
93,198,2.85857E-30
93,199,3.51875E-30
94,0,4.41785E-06
94,1,2.70345E-05
94,2,3.04266E-05
94,3,2.2748E-05
94,4,1.61317E-05
94,5,4.20204E-05
94,6,4.56927E-05
94,7,4.63058E-05
94,8,4.65639E-05
94,9,7.56641E-05
94,10,0.000341722
94,11,0.000108739
94,12,0.000309884
94,13,0.000105367
94,14,9.01127E-05
94,15,8.39358E-05
94,16,9.09287E-05
94,17,5.26756E-05
94,18,5.84368E-05
94,19,0.000374296
94,20,0.000116229
94,21,0.000160396
94,22,0.000250121
94,23,0.000746944
94,24,0.000577471
94,25,0.000971722
94,26,0.000446878
94,27,0.000323669
94,28,0.000169423
94,29,0.000147056
94,30,0.000251117
94,31,0.000727622
94,32,0.000781935
94,33,0.000753702
94,34,0.000334845
94,35,0.000563396
94,36,0.000344119
94,37,0.000206166
94,38,0.000344083
94,39,0.000196366
94,40,0.000306594
94,41,0.000726146
94,42,0.000818926
94,43,0.000448802
94,44,0.000387212
94,45,0.000553325
94,46,0.000459544
94,47,0.000543421
94,48,0.000589555
94,49,0.000899211
94,50,0.000760919
94,51,0.000857637
94,52,0.0005335
94,53,0.000697736
94,54,0.000595158
94,55,0.000564289
94,56,0.000624749
94,57,0.000634191
94,58,0.000711775
94,59,0.001759356
94,60,0.001180375
94,61,0.001544942
94,62,0.002644775
94,63,0.001676393
94,64,0.001797326
94,65,0.003223968
94,66,0.002949457
94,67,0.003796162
94,68,0.003048259
94,69,0.003524907
94,70,0.00212695
94,71,0.003020777
94,72,0.003396687
94,73,0.003416353
94,74,0.004344373
94,75,0.003268937
94,76,0.003640097
94,77,0.003444107
94,78,0.005241823
94,79,0.006338431
94,80,0.007249148
94,81,0.00833216
94,82,0.00979736
94,83,0.009781594
94,84,0.01398043
94,85,0.012540969
94,86,0.015783108
94,87,0.018862362
94,88,0.018335329
94,89,0.018137575
94,90,0.022997308
94,91,0.024468521
94,92,0.028086831
94,93,0.032192486
94,94,0.035708227
94,95,0.034931034
94,96,0.040264089
94,97,0.041938909
94,98,0.041512506
94,99,0.046922502
94,100,0.046331062
94,101,0.040650856
94,102,0.045723689
94,103,0.04231031
94,104,0.037886165
94,105,0.036477312
94,106,0.029281367
94,107,0.028139877
94,108,0.02550277
94,109,0.027234194
94,110,0.019362946
94,111,0.018182529
94,112,0.016002991
94,113,0.013717697
94,114,0.011569286
94,115,0.008652475
94,116,0.007650711
94,117,0.00992638
94,118,0.007033367
94,119,0.005640284
94,120,0.00503674
94,121,0.00583118
94,122,0.005807157
94,123,0.007529335
94,124,0.005615611
94,125,0.005818585
94,126,0.004612763
94,127,0.003084915
94,128,0.003635693
94,129,0.004304107
94,130,0.002418852
94,131,0.003112368
94,132,0.002657738
94,133,0.002365282
94,134,0.001820406
94,135,0.001311267
94,136,0.002203034
94,137,0.002272107
94,138,0.001841903
94,139,0.00085002
94,140,0.000587939
94,141,0.001381304
94,142,0.000981353
94,143,0.00140456
94,144,0.001175785
94,145,0.000893091
94,146,0.000469263
94,147,0.000860219
94,148,0.001317407
94,149,0.000749132
94,150,0.000506931
94,151,0.00067868
94,152,0.000736579
94,153,0.00046504
94,154,0.000422596
94,155,0.00028901
94,156,0.000297064
94,157,0.000379221
94,158,0.000456602
94,159,0.00030988
94,160,0.000443742
94,161,0.000264997
94,162,0.000785152
94,163,0.00097477
94,164,0.000446117
94,165,0.000370655
94,166,0.000209288
94,167,0.000216249
94,168,0.00072203
94,169,0.000135595
94,170,0.000100898
94,171,0.000641397
94,172,0.000370033
94,173,0.000128756
94,174,0.000171027
94,175,0.000221714
94,176,0.000184683
94,177,0.000212437
94,178,0.000188692
94,179,0.000412054
94,180,0.000104833
94,181,0.000192875
94,182,0.000348704
94,183,0.00013968
94,184,0.000119809
94,185,0.000787947
94,186,6.4332E-05
94,187,6.85166E-05
94,188,0.000120793
94,189,8.66017E-05
94,190,0.000173604
94,191,5.43787E-05
94,192,5.5465E-05
94,193,3.19376E-05
94,194,3.10497E-05
94,195,4.91621E-05
94,196,4.3675E-05
94,197,4.48967E-05
94,198,2.38045E-05
94,199,5.24166E-06
95,0,1.62971E-05
95,1,7.29153E-06
95,2,7.66203E-06
95,3,4.47146E-05
95,4,3.93358E-05
95,5,2.02811E-05
95,6,2.50445E-05
95,7,6.18835E-05
95,8,7.47575E-05
95,9,9.75001E-05
95,10,0.000398678
95,11,0.000101505
95,12,0.000377827
95,13,7.16039E-05
95,14,9.67493E-05
95,15,0.000106848
95,16,8.18212E-05
95,17,6.28048E-05
95,18,0.000124349
95,19,0.000136933
95,20,0.000586509
95,21,0.00020294
95,22,0.00021733
95,23,0.000908164
95,24,0.001364669
95,25,0.000604717
95,26,0.000377079
95,27,0.000643705
95,28,0.000510847
95,29,0.000340389
95,30,0.000303843
95,31,0.000522237
95,32,0.002253992
95,33,0.000601756
95,34,0.000655426
95,35,0.0010499
95,36,0.000786656
95,37,0.000402359
95,38,0.000207899
95,39,0.000342853
95,40,0.000859508
95,41,0.001451188
95,42,0.001506871
95,43,0.000421331
95,44,0.000881594
95,45,0.000980242
95,46,0.000361758
95,47,0.000444076
95,48,0.000651488
95,49,0.000547231
95,50,0.000895788
95,51,0.000789501
95,52,0.001052082
95,53,0.000648701
95,54,0.000954053
95,55,0.002641413
95,56,0.001288715
95,57,0.000921062
95,58,0.000848956
95,59,0.000642195
95,60,0.001159258
95,61,0.000894366
95,62,0.001524313
95,63,0.001867507
95,64,0.001566976
95,65,0.001401166
95,66,0.001790395
95,67,0.003198979
95,68,0.004308475
95,69,0.001772881
95,70,0.003215316
95,71,0.004943909
95,72,0.003993871
95,73,0.002841321
95,74,0.005718082
95,75,0.004321266
95,76,0.003977836
95,77,0.004513873
95,78,0.003766401
95,79,0.005347213
95,80,0.006305755
95,81,0.008241235
95,82,0.009112612
95,83,0.01019843
95,84,0.009293321
95,85,0.01607116
95,86,0.017636339
95,87,0.017243201
95,88,0.020112825
95,89,0.019211237
95,90,0.022393371
95,91,0.026556888
95,92,0.034446287
95,93,0.03506158
95,94,0.036939254
95,95,0.033735565
95,96,0.044691607
95,97,0.039414661
95,98,0.042845722
95,99,0.044790674
95,100,0.042817276
95,101,0.042140536
95,102,0.039006461
95,103,0.045356376
95,104,0.040309728
95,105,0.033965644
95,106,0.028991668
95,107,0.028058572
95,108,0.027233436
95,109,0.021967851
95,110,0.020051591
95,111,0.015231796
95,112,0.016458222
95,113,0.013632711
95,114,0.012852276
95,115,0.011646878
95,116,0.009994842
95,117,0.009154993
95,118,0.007254922
95,119,0.006246914
95,120,0.007759992
95,121,0.006749317
95,122,0.00798653
95,123,0.008486527
95,124,0.005789332
95,125,0.008493218
95,126,0.004351255
95,127,0.003401692
95,128,0.004140412
95,129,0.002750744
95,130,0.003296734
95,131,0.00337109
95,132,0.003294492
95,133,0.001674314
95,134,0.002094399
95,135,0.001610443
95,136,0.001046723
95,137,0.002090718
95,138,0.000934429
95,139,0.001475161
95,140,0.002573668
95,141,0.00134538
95,142,0.002124572
95,143,0.001662615
95,144,0.000906654
95,145,0.000612288
95,146,0.00084273
95,147,0.000485657
95,148,0.000482448
95,149,0.000531106
95,150,0.000407446
95,151,0.000952885
95,152,0.00181938
95,153,0.000807626
95,154,0.000414822
95,155,0.000332972
95,156,0.00030373
95,157,0.000350449
95,158,0.002120931
95,159,0.000839274
95,160,0.001415295
95,161,0.000281969
95,162,0.00027807
95,163,0.001478648
95,164,0.000338138
95,165,0.000256215
95,166,0.000285416
95,167,0.000219287
95,168,0.000219939
95,169,0.000189741
95,170,0.000137231
95,171,8.35005E-05
95,172,0.000106673
95,173,0.000132448
95,174,0.000113912
95,175,0.00016699
95,176,0.000223831
95,177,0.000187376
95,178,0.000165943
95,179,0.00027269
95,180,0.000127883
95,181,0.000400232
95,182,0.000497544
95,183,0.0001103
95,184,0.002136705
95,185,0.000304756
95,186,0.00012667
95,187,0.000132428
95,188,5.93984E-05
95,189,0.000118899
95,190,0.000136756
95,191,0.000145721
95,192,9.74135E-05
95,193,7.90761E-05
95,194,4.30809E-05
95,195,4.39833E-05
95,196,3.33497E-05
95,197,2.39867E-05
95,198,2.58462E-05
95,199,8.42992E-06
96,0,1.77386E-30
96,1,9.466E-06
96,2,2.12548E-05
96,3,9.09311E-06
96,4,2.02517E-05
96,5,3.8663E-05
96,6,6.5037E-05
96,7,6.7701E-05
96,8,7.38783E-05
96,9,0.000156416
96,10,0.000129663
96,11,0.000106703
96,12,0.000633372
96,13,0.000123366
96,14,0.000111165
96,15,0.000103498
96,16,9.4695E-05
96,17,0.000467746
96,18,0.000142867
96,19,0.000468605
96,20,0.0001888
96,21,0.000276493
96,22,0.000177428
96,23,0.000160415
96,24,0.000290961
96,25,0.001308644
96,26,0.000936688
96,27,0.002265429
96,28,0.000388922
96,29,0.000272845
96,30,0.000351781
96,31,0.000417706
96,32,0.000940946
96,33,0.000340822
96,34,0.000769786
96,35,0.000561377
96,36,0.001681619
96,37,0.001253298
96,38,0.00044823
96,39,0.000496195
96,40,0.000671503
96,41,0.002897542
96,42,0.000431669
96,43,0.000647704
96,44,0.002250933
96,45,0.000429912
96,46,0.000445442
96,47,0.000897548
96,48,0.000444703
96,49,0.001379733
96,50,0.000878285
96,51,0.002316674
96,52,0.001351247
96,53,0.000690649
96,54,0.001214918
96,55,0.001316892
96,56,0.001569831
96,57,0.001141992
96,58,0.001125181
96,59,0.000693183
96,60,0.001217729
96,61,0.001078103
96,62,0.001287423
96,63,0.002527659
96,64,0.001404254
96,65,0.001799643
96,66,0.001755763
96,67,0.003275727
96,68,0.003587315
96,69,0.002752237
96,70,0.002873844
96,71,0.002816252
96,72,0.002873084
96,73,0.005295636
96,74,0.004374018
96,75,0.004545763
96,76,0.005477582
96,77,0.005782875
96,78,0.006184298
96,79,0.007901636
96,80,0.009041136
96,81,0.009944884
96,82,0.008050543
96,83,0.010595432
96,84,0.01129633
96,85,0.015501736
96,86,0.018225978
96,87,0.01944824
96,88,0.019441881
96,89,0.021985891
96,90,0.02294445
96,91,0.025309122
96,92,0.029447313
96,93,0.032862919
96,94,0.034566254
96,95,0.038793307
96,96,0.037644581
96,97,0.039137582
96,98,0.044798621
96,99,0.042064446
96,100,0.044407803
96,101,0.049272203
96,102,0.045262007
96,103,0.036521908
96,104,0.033887802
96,105,0.037772366
96,106,0.031249778
96,107,0.029054468
96,108,0.026626906
96,109,0.022611903
96,110,0.025631307
96,111,0.021345393
96,112,0.01587967
96,113,0.016476266
96,114,0.01390987
96,115,0.011435686
96,116,0.009802392
96,117,0.010338578
96,118,0.008306632
96,119,0.007618735
96,120,0.006469914
96,121,0.007163688
96,122,0.005234448
96,123,0.007905895
96,124,0.006845765
96,125,0.007031005
96,126,0.003907225
96,127,0.002101854
96,128,0.003669194
96,129,0.003823001
96,130,0.004194744
96,131,0.005421556
96,132,0.003726697
96,133,0.001776012
96,134,0.002034808
96,135,0.002159569
96,136,0.001999995
96,137,0.00140753
96,138,0.001806539
96,139,0.001230345
96,140,0.001035855
96,141,0.000752139
96,142,0.001376694
96,143,0.001017564
96,144,0.001537249
96,145,0.002484855
96,146,0.001168022
96,147,0.001536061
96,148,0.001231392
96,149,0.000567197
96,150,0.000666124
96,151,0.001058406
96,152,0.001371778
96,153,0.001524906
96,154,0.000396623
96,155,0.000435181
96,156,0.000279702
96,157,0.000736774
96,158,0.000905059
96,159,0.001565327
96,160,0.000363511
96,161,0.000266986
96,162,0.000219668
96,163,0.001289577
96,164,0.000422683
96,165,0.000355561
96,166,0.000329988
96,167,0.000287374
96,168,0.000834033
96,169,0.000189115
96,170,0.000201647
96,171,0.000179832
96,172,9.92453E-05
96,173,8.90459E-05
96,174,0.000122141
96,175,0.000160495
96,176,0.000198969
96,177,0.000281346
96,178,0.0001376
96,179,0.000361798
96,180,0.001107103
96,181,0.00015656
96,182,0.00016673
96,183,0.000727532
96,184,0.000387799
96,185,0.000546711
96,186,0.000359339
96,187,0.001423372
96,188,0.00011397
96,189,9.28806E-05
96,190,8.74024E-05
96,191,8.04303E-05
96,192,8.03519E-05
96,193,0.000115266
96,194,3.11491E-05
96,195,1.18279E-05
96,196,3.08423E-05
96,197,4.75084E-05
96,198,1.89957E-05
96,199,1.40469E-05
97,0,1.25599E-05
97,1,1.07032E-05
97,2,1.60532E-05
97,3,2.09095E-05
97,4,3.41301E-05
97,5,3.62498E-05
97,6,3.53302E-05
97,7,6.08218E-05
97,8,9.56457E-05
97,9,9.98922E-05
97,10,0.000276339
97,11,0.000109146
97,12,0.0014654
97,13,0.000610185
97,14,0.000105432
97,15,0.000130221
97,16,0.000217623
97,17,0.00017006
97,18,0.000166256
97,19,0.000181149
97,20,0.000635387
97,21,0.000976415
97,22,0.000139464
97,23,0.000572569
97,24,0.00018755
97,25,0.001099298
97,26,0.000835808
97,27,0.000591916
97,28,0.000197729
97,29,0.000182039
97,30,0.000950883
97,31,0.000342766
97,32,0.000260093
97,33,0.000330133
97,34,0.000339724
97,35,0.00089249
97,36,0.00130609
97,37,0.001046003
97,38,0.002235994
97,39,0.001025025
97,40,0.001029544
97,41,0.002165813
97,42,0.000491476
97,43,0.000901164
97,44,0.000378192
97,45,0.00218615
97,46,0.001134499
97,47,0.000638049
97,48,0.00046122
97,49,0.000575401
97,50,0.002112353
97,51,0.001594084
97,52,0.000612837
97,53,0.001380712
97,54,0.000809839
97,55,0.000960786
97,56,0.002418786
97,57,0.001874791
97,58,0.000701722
97,59,0.000895407
97,60,0.00200503
97,61,0.001244657
97,62,0.001555075
97,63,0.001874669
97,64,0.001471747
97,65,0.001960157
97,66,0.00154412
97,67,0.002437856
97,68,0.002475344
97,69,0.003261876
97,70,0.003814689
97,71,0.005116286
97,72,0.003228095
97,73,0.00305307
97,74,0.003736009
97,75,0.00393134
97,76,0.006882672
97,77,0.005588638
97,78,0.007014057
97,79,0.004931858
97,80,0.007352548
97,81,0.0105955
97,82,0.011244055
97,83,0.010377589
97,84,0.012718286
97,85,0.011825492
97,86,0.018881581
97,87,0.016202419
97,88,0.019776027
97,89,0.021961593
97,90,0.021018911
97,91,0.027207922
97,92,0.029097755
97,93,0.030238772
97,94,0.034551761
97,95,0.035309341
97,96,0.035135438
97,97,0.038347729
97,98,0.038367849
97,99,0.038588759
97,100,0.039640661
97,101,0.044209227
97,102,0.041851631
97,103,0.03749481
97,104,0.034746563
97,105,0.034156518
97,106,0.029668662
97,107,0.031659802
97,108,0.025405215
97,109,0.022989623
97,110,0.018032991
97,111,0.018259162
97,112,0.017510944
97,113,0.014189968
97,114,0.015292215
97,115,0.011587014
97,116,0.00878021
97,117,0.00994796
97,118,0.009685839
97,119,0.008351392
97,120,0.00927323
97,121,0.004981902
97,122,0.007971214
97,123,0.008897644
97,124,0.006803462
97,125,0.006636223
97,126,0.006052931
97,127,0.00426463
97,128,0.003021391
97,129,0.003629965
97,130,0.002889092
97,131,0.005091505
97,132,0.007986425
97,133,0.003390792
97,134,0.001453158
97,135,0.002167578
97,136,0.003196328
97,137,0.002983386
97,138,0.001578545
97,139,0.004480191
97,140,0.002489589
97,141,0.001576744
97,142,0.00204958
97,143,0.000703663
97,144,0.001455571
97,145,0.002696743
97,146,0.001080033
97,147,0.00064454
97,148,0.000704008
97,149,0.000519552
97,150,0.000535679
97,151,0.001004799
97,152,0.00042319
97,153,0.000466921
97,154,0.00034141
97,155,0.000576962
97,156,0.000608155
97,157,0.001049154
97,158,0.000844156
97,159,0.001457309
97,160,0.000342861
97,161,0.001097576
97,162,0.000651852
97,163,0.001477284
97,164,0.000549184
97,165,0.00029835
97,166,0.001506671
97,167,0.001295193
97,168,0.002303463
97,169,0.000292411
97,170,0.000190408
97,171,0.000169789
97,172,0.00024958
97,173,0.000146623
97,174,0.000135764
97,175,0.000172166
97,176,0.000154205
97,177,0.000175594
97,178,0.000177651
97,179,0.000256462
97,180,0.000210471
97,181,0.000269436
97,182,0.000202582
97,183,0.000779039
97,184,0.000463417
97,185,0.000244414
97,186,0.000302022
97,187,0.00026797
97,188,3.30148E-05
97,189,6.56214E-05
97,190,4.63819E-05
97,191,6.48363E-05
97,192,0.001000005
97,193,5.88449E-05
97,194,8.98135E-05
97,195,3.29159E-05
97,196,2.27153E-05
97,197,1.93098E-05
97,198,1.7327E-05
97,199,8.17436E-06
98,0,6.50521E-06
98,1,1.27105E-05
98,2,1.93653E-05
98,3,3.23385E-05
98,4,7.39519E-05
98,5,9.52671E-05
98,6,9.67338E-05
98,7,8.26801E-05
98,8,9.55182E-05
98,9,0.00031253
98,10,0.000484018
98,11,7.2424E-05
98,12,8.01568E-05
98,13,5.15687E-05
98,14,0.000286095
98,15,0.00015738
98,16,0.000133609
98,17,9.69416E-05
98,18,0.000199876
98,19,0.000126664
98,20,0.00045382
98,21,0.001033538
98,22,0.000428408
98,23,0.00012329
98,24,0.000123007
98,25,0.000204131
98,26,0.001312645
98,27,0.000543297
98,28,0.000681923
98,29,0.000371624
98,30,0.00052864
98,31,0.000235549
98,32,0.000206344
98,33,0.000399296
98,34,0.000393759
98,35,0.000714789
98,36,0.000381814
98,37,0.000772604
98,38,0.000702614
98,39,0.001549235
98,40,0.000489371
98,41,0.001150766
98,42,0.000523569
98,43,0.001535943
98,44,0.00143422
98,45,0.001905634
98,46,0.001270068
98,47,0.001580336
98,48,0.001257027
98,49,0.000794144
98,50,0.001909479
98,51,0.001695008
98,52,0.001066981
98,53,0.001054569
98,54,0.000622248
98,55,0.000915926
98,56,0.001412067
98,57,0.000878977
98,58,0.00064245
98,59,0.000812398
98,60,0.000887942
98,61,0.001204336
98,62,0.002296046
98,63,0.002072778
98,64,0.002011433
98,65,0.001969979
98,66,0.002464496
98,67,0.001752807
98,68,0.003005843
98,69,0.00265813
98,70,0.002547912
98,71,0.004741793
98,72,0.00306292
98,73,0.004636258
98,74,0.003139994
98,75,0.004237653
98,76,0.004863349
98,77,0.009234175
98,78,0.005313441
98,79,0.005181452
98,80,0.009366584
98,81,0.008381186
98,82,0.01196766
98,83,0.011149867
98,84,0.012387894
98,85,0.014520064
98,86,0.016074346
98,87,0.015530097
98,88,0.016554798
98,89,0.021188029
98,90,0.023359934
98,91,0.02761812
98,92,0.02785318
98,93,0.029829203
98,94,0.037840047
98,95,0.03274232
98,96,0.04435673
98,97,0.037266522
98,98,0.043036113
98,99,0.047932651
98,100,0.044726152
98,101,0.04259766
98,102,0.039413949
98,103,0.034361818
98,104,0.04171532
98,105,0.038096548
98,106,0.027231462
98,107,0.028710718
98,108,0.025341329
98,109,0.01980689
98,110,0.01813959
98,111,0.017322059
98,112,0.01850049
98,113,0.018556977
98,114,0.01465688
98,115,0.011355072
98,116,0.011169953
98,117,0.011796405
98,118,0.009696645
98,119,0.010390021
98,120,0.007134062
98,121,0.007140938
98,122,0.006507056
98,123,0.006344792
98,124,0.004907396
98,125,0.00413276
98,126,0.003722057
98,127,0.00363084
98,128,0.003083867
98,129,0.002540323
98,130,0.001990662
98,131,0.002267974
98,132,0.004373957
98,133,0.002669934
98,134,0.003391911
98,135,0.002306802
98,136,0.002016915
98,137,0.002196537
98,138,0.001404042
98,139,0.00146205
98,140,0.001413359
98,141,0.001144238
98,142,0.00128981
98,143,0.000638597
98,144,0.000980467
98,145,0.000524214
98,146,0.00110775
98,147,0.000942045
98,148,0.000976055
98,149,0.000599033
98,150,0.000557642
98,151,0.000459326
98,152,0.000452864
98,153,0.0004275
98,154,0.000371243
98,155,0.000343397
98,156,0.00047261
98,157,0.000430619
98,158,0.001541844
98,159,0.000838154
98,160,0.000912825
98,161,0.001087426
98,162,0.002378864
98,163,0.000595016
98,164,0.000502397
98,165,0.000434189
98,166,0.000301132
98,167,0.000672681
98,168,0.000542014
98,169,0.000288547
98,170,0.000216391
98,171,0.000214932
98,172,0.000216607
98,173,0.000203863
98,174,0.000187897
98,175,0.000194861
98,176,0.000139346
98,177,0.000145961
98,178,0.00016138
98,179,0.000358948
98,180,0.000192278
98,181,0.000132637
98,182,0.00046583
98,183,0.000167382
98,184,0.000171432
98,185,0.000526812
98,186,7.82418E-05
98,187,8.46918E-05
98,188,9.08574E-05
98,189,3.53828E-05
98,190,7.91755E-05
98,191,5.35022E-05
98,192,5.02624E-05
98,193,0.000112898
98,194,6.74095E-05
98,195,5.29171E-05
98,196,3.88322E-05
98,197,2.04117E-05
98,198,2.8956E-05
98,199,1.12352E-05
99,0,1.21432E-05
99,1,2.71509E-05
99,2,5.13644E-05
99,3,5.77432E-05
99,4,5.2966E-05
99,5,3.95036E-05
99,6,2.96199E-05
99,7,5.62315E-05
99,8,0.000287129
99,9,0.001857755
99,10,8.59655E-05
99,11,6.50583E-05
99,12,5.32053E-05
99,13,0.000101856
99,14,0.000132686
99,15,0.000210873
99,16,8.03081E-05
99,17,0.000118722
99,18,0.000121029
99,19,0.000102416
99,20,0.00010691
99,21,0.000150639
99,22,0.000174315
99,23,0.000181328
99,24,0.000197377
99,25,0.000569253
99,26,0.000513445
99,27,0.0003136
99,28,0.000180865
99,29,0.00028552
99,30,0.000277596
99,31,0.000215441
99,32,0.00088599
99,33,0.000433997
99,34,0.000342177
99,35,0.000461146
99,36,0.000663549
99,37,0.000372307
99,38,0.001548425
99,39,0.001663967
99,40,0.001851038
99,41,0.00196015
99,42,0.000539897
99,43,0.000963406
99,44,0.000564867
99,45,0.000776637
99,46,0.001080098
99,47,0.001693543
99,48,0.001183552
99,49,0.000625599
99,50,0.001120143
99,51,0.001072074
99,52,0.000914218
99,53,0.001106796
99,54,0.001116719
99,55,0.001496506
99,56,0.000676301
99,57,0.001214147
99,58,0.000884619
99,59,0.001283241
99,60,0.001323077
99,61,0.001428555
99,62,0.001889897
99,63,0.001854149
99,64,0.001273936
99,65,0.001622161
99,66,0.00162635
99,67,0.002108181
99,68,0.002292691
99,69,0.002881716
99,70,0.003896968
99,71,0.003019216
99,72,0.002944622
99,73,0.004856206
99,74,0.004620787
99,75,0.005939903
99,76,0.004309865
99,77,0.005595594
99,78,0.004886665
99,79,0.006370384
99,80,0.007842154
99,81,0.00921748
99,82,0.009381365
99,83,0.014119397
99,84,0.013914089
99,85,0.016322019
99,86,0.017206046
99,87,0.015967221
99,88,0.020602212
99,89,0.023380567
99,90,0.025646711
99,91,0.025965018
99,92,0.031820147
99,93,0.03081466
99,94,0.037566137
99,95,0.032983579
99,96,0.03592346
99,97,0.03723659
99,98,0.037922073
99,99,0.048416038
99,100,0.045972409
99,101,0.044839523
99,102,0.044121867
99,103,0.03691973
99,104,0.039225399
99,105,0.030961581
99,106,0.034845984
99,107,0.028478827
99,108,0.024458193
99,109,0.023037529
99,110,0.021803542
99,111,0.021161227
99,112,0.01703201
99,113,0.013915313
99,114,0.013653643
99,115,0.012076904
99,116,0.008981912
99,117,0.011105735
99,118,0.009276738
99,119,0.00589337
99,120,0.006413638
99,121,0.009313901
99,122,0.007630133
99,123,0.010326232
99,124,0.00735897
99,125,0.003683515
99,126,0.004631113
99,127,0.004378545
99,128,0.003323732
99,129,0.002507313
99,130,0.002844065
99,131,0.003339815
99,132,0.003284981
99,133,0.002669793
99,134,0.002386939
99,135,0.002033901
99,136,0.001390731
99,137,0.001681471
99,138,0.003453283
99,139,0.001301316
99,140,0.000946607
99,141,0.000765642
99,142,0.001069254
99,143,0.000649254
99,144,0.001510579
99,145,0.000947997
99,146,0.00275575
99,147,0.001081934
99,148,0.000581026
99,149,0.000487164
99,150,0.000558612
99,151,0.000495264
99,152,0.000451241
99,153,0.001450223
99,154,0.000585652
99,155,0.000433089
99,156,0.000609406
99,157,0.000429309
99,158,0.000854868
99,159,0.000557571
99,160,0.000971943
99,161,0.001533172
99,162,0.000340662
99,163,0.000552226
99,164,0.001071593
99,165,0.000323552
99,166,0.000261475
99,167,0.000249904
99,168,0.000899576
99,169,0.000267772
99,170,0.000379456
99,171,0.000271928
99,172,0.000202697
99,173,0.000411418
99,174,0.000170822
99,175,0.000165112
99,176,0.00024685
99,177,0.000206551
99,178,0.000186921
99,179,0.00016945
99,180,0.000113997
99,181,0.000148607
99,182,0.000125031
99,183,9.26228E-05
99,184,0.000297477
99,185,0.000677535
99,186,8.54761E-05
99,187,4.14314E-05
99,188,5.95802E-05
99,189,8.31471E-05
99,190,3.77055E-05
99,191,8.2956E-05
99,192,6.90562E-05
99,193,6.10745E-05
99,194,4.49866E-05
99,195,3.8692E-05
99,196,9.67811E-05
99,197,4.0215E-05
99,198,2.62952E-05
99,199,9.53022E-06
100,0,8.87592E-06
100,1,3.32851E-05
100,2,4.37213E-05
100,3,4.97585E-05
100,4,2.60337E-05
100,5,3.80252E-05
100,6,8.70194E-05
100,7,0.000278206
100,8,0.000573383
100,9,0.000381757
100,10,5.76131E-05
100,11,5.45835E-05
100,12,7.2793E-05
100,13,7.31068E-05
100,14,0.00016218
100,15,8.52818E-05
100,16,7.05992E-05
100,17,9.84239E-05
100,18,9.30293E-05
100,19,0.000103166
100,20,0.000123134
100,21,0.000218119
100,22,0.000238714
100,23,0.00023277
100,24,0.000648879
100,25,0.00021507
100,26,0.000718034
100,27,0.000190343
100,28,0.000227895
100,29,0.000244604
100,30,0.000837254
100,31,0.001323772
100,32,0.000248755
100,33,0.000227656
100,34,0.000451034
100,35,0.000652561
100,36,0.000746317
100,37,0.00148755
100,38,0.000749803
100,39,0.00208828
100,40,0.001534835
100,41,0.000416301
100,42,0.000778122
100,43,0.00067334
100,44,0.0004831
100,45,0.000661406
100,46,0.002146412
100,47,0.000721719
100,48,0.000694813
100,49,0.001163547
100,50,0.000792297
100,51,0.001755657
100,52,0.000539418
100,53,0.001389015
100,54,0.00076741
100,55,0.000703752
100,56,0.001893201
100,57,0.001798672
100,58,0.001658551
100,59,0.001778261
100,60,0.002176859
100,61,0.001619816
100,62,0.001387247
100,63,0.00176766
100,64,0.002418961
100,65,0.002150675
100,66,0.001684647
100,67,0.002053085
100,68,0.003159825
100,69,0.003758733
100,70,0.004140775
100,71,0.002513931
100,72,0.004559079
100,73,0.005386319
100,74,0.003746107
100,75,0.005180426
100,76,0.006962021
100,77,0.004849214
100,78,0.004512058
100,79,0.00536776
100,80,0.008381573
100,81,0.008960461
100,82,0.010802673
100,83,0.013951704
100,84,0.01284645
100,85,0.01538368
100,86,0.015542043
100,87,0.016638799
100,88,0.022945337
100,89,0.026585634
100,90,0.024078232
100,91,0.026546655
100,92,0.026499229
100,93,0.027189809
100,94,0.036919103
100,95,0.032471055
100,96,0.03402398
100,97,0.035687443
100,98,0.035104946
100,99,0.042318163
100,100,0.041252668
100,101,0.048525446
100,102,0.040588898
100,103,0.036482471
100,104,0.038556889
100,105,0.033581853
100,106,0.034080167
100,107,0.031325292
100,108,0.026562218
100,109,0.021530462
100,110,0.028238041
100,111,0.022183437
100,112,0.020826793
100,113,0.017946109
100,114,0.012047719
100,115,0.011224922
100,116,0.009971323
100,117,0.007619846
100,118,0.009453542
100,119,0.006738231
100,120,0.007376632
100,121,0.008782724
100,122,0.005919047
100,123,0.005258906
100,124,0.004239507
100,125,0.006124896
100,126,0.0038764
100,127,0.002756615
100,128,0.004609653
100,129,0.002892843
100,130,0.003319193
100,131,0.002653119
100,132,0.002342059
100,133,0.001706848
100,134,0.001893168
100,135,0.001505085
100,136,0.002579581
100,137,0.00161176
100,138,0.001074752
100,139,0.001336405
100,140,0.00174231
100,141,0.000990959
100,142,0.000754673
100,143,0.000654916
100,144,0.002480585
100,145,0.00107159
100,146,0.003481594
100,147,0.000658972
100,148,0.000727455
100,149,0.001034408
100,150,0.000496567
100,151,0.001001361
100,152,0.000457193
100,153,0.000503522
100,154,0.000479104
100,155,0.001127756
100,156,0.000686081
100,157,0.000330079
100,158,0.000406041
100,159,0.00053051
100,160,0.000345834
100,161,0.001398177
100,162,0.000729939
100,163,0.000251628
100,164,0.000308449
100,165,0.000248313
100,166,0.000395177
100,167,0.000279573
100,168,0.001585552
100,169,0.00054661
100,170,0.000471888
100,171,0.000553657
100,172,0.000219002
100,173,0.000187227
100,174,0.000264088
100,175,0.000310292
100,176,0.000126267
100,177,0.000158851
100,178,0.000164219
100,179,0.000202824
100,180,0.000152321
100,181,9.22959E-05
100,182,0.000118185
100,183,0.000642665
100,184,0.000150557
100,185,0.000120252
100,186,0.000158807
100,187,0.000116612
100,188,7.25046E-05
100,189,7.03768E-05
100,190,0.000118527
100,191,6.24394E-05
100,192,4.90684E-05
100,193,3.54754E-05
100,194,6.6417E-05
100,195,3.70834E-05
100,196,6.6981E-05
100,197,0.000350049
100,198,3.73692E-05
100,199,1.35504E-05
101,0,3.01007E-06
101,1,1.93422E-05
101,2,2.03338E-05
101,3,3.41055E-05
101,4,7.07783E-05
101,5,0.000100813
101,6,7.00355E-05
101,7,0.000394311
101,8,9.45918E-05
101,9,0.000430072
101,10,6.98643E-05
101,11,8.90763E-05
101,12,0.000487418
101,13,0.001341408
101,14,9.41743E-05
101,15,6.59938E-05
101,16,8.61673E-05
101,17,0.000125061
101,18,0.000785767
101,19,0.00042883
101,20,0.000220288
101,21,0.000209267
101,22,0.000279251
101,23,0.000290556
101,24,0.001487092
101,25,0.001019112
101,26,0.000217095
101,27,0.000200132
101,28,0.00030395
101,29,0.000213591
101,30,0.000427073
101,31,0.000475988
101,32,0.000336211
101,33,0.00072449
101,34,0.000409916
101,35,0.000433184
101,36,0.000387861
101,37,0.000478303
101,38,0.001947911
101,39,0.001415077
101,40,0.000998243
101,41,0.000481914
101,42,0.000950259
101,43,0.001244998
101,44,0.000467979
101,45,0.00146167
101,46,0.001118355
101,47,0.00128439
101,48,0.000921546
101,49,0.000859948
101,50,0.000601169
101,51,0.001063759
101,52,0.000394558
101,53,0.001186592
101,54,0.002510164
101,55,0.001196825
101,56,0.001927935
101,57,0.000848508
101,58,0.003461157
101,59,0.001477116
101,60,0.002158923
101,61,0.002244202
101,62,0.002058037
101,63,0.005086655
101,64,0.00302111
101,65,0.003180596
101,66,0.001909631
101,67,0.002296679
101,68,0.003881479
101,69,0.002036049
101,70,0.004705791
101,71,0.003407763
101,72,0.004783001
101,73,0.002690561
101,74,0.00471859
101,75,0.004762729
101,76,0.004252961
101,77,0.006304136
101,78,0.004773535
101,79,0.005811491
101,80,0.009939346
101,81,0.008612166
101,82,0.012248384
101,83,0.009314873
101,84,0.016458413
101,85,0.013306214
101,86,0.018752024
101,87,0.020248993
101,88,0.022532305
101,89,0.022798476
101,90,0.027713445
101,91,0.024336763
101,92,0.027951152
101,93,0.027394719
101,94,0.029440729
101,95,0.034193607
101,96,0.037794311
101,97,0.036951794
101,98,0.037801533
101,99,0.037866952
101,100,0.044568095
101,101,0.044899665
101,102,0.042411135
101,103,0.04113126
101,104,0.034164377
101,105,0.029383388
101,106,0.029168521
101,107,0.031478766
101,108,0.025756959
101,109,0.026843388
101,110,0.018906475
101,111,0.019558993
101,112,0.016555836
101,113,0.016884853
101,114,0.0147362
101,115,0.011106988
101,116,0.00864784
101,117,0.007237472
101,118,0.008928362
101,119,0.007882052
101,120,0.007370013
101,121,0.006000985
101,122,0.00683927
101,123,0.004794683
101,124,0.005241134
101,125,0.007407212
101,126,0.003815377
101,127,0.005327322
101,128,0.004819135
101,129,0.004039704
101,130,0.003704508
101,131,0.002819605
101,132,0.004783387
101,133,0.002646963
101,134,0.003158005
101,135,0.001382365
101,136,0.00177407
101,137,0.001952819
101,138,0.001146913
101,139,0.001210623
101,140,0.001225083
101,141,0.000844555
101,142,0.001261786
101,143,0.00099503
101,144,0.002265778
101,145,0.001834974
101,146,0.001665644
101,147,0.000626665
101,148,0.001017338
101,149,0.000716802
101,150,0.000569596
101,151,0.000420315
101,152,0.000430044
101,153,0.001213878
101,154,0.001877471
101,155,0.00036972
101,156,0.000392587
101,157,0.00037562
101,158,0.000309427
101,159,0.000403269
101,160,0.000446246
101,161,0.000359806
101,162,0.000970984
101,163,0.000459215
101,164,0.000546163
101,165,0.000247111
101,166,0.000291143
101,167,0.001065812
101,168,0.000416951
101,169,0.000399621
101,170,0.000251548
101,171,0.000307939
101,172,0.000211248
101,173,0.000175821
101,174,0.00019708
101,175,0.00033037
101,176,0.000174795
101,177,0.000100039
101,178,0.000125508
101,179,0.000126112
101,180,0.000152654
101,181,0.000156319
101,182,0.000142231
101,183,0.000288211
101,184,0.001582918
101,185,0.000234252
101,186,0.000102632
101,187,0.000126409
101,188,0.000101632
101,189,9.66067E-05
101,190,4.639E-05
101,191,5.81185E-05
101,192,5.01508E-05
101,193,5.58958E-05
101,194,6.82896E-05
101,195,3.89471E-05
101,196,1.37269E-05
101,197,5.55905E-05
101,198,3.41276E-05
101,199,2.04255E-05
102,0,4.18279E-06
102,1,2.77483E-05
102,2,2.93511E-05
102,3,5.02813E-05
102,4,6.58418E-05
102,5,5.97545E-05
102,6,8.19024E-05
102,7,8.46854E-05
102,8,8.94987E-05
102,9,0.000111001
102,10,0.000104815
102,11,8.66063E-05
102,12,0.00013896
102,13,0.000270409
102,14,9.77403E-05
102,15,0.000144867
102,16,0.00013564
102,17,0.000156836
102,18,8.9587E-05
102,19,0.000285763
102,20,0.000152401
102,21,0.001039836
102,22,0.000803968
102,23,0.000244347
102,24,0.000329232
102,25,0.000237862
102,26,0.00038004
102,27,0.000264851
102,28,0.00016761
102,29,0.000256235
102,30,0.00094273
102,31,0.000679
102,32,0.0003002
102,33,0.000587876
102,34,0.000752023
102,35,0.00036461
102,36,0.000499579
102,37,0.000515348
102,38,0.000695757
102,39,0.000782951
102,40,0.000843971
102,41,0.000869084
102,42,0.001939157
102,43,0.000917119
102,44,0.000379307
102,45,0.000842702
102,46,0.001112209
102,47,0.00080254
102,48,0.001040665
102,49,0.000492226
102,50,0.000864289
102,51,0.000458701
102,52,0.001279384
102,53,0.001853825
102,54,0.001349232
102,55,0.000757748
102,56,0.002078823
102,57,0.001137476
102,58,0.002333545
102,59,0.00179326
102,60,0.001160976
102,61,0.003587333
102,62,0.00262578
102,63,0.004515939
102,64,0.002502166
102,65,0.003171683
102,66,0.001830873
102,67,0.003031656
102,68,0.003252355
102,69,0.002618981
102,70,0.003342538
102,71,0.003899925
102,72,0.005587515
102,73,0.004016414
102,74,0.004687767
102,75,0.005114202
102,76,0.003497365
102,77,0.004741255
102,78,0.006616578
102,79,0.006027719
102,80,0.007116022
102,81,0.008272712
102,82,0.011372571
102,83,0.009131704
102,84,0.014828259
102,85,0.013985847
102,86,0.017763435
102,87,0.018273822
102,88,0.020660686
102,89,0.021232057
102,90,0.024089508
102,91,0.021868901
102,92,0.02913442
102,93,0.031503255
102,94,0.029276801
102,95,0.03253284
102,96,0.037090844
102,97,0.039086177
102,98,0.035997164
102,99,0.035957326
102,100,0.042133982
102,101,0.040205505
102,102,0.035640237
102,103,0.035102174
102,104,0.035977964
102,105,0.033816376
102,106,0.029330291
102,107,0.027814741
102,108,0.02738516
102,109,0.020440912
102,110,0.018875004
102,111,0.021485022
102,112,0.018156926
102,113,0.01487393
102,114,0.013001131
102,115,0.013850603
102,116,0.009532482
102,117,0.012091991
102,118,0.009361476
102,119,0.010730401
102,120,0.009177016
102,121,0.007200302
102,122,0.008116067
102,123,0.006791459
102,124,0.009324926
102,125,0.007707986
102,126,0.003909431
102,127,0.003811258
102,128,0.004304227
102,129,0.004509257
102,130,0.004428502
102,131,0.005198131
102,132,0.002613212
102,133,0.001947714
102,134,0.002281888
102,135,0.003208561
102,136,0.003205199
102,137,0.001829117
102,138,0.001065937
102,139,0.001204531
102,140,0.001241698
102,141,0.001137455
102,142,0.001305941
102,143,0.001487303
102,144,0.001567671
102,145,0.00200465
102,146,0.001638212
102,147,0.001328265
102,148,0.000552611
102,149,0.000523188
102,150,0.000602132
102,151,0.000528933
102,152,0.000958583
102,153,0.000772715
102,154,0.000759986
102,155,0.00043184
102,156,0.000461109
102,157,0.001250952
102,158,0.000365932
102,159,0.000322341
102,160,0.000601338
102,161,0.000374725
102,162,0.00035472
102,163,0.000550782
102,164,0.000973975
102,165,0.000440284
102,166,0.00102546
102,167,0.000404435
102,168,0.000249464
102,169,0.000218501
102,170,0.000396999
102,171,0.000464624
102,172,0.000610754
102,173,0.000241105
102,174,0.000153667
102,175,0.000397924
102,176,0.000334883
102,177,0.000160751
102,178,0.000106038
102,179,0.000133766
102,180,0.000559058
102,181,0.000157139
102,182,0.000144589
102,183,0.000131675
102,184,0.000127876
102,185,0.000106168
102,186,5.47494E-05
102,187,7.91315E-05
102,188,9.46367E-05
102,189,6.25741E-05
102,190,7.42394E-05
102,191,4.86063E-05
102,192,5.55836E-05
102,193,4.9876E-05
102,194,0.000536217
102,195,4.44494E-05
102,196,5.08945E-05
102,197,1.1453E-05
102,198,3.98239E-06
102,199,8.18164E-06
103,0,1.58409E-05
103,1,1.14505E-05
103,2,2.55118E-05
103,3,7.27596E-05
103,4,3.04642E-05
103,5,4.02903E-05
103,6,4.65879E-05
103,7,5.7193E-05
103,8,9.90363E-05
103,9,6.99512E-05
103,10,6.22514E-05
103,11,0.000124889
103,12,0.00038522
103,13,0.000155232
103,14,0.00010886
103,15,8.89539E-05
103,16,9.31866E-05
103,17,0.000141171
103,18,9.6827E-05
103,19,0.00017108
103,20,0.000357959
103,21,0.000390121
103,22,0.000221754
103,23,0.000274956
103,24,0.000155519
103,25,0.00017536
103,26,0.000241622
103,27,0.000232661
103,28,0.000275587
103,29,0.000222639
103,30,0.00067174
103,31,0.001350604
103,32,0.000476693
103,33,0.001378716
103,34,0.001224914
103,35,0.000332933
103,36,0.000325331
103,37,0.001549718
103,38,0.001544582
103,39,0.001286151
103,40,0.001687868
103,41,0.001504547
103,42,0.000945793
103,43,0.000727757
103,44,0.000537334
103,45,0.001220688
103,46,0.001713053
103,47,0.001482376
103,48,0.000670108
103,49,0.000929147
103,50,0.000446187
103,51,0.000554319
103,52,0.000917482
103,53,0.001106187
103,54,0.000860573
103,55,0.001002528
103,56,0.000821491
103,57,0.000911533
103,58,0.000918853
103,59,0.00093575
103,60,0.002292986
103,61,0.003585032
103,62,0.002039058
103,63,0.003555783
103,64,0.001520157
103,65,0.001973227
103,66,0.002719786
103,67,0.004117216
103,68,0.002104616
103,69,0.002589619
103,70,0.003499866
103,71,0.003648323
103,72,0.003349262
103,73,0.004078778
103,74,0.005408299
103,75,0.004218142
103,76,0.006776436
103,77,0.005325183
103,78,0.006514231
103,79,0.00656436
103,80,0.006706736
103,81,0.008240416
103,82,0.009978024
103,83,0.012028419
103,84,0.011855418
103,85,0.01379644
103,86,0.018848306
103,87,0.019695604
103,88,0.023014283
103,89,0.022982787
103,90,0.023285895
103,91,0.02610832
103,92,0.033705701
103,93,0.030776331
103,94,0.0326481
103,95,0.034464953
103,96,0.033347981
103,97,0.03775018
103,98,0.034640259
103,99,0.037723966
103,100,0.040394435
103,101,0.034328611
103,102,0.03692083
103,103,0.036385645
103,104,0.034602182
103,105,0.031250174
103,106,0.029324453
103,107,0.030004792
103,108,0.026733552
103,109,0.020431845
103,110,0.023144759
103,111,0.020647629
103,112,0.01854908
103,113,0.017272592
103,114,0.013516054
103,115,0.011393016
103,116,0.013584043
103,117,0.008250274
103,118,0.008385769
103,119,0.009132555
103,120,0.007358424
103,121,0.010104046
103,122,0.006635359
103,123,0.008870567
103,124,0.006022127
103,125,0.005960436
103,126,0.00506022
103,127,0.004250412
103,128,0.003172694
103,129,0.002950792
103,130,0.003497538
103,131,0.004512878
103,132,0.002564611
103,133,0.002672384
103,134,0.00211692
103,135,0.002222381
103,136,0.002729637
103,137,0.002712022
103,138,0.0014041
103,139,0.001421245
103,140,0.001682351
103,141,0.001036453
103,142,0.001948859
103,143,0.001398093
103,144,0.00158621
103,145,0.002044979
103,146,0.001087492
103,147,0.001808608
103,148,0.001812909
103,149,0.000673257
103,150,0.000669181
103,151,0.00166345
103,152,0.000683568
103,153,0.000657786
103,154,0.000418214
103,155,0.000583215
103,156,0.001396661
103,157,0.000525296
103,158,0.000368379
103,159,0.000504625
103,160,0.00041877
103,161,0.000650155
103,162,0.000397854
103,163,0.000375011
103,164,0.001401859
103,165,0.000588586
103,166,0.000610684
103,167,0.000673308
103,168,0.001508267
103,169,0.000447546
103,170,0.000891892
103,171,0.000583441
103,172,0.000195966
103,173,0.0002289
103,174,0.000241069
103,175,0.000399342
103,176,0.000379566
103,177,0.000139643
103,178,0.000152588
103,179,6.27603E-05
103,180,9.03666E-05
103,181,7.80935E-05
103,182,0.000170797
103,183,0.000170356
103,184,0.000137068
103,185,0.000125655
103,186,9.66553E-05
103,187,6.95739E-05
103,188,9.70747E-05
103,189,8.30402E-05
103,190,5.99498E-05
103,191,7.72045E-05
103,192,5.69243E-05
103,193,5.50069E-05
103,194,4.48109E-05
103,195,6.36949E-05
103,196,6.61079E-05
103,197,1.0877E-05
103,198,6.76288E-06
103,199,1.60541E-07
104,0,7.33284E-06
104,1,1.11499E-05
104,2,3.05508E-05
104,3,5.59183E-05
104,4,6.42093E-05
104,5,7.7439E-05
104,6,8.50559E-05
104,7,8.83058E-05
104,8,5.73351E-05
104,9,5.32262E-05
104,10,0.000117652
104,11,0.000145283
104,12,9.20567E-05
104,13,0.000100751
104,14,0.000116982
104,15,9.91113E-05
104,16,9.45518E-05
104,17,0.0001598
104,18,0.000716291
104,19,0.000116665
104,20,0.000162313
104,21,0.000155776
104,22,0.000212729
104,23,0.000330585
104,24,0.000305354
104,25,0.000276149
104,26,0.000263835
104,27,0.000278973
104,28,0.000222654
104,29,0.000180774
104,30,0.000604514
104,31,0.000894821
104,32,0.00033116
104,33,0.000575666
104,34,0.000317597
104,35,0.00053893
104,36,0.000467551
104,37,0.001052885
104,38,0.001192264
104,39,0.001552988
104,40,0.000435431
104,41,0.000518693
104,42,0.002089493
104,43,0.001871821
104,44,0.000698809
104,45,0.000771782
104,46,0.000777656
104,47,0.000790705
104,48,0.000635764
104,49,0.000682207
104,50,0.000548876
104,51,0.000580149
104,52,0.000629012
104,53,0.000669159
104,54,0.00074413
104,55,0.000931656
104,56,0.000879751
104,57,0.001992625
104,58,0.000982968
104,59,0.000985424
104,60,0.002679233
104,61,0.002161619
104,62,0.002936094
104,63,0.003448035
104,64,0.002522699
104,65,0.002533185
104,66,0.003928935
104,67,0.002685774
104,68,0.002184869
104,69,0.002502927
104,70,0.003380327
104,71,0.003324652
104,72,0.004038071
104,73,0.004098895
104,74,0.004053692
104,75,0.005496676
104,76,0.006813651
104,77,0.005481507
104,78,0.007531801
104,79,0.007303168
104,80,0.007240192
104,81,0.009486464
104,82,0.010274169
104,83,0.009554171
104,84,0.013799389
104,85,0.015436998
104,86,0.017084545
104,87,0.020055202
104,88,0.018746443
104,89,0.018998283
104,90,0.023962266
104,91,0.027663354
104,92,0.02953134
104,93,0.030607838
104,94,0.027476115
104,95,0.035630613
104,96,0.036315332
104,97,0.038216142
104,98,0.039321927
104,99,0.035924096
104,100,0.036987498
104,101,0.035383739
104,102,0.034086478
104,103,0.036470436
104,104,0.030579417
104,105,0.031677531
104,106,0.028552733
104,107,0.028271403
104,108,0.024298079
104,109,0.022015749
104,110,0.019206249
104,111,0.017708742
104,112,0.017068922
104,113,0.016913928
104,114,0.015526935
104,115,0.012934739
104,116,0.009534383
104,117,0.009281672
104,118,0.006978057
104,119,0.008108334
104,120,0.009298586
104,121,0.008408035
104,122,0.005333992
104,123,0.005202683
104,124,0.004991753
104,125,0.005381664
104,126,0.004493319
104,127,0.005783934
104,128,0.003508459
104,129,0.003192664
104,130,0.00611232
104,131,0.004787399
104,132,0.00257965
104,133,0.003101219
104,134,0.00223219
104,135,0.001659024
104,136,0.002558039
104,137,0.003175985
104,138,0.004199179
104,139,0.001459116
104,140,0.00149054
104,141,0.001529039
104,142,0.000980862
104,143,0.002808258
104,144,0.002189491
104,145,0.000712204
104,146,0.000793039
104,147,0.000894366
104,148,0.002111181
104,149,0.001333681
104,150,0.002678559
104,151,0.00115106
104,152,0.000464141
104,153,0.001199792
104,154,0.000840797
104,155,0.000484034
104,156,0.000790092
104,157,0.002513676
104,158,0.000707173
104,159,0.000307362
104,160,0.000270073
104,161,0.00032997
104,162,0.000376825
104,163,0.000293912
104,164,0.000339472
104,165,0.000916615
104,166,0.000538909
104,167,0.000439735
104,168,0.000572172
104,169,0.000630926
104,170,0.000708
104,171,0.00017354
104,172,0.000174305
104,173,0.000278548
104,174,0.00075065
104,175,0.000853318
104,176,0.000188438
104,177,0.000119007
104,178,0.000349984
104,179,0.000162292
104,180,0.000130523
104,181,0.000114873
104,182,0.000103087
104,183,0.000128206
104,184,0.000137597
104,185,0.000148401
104,186,0.00013736
104,187,0.000117161
104,188,7.00417E-05
104,189,0.000125329
104,190,0.000127623
104,191,7.46556E-05
104,192,6.82439E-05
104,193,6.41276E-05
104,194,6.13814E-05
104,195,3.30109E-05
104,196,4.57956E-05
104,197,1.6667E-05
104,198,1.08432E-05
104,199,3.53268E-06
105,0,4.7321E-06
105,1,1.01614E-05
105,2,3.49255E-05
105,3,4.51634E-05
105,4,6.161E-05
105,5,7.81348E-05
105,6,5.37817E-05
105,7,4.44921E-05
105,8,6.81405E-05
105,9,0.000132596
105,10,9.39158E-05
105,11,6.73097E-05
105,12,8.18534E-05
105,13,8.83227E-05
105,14,8.82868E-05
105,15,9.70509E-05
105,16,0.000221451
105,17,0.000450191
105,18,0.000355472
105,19,0.000204327
105,20,0.000317989
105,21,0.000204183
105,22,0.000206538
105,23,0.000190678
105,24,0.000555491
105,25,0.000248755
105,26,0.000252459
105,27,0.000200531
105,28,0.000363977
105,29,0.000185029
105,30,0.000553878
105,31,0.000652203
105,32,0.000460632
105,33,0.0008813
105,34,0.000694076
105,35,0.000430115
105,36,0.000519666
105,37,0.000936414
105,38,0.000919001
105,39,0.003172003
105,40,0.002176108
105,41,0.000894551
105,42,0.001313958
105,43,0.000936224
105,44,0.000643563
105,45,0.000510246
105,46,0.000941715
105,47,0.000703089
105,48,0.001751642
105,49,0.000609055
105,50,0.000960353
105,51,0.000626678
105,52,0.000889361
105,53,0.000571485
105,54,0.000772539
105,55,0.0009237
105,56,0.001276974
105,57,0.000816764
105,58,0.001631636
105,59,0.001142077
105,60,0.002585115
105,61,0.002142794
105,62,0.002474951
105,63,0.003379876
105,64,0.001651103
105,65,0.001621933
105,66,0.003067007
105,67,0.002393112
105,68,0.003356744
105,69,0.00408776
105,70,0.004287875
105,71,0.003311807
105,72,0.003277085
105,73,0.003371344
105,74,0.003660494
105,75,0.005690841
105,76,0.008045828
105,77,0.006035668
105,78,0.007109457
105,79,0.008802541
105,80,0.007298851
105,81,0.007513025
105,82,0.008556681
105,83,0.010173632
105,84,0.014027132
105,85,0.014748311
105,86,0.016893005
105,87,0.018250518
105,88,0.020837797
105,89,0.022413326
105,90,0.022406326
105,91,0.02443593
105,92,0.023668897
105,93,0.029301814
105,94,0.033867489
105,95,0.033246949
105,96,0.037552724
105,97,0.036591519
105,98,0.046891505
105,99,0.04380896
105,100,0.040308016
105,101,0.036832316
105,102,0.034136115
105,103,0.0312203
105,104,0.030250686
105,105,0.026947134
105,106,0.02478796
105,107,0.028131285
105,108,0.027423492
105,109,0.025203602
105,110,0.021531324
105,111,0.016969046
105,112,0.019086028
105,113,0.021080153
105,114,0.015520298
105,115,0.014375626
105,116,0.012704324
105,117,0.014538058
105,118,0.007558212
105,119,0.009499972
105,120,0.010231086
105,121,0.008307272
105,122,0.007091313
105,123,0.005249998
105,124,0.00627928
105,125,0.004991721
105,126,0.006106808
105,127,0.004346615
105,128,0.003806521
105,129,0.004676807
105,130,0.004822057
105,131,0.004833195
105,132,0.003124069
105,133,0.002123172
105,134,0.002399866
105,135,0.001830042
105,136,0.001309668
105,137,0.003563204
105,138,0.001812317
105,139,0.002410413
105,140,0.001885471
105,141,0.003428969
105,142,0.002333252
105,143,0.002478232
105,144,0.002038113
105,145,0.00156463
105,146,0.000909808
105,147,0.001655893
105,148,0.001535375
105,149,0.000756075
105,150,0.00361444
105,151,0.00082523
105,152,0.00046018
105,153,0.000835219
105,154,0.000495782
105,155,0.001119229
105,156,0.000549133
105,157,0.002059727
105,158,0.001393415
105,159,0.000308973
105,160,0.000310256
105,161,0.0008644
105,162,0.000374703
105,163,0.000383568
105,164,0.000242599
105,165,0.000958412
105,166,0.00094459
105,167,0.000248107
105,168,0.000733388
105,169,0.00017768
105,170,0.000973707
105,171,0.000249694
105,172,0.000230274
105,173,0.000270891
105,174,0.000244195
105,175,0.00061163
105,176,0.000216349
105,177,0.000312472
105,178,0.000168664
105,179,0.00020571
105,180,0.000165062
105,181,0.000167245
105,182,0.000116372
105,183,0.0001211
105,184,0.000112181
105,185,0.000105823
105,186,0.000128001
105,187,0.00013045
105,188,0.000116829
105,189,7.24255E-05
105,190,8.72404E-05
105,191,9.64308E-05
105,192,5.91693E-05
105,193,5.49002E-05
105,194,6.15521E-05
105,195,8.48962E-05
105,196,4.87766E-05
105,197,2.68728E-05
105,198,8.34784E-06
105,199,7.61241E-08
106,0,8.57499E-07
106,1,1.97715E-05
106,2,5.44255E-05
106,3,5.43725E-05
106,4,7.33198E-05
106,5,6.11028E-05
106,6,0.000151176
106,7,8.00114E-05
106,8,0.000122254
106,9,8.50594E-05
106,10,9.97907E-05
106,11,8.17956E-05
106,12,9.80182E-05
106,13,6.89033E-05
106,14,0.000159168
106,15,0.000154048
106,16,0.000145105
106,17,0.000468689
106,18,0.000231821
106,19,0.000290628
106,20,0.000615703
106,21,0.000597982
106,22,0.000627049
106,23,0.000223383
106,24,0.000246155
106,25,0.000921749
106,26,0.000233435
106,27,0.000159544
106,28,0.000246983
106,29,0.000568178
106,30,0.00153304
106,31,0.000589755
106,32,0.000910769
106,33,0.000375652
106,34,0.000330119
106,35,0.000479612
106,36,0.000512172
106,37,0.001463122
106,38,0.001635535
106,39,0.001374849
106,40,0.000930355
106,41,0.001167177
106,42,0.000542214
106,43,0.00079974
106,44,0.000576231
106,45,0.000607458
106,46,0.001063903
106,47,0.001370989
106,48,0.000427683
106,49,0.000963206
106,50,0.001080545
106,51,0.001595629
106,52,0.001185341
106,53,0.000631555
106,54,0.001024195
106,55,0.001418847
106,56,0.003140586
106,57,0.003672138
106,58,0.00186928
106,59,0.002511484
106,60,0.00162404
106,61,0.001193226
106,62,0.002800417
106,63,0.002296532
106,64,0.00184338
106,65,0.002033622
106,66,0.001895087
106,67,0.002563914
106,68,0.005776652
106,69,0.00351018
106,70,0.004207986
106,71,0.005927483
106,72,0.004870895
106,73,0.003910139
106,74,0.004149392
106,75,0.006126067
106,76,0.007037743
106,77,0.007262188
106,78,0.007709031
106,79,0.008348106
106,80,0.007685859
106,81,0.007877293
106,82,0.008936161
106,83,0.010562996
106,84,0.012722228
106,85,0.016535378
106,86,0.01629894
106,87,0.016773432
106,88,0.019459855
106,89,0.021858089
106,90,0.019946654
106,91,0.02514683
106,92,0.02727502
106,93,0.035014758
106,94,0.02798457
106,95,0.037654229
106,96,0.031820959
106,97,0.030920287
106,98,0.039562778
106,99,0.038521827
106,100,0.033805838
106,101,0.039182884
106,102,0.036015923
106,103,0.035580364
106,104,0.030342251
106,105,0.027444664
106,106,0.02809812
106,107,0.023217505
106,108,0.027427008
106,109,0.028320844
106,110,0.021374395
106,111,0.019592358
106,112,0.020627279
106,113,0.017519122
106,114,0.013394981
106,115,0.018739065
106,116,0.013017136
106,117,0.010523438
106,118,0.010248786
106,119,0.009086796
106,120,0.008053643
106,121,0.008656353
106,122,0.006221207
106,123,0.005823395
106,124,0.005896808
106,125,0.005855367
106,126,0.004414333
106,127,0.00295297
106,128,0.004615814
106,129,0.003943318
106,130,0.002962302
106,131,0.004387138
106,132,0.003850039
106,133,0.003398656
106,134,0.001604695
106,135,0.002054622
106,136,0.002440747
106,137,0.004525281
106,138,0.002710243
106,139,0.002150902
106,140,0.001535751
106,141,0.001115122
106,142,0.001513817
106,143,0.001683524
106,144,0.003516763
106,145,0.001128789
106,146,0.000810284
106,147,0.002706388
106,148,0.002130533
106,149,0.001204776
106,150,0.001338573
106,151,0.001075849
106,152,0.000960873
106,153,0.000674639
106,154,0.001520826
106,155,0.000537258
106,156,0.000766373
106,157,0.000749779
106,158,0.000976288
106,159,0.000457951
106,160,0.000615127
106,161,0.000551876
106,162,0.001053443
106,163,0.000612722
106,164,0.0003873
106,165,0.000468168
106,166,0.001225594
106,167,0.000322153
106,168,0.000194976
106,169,0.000383605
106,170,0.000225261
106,171,0.000265718
106,172,0.000301117
106,173,0.000964357
106,174,0.001354836
106,175,0.000310629
106,176,0.001562561
106,177,0.001157484
106,178,0.000648554
106,179,0.000188812
106,180,0.00015775
106,181,0.000118816
106,182,0.000139809
106,183,0.000105919
106,184,8.91619E-05
106,185,0.000136232
106,186,0.000110886
106,187,0.000104454
106,188,0.000113184
106,189,0.000103722
106,190,8.30923E-05
106,191,7.88826E-05
106,192,8.92878E-05
106,193,5.57547E-05
106,194,4.21046E-05
106,195,5.06009E-05
106,196,2.85222E-05
106,197,6.55723E-05
106,198,2.39535E-05
106,199,1.69297E-07
107,0,1.2569E-05
107,1,3.11122E-05
107,2,4.25882E-05
107,3,8.60848E-05
107,4,9.27229E-05
107,5,3.02927E-05
107,6,0.000126798
107,7,8.48872E-05
107,8,7.21758E-05
107,9,8.9768E-05
107,10,7.16897E-05
107,11,8.9006E-05
107,12,4.86679E-05
107,13,0.000101981
107,14,0.000174739
107,15,0.000447914
107,16,0.000722611
107,17,0.000195544
107,18,0.000186171
107,19,0.000209683
107,20,0.000416026
107,21,0.000353101
107,22,0.000628654
107,23,0.000224828
107,24,0.000187275
107,25,0.000366829
107,26,0.00017977
107,27,0.000217843
107,28,0.000208339
107,29,0.000260774
107,30,0.000271387
107,31,0.000510437
107,32,0.000657704
107,33,0.000874051
107,34,0.000387691
107,35,0.000289577
107,36,0.000545931
107,37,0.001991298
107,38,0.000854602
107,39,0.00049531
107,40,0.000621744
107,41,0.00119518
107,42,0.000801474
107,43,0.001156746
107,44,0.000657243
107,45,0.000452283
107,46,0.000597453
107,47,0.000903502
107,48,0.000444388
107,49,0.000642722
107,50,0.00079211
107,51,0.001777153
107,52,0.000974495
107,53,0.000742242
107,54,0.001308468
107,55,0.003090497
107,56,0.002833538
107,57,0.001956526
107,58,0.002820811
107,59,0.002935605
107,60,0.002945013
107,61,0.001652295
107,62,0.001883203
107,63,0.003856283
107,64,0.002149028
107,65,0.002764421
107,66,0.002268797
107,67,0.002481152
107,68,0.005011126
107,69,0.005712065
107,70,0.006718971
107,71,0.005390079
107,72,0.005373455
107,73,0.006102618
107,74,0.00456723
107,75,0.005966745
107,76,0.006266573
107,77,0.005890328
107,78,0.005651482
107,79,0.007077684
107,80,0.008192534
107,81,0.008839736
107,82,0.007979605
107,83,0.009623323
107,84,0.010934774
107,85,0.012185629
107,86,0.016107909
107,87,0.016938864
107,88,0.02072032
107,89,0.020379215
107,90,0.021954004
107,91,0.024900421
107,92,0.028596079
107,93,0.032940155
107,94,0.030900435
107,95,0.031930021
107,96,0.034065253
107,97,0.034403443
107,98,0.040991746
107,99,0.0381228
107,100,0.038545419
107,101,0.045396553
107,102,0.038751091
107,103,0.037569323
107,104,0.031093302
107,105,0.029488895
107,106,0.029666554
107,107,0.028197974
107,108,0.02678778
107,109,0.025312134
107,110,0.020912039
107,111,0.020090819
107,112,0.015558266
107,113,0.017882859
107,114,0.01498351
107,115,0.012898277
107,116,0.011861576
107,117,0.010590137
107,118,0.010708784
107,119,0.010233296
107,120,0.013317027
107,121,0.009181315
107,122,0.006112802
107,123,0.007266286
107,124,0.006455686
107,125,0.004819078
107,126,0.00550012
107,127,0.003145687
107,128,0.003806392
107,129,0.004535756
107,130,0.003250482
107,131,0.005507287
107,132,0.003804823
107,133,0.002335142
107,134,0.003305826
107,135,0.003043831
107,136,0.004689383
107,137,0.00264035
107,138,0.001894776
107,139,0.001460281
107,140,0.00252261
107,141,0.00166405
107,142,0.002363857
107,143,0.002090569
107,144,0.001931111
107,145,0.000896802
107,146,0.001187991
107,147,0.001560088
107,148,0.001530012
107,149,0.002705186
107,150,0.000775123
107,151,0.001220518
107,152,0.001499364
107,153,0.000991164
107,154,0.001048587
107,155,0.00114995
107,156,0.000511228
107,157,0.000932221
107,158,0.001314659
107,159,0.000637672
107,160,0.000397085
107,161,0.000406826
107,162,0.000965354
107,163,0.000863813
107,164,0.000598463
107,165,0.00114461
107,166,0.001477444
107,167,0.00035669
107,168,0.000410735
107,169,0.0002167
107,170,0.000250667
107,171,0.000358774
107,172,0.000285926
107,173,0.000238253
107,174,0.000212527
107,175,0.000315352
107,176,0.000964009
107,177,0.000271972
107,178,0.000186569
107,179,0.000169726
107,180,0.000207449
107,181,0.000150732
107,182,0.000121741
107,183,0.000160752
107,184,9.36543E-05
107,185,5.7258E-05
107,186,0.000980933
107,187,0.00015554
107,188,0.000100487
107,189,9.12237E-05
107,190,8.1224E-05
107,191,8.69931E-05
107,192,9.44257E-05
107,193,8.52576E-05
107,194,7.6098E-05
107,195,4.4628E-05
107,196,4.44407E-05
107,197,2.05321E-05
107,198,1.35837E-05
107,199,8.927E-06
108,0,2.44687E-05
108,1,6.86503E-05
108,2,4.82754E-05
108,3,5.17043E-05
108,4,5.06619E-05
108,5,8.1244E-05
108,6,0.001231093
108,7,7.07904E-05
108,8,9.1362E-05
108,9,0.000120148
108,10,8.01011E-05
108,11,7.70888E-05
108,12,0.000103588
108,13,0.000213413
108,14,0.000116854
108,15,0.000183779
108,16,0.00011545
108,17,0.000106712
108,18,0.00018941
108,19,0.000150255
108,20,0.000450641
108,21,0.000601502
108,22,0.000316567
108,23,0.000223269
108,24,0.000193173
108,25,0.000860311
108,26,0.000264044
108,27,0.000186532
108,28,0.000237056
108,29,0.000270234
108,30,0.000272408
108,31,0.000281927
108,32,0.000242443
108,33,0.00033522
108,34,0.000595359
108,35,0.000258587
108,36,0.000845776
108,37,0.001197381
108,38,0.001022272
108,39,0.000923544
108,40,0.000923244
108,41,0.000955379
108,42,0.001172202
108,43,0.000836522
108,44,0.000432232
108,45,0.000539367
108,46,0.00043178
108,47,0.001058999
108,48,0.001471415
108,49,0.000621457
108,50,0.001112054
108,51,0.001198496
108,52,0.001122797
108,53,0.001069346
108,54,0.000966832
108,55,0.002072354
108,56,0.001365282
108,57,0.003132135
108,58,0.001328033
108,59,0.002751469
108,60,0.003692111
108,61,0.003159359
108,62,0.002579956
108,63,0.003370531
108,64,0.00377802
108,65,0.002208928
108,66,0.002502127
108,67,0.004153855
108,68,0.003031144
108,69,0.003710369
108,70,0.005393626
108,71,0.004168665
108,72,0.00560662
108,73,0.006605971
108,74,0.005468977
108,75,0.004917334
108,76,0.007155311
108,77,0.005132851
108,78,0.006549897
108,79,0.006380935
108,80,0.009614677
108,81,0.009798401
108,82,0.009948193
108,83,0.009398695
108,84,0.012275181
108,85,0.016085796
108,86,0.017614515
108,87,0.01935558
108,88,0.020320431
108,89,0.021136661
108,90,0.022486445
108,91,0.022052948
108,92,0.026498455
108,93,0.026933931
108,94,0.028436973
108,95,0.038060115
108,96,0.037660571
108,97,0.039438485
108,98,0.039097547
108,99,0.041334001
108,100,0.038902398
108,101,0.034783789
108,102,0.036786744
108,103,0.034524393
108,104,0.036536524
108,105,0.031789906
108,106,0.033212717
108,107,0.029755833
108,108,0.024312203
108,109,0.02387907
108,110,0.020936544
108,111,0.018926878
108,112,0.01842827
108,113,0.020614964
108,114,0.015163184
108,115,0.014348039
108,116,0.010710353
108,117,0.009203053
108,118,0.007800107
108,119,0.008831003
108,120,0.009377022
108,121,0.009545815
108,122,0.006306717
108,123,0.004567175
108,124,0.006110208
108,125,0.005108001
108,126,0.003925965
108,127,0.003793904
108,128,0.003577232
108,129,0.00283651
108,130,0.00413048
108,131,0.003115013
108,132,0.002437807
108,133,0.004033524
108,134,0.00454252
108,135,0.002260128
108,136,0.002871809
108,137,0.002696124
108,138,0.003119552
108,139,0.001427209
108,140,0.003068467
108,141,0.002269679
108,142,0.002092793
108,143,0.002088566
108,144,0.002460855
108,145,0.001723577
108,146,0.000834679
108,147,0.000740978
108,148,0.001414748
108,149,0.001054628
108,150,0.000683206
108,151,0.000570753
108,152,0.000593821
108,153,0.001801094
108,154,0.000474029
108,155,0.002194219
108,156,0.001437369
108,157,0.001502371
108,158,0.000796432
108,159,0.001219063
108,160,0.001798332
108,161,0.000756815
108,162,0.000517497
108,163,0.000332198
108,164,0.0004279
108,165,0.000765577
108,166,0.000389686
108,167,0.00123309
108,168,0.000639402
108,169,0.000205215
108,170,0.0001891
108,171,0.00105686
108,172,0.000891169
108,173,0.000161449
108,174,0.000191032
108,175,0.000217793
108,176,0.001032296
108,177,0.000275642
108,178,0.000246237
108,179,0.000165674
108,180,0.00015111
108,181,0.000168258
108,182,0.000123598
108,183,0.000120602
108,184,0.000192072
108,185,0.000231662
108,186,0.000400098
108,187,0.000109385
108,188,7.70574E-05
108,189,7.10607E-05
108,190,9.24878E-05
108,191,7.91233E-05
108,192,9.60299E-05
108,193,9.58753E-05
108,194,0.001211267
108,195,7.38399E-05
108,196,5.46044E-05
108,197,1.88822E-05
108,198,2.04509E-05
108,199,4.4355E-06
109,0,9.14487E-06
109,1,5.41746E-05
109,2,8.99038E-05
109,3,7.55015E-05
109,4,6.70472E-05
109,5,5.11839E-05
109,6,9.59885E-05
109,7,0.000108001
109,8,0.000116073
109,9,0.000100907
109,10,8.61734E-05
109,11,0.000245335
109,12,0.000730267
109,13,0.000140752
109,14,0.00011315
109,15,0.000118277
109,16,0.000140723
109,17,0.000132561
109,18,0.000212489
109,19,0.000205751
109,20,0.000283188
109,21,0.00042974
109,22,0.000194802
109,23,0.000219471
109,24,0.000197072
109,25,0.000215643
109,26,0.000334318
109,27,0.000363596
109,28,0.000303019
109,29,0.000287598
109,30,0.000300031
109,31,0.000362
109,32,0.000574686
109,33,0.000390057
109,34,0.000478344
109,35,0.001000085
109,36,0.001656777
109,37,0.000313285
109,38,0.000722623
109,39,0.000777715
109,40,0.00097737
109,41,0.000958505
109,42,0.00086049
109,43,0.00061549
109,44,0.000670474
109,45,0.000504258
109,46,0.000445297
109,47,0.001333899
109,48,0.000585159
109,49,0.001072281
109,50,0.000948877
109,51,0.00116698
109,52,0.001553626
109,53,0.002122197
109,54,0.002094497
109,55,0.001136318
109,56,0.000871986
109,57,0.001673506
109,58,0.001857489
109,59,0.00127889
109,60,0.002686179
109,61,0.002353471
109,62,0.003042258
109,63,0.001909009
109,64,0.001995698
109,65,0.001933468
109,66,0.006667003
109,67,0.003728604
109,68,0.002679329
109,69,0.00322524
109,70,0.004375038
109,71,0.004617076
109,72,0.007188747
109,73,0.005656459
109,74,0.007003356
109,75,0.007524987
109,76,0.006684392
109,77,0.00535528
109,78,0.006178622
109,79,0.008146714
109,80,0.010731741
109,81,0.010840024
109,82,0.010840257
109,83,0.011806647
109,84,0.013229209
109,85,0.015461922
109,86,0.016964643
109,87,0.020155756
109,88,0.019238507
109,89,0.021053238
109,90,0.021632139
109,91,0.021303243
109,92,0.027015757
109,93,0.027416756
109,94,0.032471007
109,95,0.031520925
109,96,0.032703566
109,97,0.040714522
109,98,0.030446103
109,99,0.037283293
109,100,0.038653402
109,101,0.035812265
109,102,0.03360293
109,103,0.034025133
109,104,0.032995277
109,105,0.033539259
109,106,0.029954311
109,107,0.028492855
109,108,0.02626786
109,109,0.023411255
109,110,0.024410692
109,111,0.021116825
109,112,0.021149943
109,113,0.016940056
109,114,0.01592042
109,115,0.015704662
109,116,0.012542638
109,117,0.01004793
109,118,0.011519866
109,119,0.012989199
109,120,0.00955222
109,121,0.006016836
109,122,0.005647955
109,123,0.0076069
109,124,0.006553175
109,125,0.003622698
109,126,0.00444006
109,127,0.003478963
109,128,0.005197318
109,129,0.003527365
109,130,0.00225311
109,131,0.003535916
109,132,0.002192845
109,133,0.004088159
109,134,0.0034925
109,135,0.00345081
109,136,0.001794396
109,137,0.002664751
109,138,0.003247137
109,139,0.001973708
109,140,0.002676886
109,141,0.001884316
109,142,0.002265341
109,143,0.002593869
109,144,0.001206501
109,145,0.001488066
109,146,0.000905834
109,147,0.000855353
109,148,0.001189009
109,149,0.000845954
109,150,0.00212022
109,151,0.001569838
109,152,0.000656377
109,153,0.00059333
109,154,0.000838946
109,155,0.001502926
109,156,0.000896326
109,157,0.001828614
109,158,0.001520253
109,159,0.001219487
109,160,0.001081884
109,161,0.000843908
109,162,0.000834387
109,163,0.000305923
109,164,0.000668704
109,165,0.001450092
109,166,0.000714314
109,167,0.000748949
109,168,0.00068968
109,169,0.000306463
109,170,0.000210125
109,171,0.000389925
109,172,0.000856057
109,173,0.000252785
109,174,0.000225912
109,175,0.000239845
109,176,0.000365354
109,177,0.000976904
109,178,0.000194604
109,179,0.000447568
109,180,0.000168949
109,181,0.000152976
109,182,0.000766834
109,183,0.000207219
109,184,0.000698438
109,185,0.000139781
109,186,0.000130226
109,187,0.000120053
109,188,0.000124744
109,189,0.000106924
109,190,0.000112943
109,191,8.14281E-05
109,192,5.49397E-05
109,193,8.38378E-05
109,194,9.4324E-05
109,195,5.64627E-05
109,196,7.53057E-05
109,197,5.54749E-05
109,198,8.69371E-06
109,199,4.25215E-06
110,0,5.02457E-06
110,1,1.49664E-05
110,2,2.83052E-05
110,3,3.94526E-05
110,4,5.62178E-05
110,5,0.000152856
110,6,0.00010278
110,7,0.000134634
110,8,0.000193449
110,9,3.2349E-05
110,10,5.24706E-05
110,11,0.000202282
110,12,0.001463326
110,13,0.000215942
110,14,0.00011213
110,15,0.000114479
110,16,0.000160617
110,17,0.000153833
110,18,0.000184158
110,19,0.000148414
110,20,0.00014335
110,21,0.000321667
110,22,0.000279662
110,23,0.000203237
110,24,0.000177531
110,25,0.000262064
110,26,0.000252103
110,27,0.000263421
110,28,0.000281152
110,29,0.001272177
110,30,0.00024559
110,31,0.000283276
110,32,0.001511507
110,33,0.000816067
110,34,0.001230072
110,35,0.001692523
110,36,0.000310472
110,37,0.00032008
110,38,0.000539542
110,39,0.000968885
110,40,0.001984968
110,41,0.000779962
110,42,0.000383407
110,43,0.000485782
110,44,0.001530088
110,45,0.001504639
110,46,0.000451616
110,47,0.000780406
110,48,0.00109734
110,49,0.000649127
110,50,0.001779754
110,51,0.002429609
110,52,0.002145555
110,53,0.001811085
110,54,0.003143625
110,55,0.00210999
110,56,0.001294817
110,57,0.001934144
110,58,0.003120961
110,59,0.00175899
110,60,0.001843243
110,61,0.001510944
110,62,0.002032684
110,63,0.001874287
110,64,0.00217923
110,65,0.003028014
110,66,0.003905358
110,67,0.004279983
110,68,0.002530762
110,69,0.005043138
110,70,0.004077375
110,71,0.002706688
110,72,0.004247361
110,73,0.005874669
110,74,0.006784722
110,75,0.009589415
110,76,0.008434522
110,77,0.006780963
110,78,0.007255683
110,79,0.008189093
110,80,0.010301295
110,81,0.009594261
110,82,0.011316505
110,83,0.012778905
110,84,0.015769843
110,85,0.013954808
110,86,0.01590421
110,87,0.019228023
110,88,0.016582528
110,89,0.018801106
110,90,0.023289575
110,91,0.02529204
110,92,0.024366931
110,93,0.028107856
110,94,0.027877558
110,95,0.031445252
110,96,0.032398192
110,97,0.032840551
110,98,0.034589466
110,99,0.031302105
110,100,0.035763636
110,101,0.036531023
110,102,0.032454881
110,103,0.031498298
110,104,0.029584926
110,105,0.029584812
110,106,0.028244448
110,107,0.027868857
110,108,0.023823677
110,109,0.031047492
110,110,0.024793167
110,111,0.021615304
110,112,0.021447011
110,113,0.015294005
110,114,0.015103359
110,115,0.012739925
110,116,0.011606285
110,117,0.010344357
110,118,0.00915341
110,119,0.01044983
110,120,0.006953627
110,121,0.008154011
110,122,0.00648653
110,123,0.006590496
110,124,0.00631977
110,125,0.004861625
110,126,0.004556439
110,127,0.006145488
110,128,0.007318247
110,129,0.003944366
110,130,0.004337805
110,131,0.003632456
110,132,0.003986664
110,133,0.004696674
110,134,0.005065509
110,135,0.002448105
110,136,0.002995246
110,137,0.002410639
110,138,0.002832811
110,139,0.003762589
110,140,0.002632548
110,141,0.001549058
110,142,0.002506502
110,143,0.002073495
110,144,0.003016644
110,145,0.001250271
110,146,0.001255104
110,147,0.000875676
110,148,0.001210501
110,149,0.00122016
110,150,0.001321321
110,151,0.000628799
110,152,0.000551465
110,153,0.000507391
110,154,0.000521029
110,155,0.000607948
110,156,0.000708233
110,157,0.000581645
110,158,0.000959338
110,159,0.001277711
110,160,0.001286013
110,161,0.002596932
110,162,0.000850978
110,163,0.001124298
110,164,0.000696997
110,165,0.000419688
110,166,0.001637833
110,167,0.000838555
110,168,0.000307248
110,169,0.000330995
110,170,0.000275322
110,171,0.000489017
110,172,0.001050821
110,173,0.000223067
110,174,0.000175329
110,175,0.000184942
110,176,0.000660207
110,177,0.000325637
110,178,0.001397994
110,179,0.000285428
110,180,0.000229655
110,181,0.000149102
110,182,0.000104663
110,183,0.000507424
110,184,0.000370574
110,185,9.91287E-05
110,186,9.39951E-05
110,187,0.000119257
110,188,0.000111096
110,189,0.000126637
110,190,9.98711E-05
110,191,9.34311E-05
110,192,0.000101021
110,193,6.63929E-05
110,194,4.39848E-05
110,195,5.45856E-05
110,196,6.21294E-05
110,197,5.59101E-05
110,198,4.89808E-05
110,199,1.08005E-05
111,0,4.6276E-06
111,1,2.62597E-05
111,2,4.97768E-05
111,3,5.77978E-05
111,4,6.18154E-05
111,5,8.01018E-05
111,6,9.58742E-05
111,7,0.000562853
111,8,5.28577E-05
111,9,6.70602E-05
111,10,0.000111834
111,11,8.52121E-05
111,12,0.000479383
111,13,0.000157476
111,14,0.000125331
111,15,0.000169448
111,16,0.000382647
111,17,0.000234684
111,18,0.000236159
111,19,0.000159822
111,20,0.000200816
111,21,0.00022336
111,22,0.000200392
111,23,0.000307314
111,24,0.000219648
111,25,0.000198429
111,26,0.000265517
111,27,0.000254961
111,28,0.000730002
111,29,0.000395726
111,30,0.000562216
111,31,0.000637624
111,32,0.0002986
111,33,0.000683593
111,34,0.001740823
111,35,0.000713943
111,36,0.000377223
111,37,0.00043252
111,38,0.000558533
111,39,0.001015125
111,40,0.002589178
111,41,0.000656662
111,42,0.000840996
111,43,0.000839009
111,44,0.000391621
111,45,0.000434737
111,46,0.000739723
111,47,0.001700167
111,48,0.001262907
111,49,0.001205077
111,50,0.001876742
111,51,0.000823192
111,52,0.001686593
111,53,0.002270732
111,54,0.00289331
111,55,0.002462649
111,56,0.003238776
111,57,0.002538442
111,58,0.002199735
111,59,0.002411317
111,60,0.00123889
111,61,0.001633972
111,62,0.003463616
111,63,0.002789971
111,64,0.001489227
111,65,0.002046629
111,66,0.004645203
111,67,0.004270871
111,68,0.005399644
111,69,0.005602197
111,70,0.003236464
111,71,0.004480332
111,72,0.003246359
111,73,0.003242246
111,74,0.004246444
111,75,0.008350911
111,76,0.005656365
111,77,0.004805248
111,78,0.006018032
111,79,0.008445047
111,80,0.011501921
111,81,0.013755804
111,82,0.009538976
111,83,0.013358175
111,84,0.013402945
111,85,0.01707569
111,86,0.022086121
111,87,0.018000544
111,88,0.01944836
111,89,0.01956502
111,90,0.020998317
111,91,0.023955567
111,92,0.024591577
111,93,0.025728707
111,94,0.026779397
111,95,0.032160005
111,96,0.030484978
111,97,0.035406474
111,98,0.034463205
111,99,0.037172733
111,100,0.03394605
111,101,0.034636959
111,102,0.033586039
111,103,0.033672606
111,104,0.030911739
111,105,0.026952575
111,106,0.025676824
111,107,0.026947614
111,108,0.022582596
111,109,0.022469701
111,110,0.019949588
111,111,0.017880094
111,112,0.019317038
111,113,0.014470978
111,114,0.015443325
111,115,0.013853375
111,116,0.010234116
111,117,0.012300517
111,118,0.009938332
111,119,0.008466799
111,120,0.008445807
111,121,0.008181597
111,122,0.009026951
111,123,0.006848425
111,124,0.005179805
111,125,0.005538116
111,126,0.005894976
111,127,0.00596552
111,128,0.005167704
111,129,0.007578069
111,130,0.003036841
111,131,0.003193108
111,132,0.00415276
111,133,0.003524398
111,134,0.002505251
111,135,0.003503109
111,136,0.002007235
111,137,0.003161885
111,138,0.002539426
111,139,0.004265565
111,140,0.002216785
111,141,0.001244844
111,142,0.001714344
111,143,0.003091887
111,144,0.00264763
111,145,0.001068713
111,146,0.001221375
111,147,0.0012222
111,148,0.000860466
111,149,0.00111778
111,150,0.000898103
111,151,0.001689922
111,152,0.000597558
111,153,0.000611045
111,154,0.000575785
111,155,0.0006515
111,156,0.000770463
111,157,0.000404115
111,158,0.00067031
111,159,0.001253502
111,160,0.000772596
111,161,0.000843031
111,162,0.001281336
111,163,0.000334202
111,164,0.000884629
111,165,0.000768545
111,166,0.00258408
111,167,0.001067443
111,168,0.000295496
111,169,0.000256678
111,170,0.000317235
111,171,0.000289127
111,172,0.000386064
111,173,0.00019652
111,174,0.000242937
111,175,0.00016521
111,176,0.000185187
111,177,0.000177676
111,178,0.000257417
111,179,0.000169853
111,180,0.000165722
111,181,0.00015133
111,182,0.000141507
111,183,0.00025526
111,184,0.000109521
111,185,0.000196769
111,186,0.000107274
111,187,8.00856E-05
111,188,0.000125427
111,189,8.68088E-05
111,190,8.19104E-05
111,191,7.82027E-05
111,192,0.000130532
111,193,8.95584E-05
111,194,6.49576E-05
111,195,4.95288E-05
111,196,6.11697E-05
111,197,4.44284E-05
111,198,5.29729E-05
111,199,7.42964E-06
112,0,1.47963E-06
112,1,3.04439E-05
112,2,3.42036E-05
112,3,2.5119E-05
112,4,5.28032E-05
112,5,6.57055E-05
112,6,4.33343E-05
112,7,0.000424771
112,8,0.000216718
112,9,0.000106817
112,10,9.31475E-05
112,11,0.000128261
112,12,0.000158511
112,13,0.000326273
112,14,0.000148722
112,15,0.002217327
112,16,0.000827477
112,17,0.000499316
112,18,0.000146383
112,19,0.000226433
112,20,0.000171936
112,21,0.000177886
112,22,0.000175828
112,23,0.000159185
112,24,0.000510512
112,25,0.000304028
112,26,0.000266914
112,27,0.000358975
112,28,0.0006751
112,29,0.000278546
112,30,0.000303454
112,31,0.000272216
112,32,0.00042679
112,33,0.002961068
112,34,0.000827023
112,35,0.000352364
112,36,0.000508049
112,37,0.000459547
112,38,0.001463168
112,39,0.000898187
112,40,0.001376516
112,41,0.000764968
112,42,0.00098371
112,43,0.000502998
112,44,0.000382466
112,45,0.000520626
112,46,0.001132607
112,47,0.001354218
112,48,0.001132558
112,49,0.000911666
112,50,0.000736919
112,51,0.002391468
112,52,0.004218677
112,53,0.001663706
112,54,0.001959768
112,55,0.002800936
112,56,0.002265305
112,57,0.002370019
112,58,0.00133864
112,59,0.001857794
112,60,0.002285585
112,61,0.002693857
112,62,0.002926501
112,63,0.001370346
112,64,0.001985993
112,65,0.002946719
112,66,0.003809347
112,67,0.002319103
112,68,0.003427212
112,69,0.003628522
112,70,0.004278228
112,71,0.006553921
112,72,0.005584587
112,73,0.00358309
112,74,0.005364795
112,75,0.005736707
112,76,0.006553895
112,77,0.007052225
112,78,0.007600598
112,79,0.007434574
112,80,0.009178513
112,81,0.010783657
112,82,0.012586733
112,83,0.011706683
112,84,0.015891851
112,85,0.016892274
112,86,0.017210209
112,87,0.018020811
112,88,0.020219228
112,89,0.018484763
112,90,0.018944698
112,91,0.023741952
112,92,0.028144472
112,93,0.025958268
112,94,0.027489678
112,95,0.03096225
112,96,0.032108457
112,97,0.034409621
112,98,0.044404476
112,99,0.040781189
112,100,0.032922036
112,101,0.031990455
112,102,0.034591414
112,103,0.02983412
112,104,0.030194917
112,105,0.0296337
112,106,0.028112587
112,107,0.027339792
112,108,0.026105639
112,109,0.019110625
112,110,0.022513603
112,111,0.018477422
112,112,0.013224286
112,113,0.0130271
112,114,0.011801924
112,115,0.014761091
112,116,0.011253152
112,117,0.009981352
112,118,0.01080044
112,119,0.009539826
112,120,0.011078785
112,121,0.008704301
112,122,0.007769095
112,123,0.007822698
112,124,0.004878181
112,125,0.004325187
112,126,0.005953858
112,127,0.004528778
112,128,0.00528577
112,129,0.004660599
112,130,0.00561111
112,131,0.003683131
112,132,0.002100822
112,133,0.00367078
112,134,0.002971266
112,135,0.004840611
112,136,0.002525671
112,137,0.001712336
112,138,0.001734146
112,139,0.002462946
112,140,0.001713663
112,141,0.002735297
112,142,0.002280488
112,143,0.002035458
112,144,0.001719344
112,145,0.000938886
112,146,0.001463185
112,147,0.001121116
112,148,0.002066825
112,149,0.000861528
112,150,0.000898851
112,151,0.002195924
112,152,0.001149187
112,153,0.000854995
112,154,0.001358054
112,155,0.000495463
112,156,0.000585005
112,157,0.000484252
112,158,0.000448709
112,159,0.000609768
112,160,0.000475413
112,161,0.001058039
112,162,0.000967734
112,163,0.000895188
112,164,0.001860291
112,165,0.001407914
112,166,0.000785917
112,167,0.000272588
112,168,0.000331981
112,169,0.000287722
112,170,0.000294287
112,171,0.000289031
112,172,0.000224961
112,173,0.000171006
112,174,0.000196324
112,175,0.00025344
112,176,0.000191369
112,177,0.00026368
112,178,0.000156076
112,179,0.000119324
112,180,0.000127606
112,181,0.000171962
112,182,0.000131522
112,183,0.000135939
112,184,0.000584581
112,185,0.000164628
112,186,0.000372358
112,187,0.000132974
112,188,8.7634E-05
112,189,0.000115898
112,190,0.000272792
112,191,9.1598E-05
112,192,9.76256E-05
112,193,0.000104349
112,194,7.06947E-05
112,195,3.47752E-05
112,196,1.1969E-05
112,197,2.04182E-05
112,198,5.0718E-06
112,199,2.22866E-06
113,0,2.38335E-07
113,1,4.43508E-06
113,2,2.05104E-05
113,3,4.74292E-05
113,4,5.89466E-05
113,5,5.8575E-05
113,6,6.50692E-05
113,7,7.50519E-05
113,8,8.1563E-05
113,9,0.000457649
113,10,0.000323556
113,11,0.000348686
113,12,9.89865E-05
113,13,0.000140784
113,14,0.000143391
113,15,0.000370764
113,16,0.000452573
113,17,0.000198684
113,18,0.000259939
113,19,0.000169476
113,20,0.000191121
113,21,0.000155297
113,22,0.000167637
113,23,0.000119432
113,24,0.000283034
113,25,0.000269745
113,26,0.000245322
113,27,0.000447367
113,28,0.000434268
113,29,0.000296081
113,30,0.000271502
113,31,0.00029867
113,32,0.000281104
113,33,0.000893716
113,34,0.000713557
113,35,0.000882369
113,36,0.002159378
113,37,0.001627131
113,38,0.000806138
113,39,0.00112896
113,40,0.001178702
113,41,0.001560424
113,42,0.001209367
113,43,0.000472094
113,44,0.001113204
113,45,0.001981627
113,46,0.002503028
113,47,0.000717948
113,48,0.002036402
113,49,0.001765984
113,50,0.001448911
113,51,0.003584328
113,52,0.002527654
113,53,0.001589744
113,54,0.002214556
113,55,0.002430009
113,56,0.001553168
113,57,0.002347336
113,58,0.00262649
113,59,0.003457575
113,60,0.001396636
113,61,0.001687313
113,62,0.002778606
113,63,0.001819241
113,64,0.00199839
113,65,0.004314301
113,66,0.003779365
113,67,0.002931189
113,68,0.004869729
113,69,0.002732691
113,70,0.003021092
113,71,0.003495149
113,72,0.006306074
113,73,0.005193276
113,74,0.005061826
113,75,0.006144572
113,76,0.007656131
113,77,0.006238659
113,78,0.006652874
113,79,0.007074958
113,80,0.007562267
113,81,0.010102307
113,82,0.013274336
113,83,0.01222154
113,84,0.01317035
113,85,0.014674234
113,86,0.018932216
113,87,0.019863689
113,88,0.024065059
113,89,0.020828503
113,90,0.023416212
113,91,0.021513869
113,92,0.02432922
113,93,0.023108852
113,94,0.029326132
113,95,0.030305514
113,96,0.039418087
113,97,0.037081316
113,98,0.033920824
113,99,0.038274547
113,100,0.036912244
113,101,0.032748461
113,102,0.028602677
113,103,0.030727843
113,104,0.031314618
113,105,0.029599794
113,106,0.027696168
113,107,0.023196917
113,108,0.024684306
113,109,0.021979867
113,110,0.019786813
113,111,0.01721547
113,112,0.016655041
113,113,0.01166715
113,114,0.015067266
113,115,0.011088845
113,116,0.01094867
113,117,0.011476446
113,118,0.012054885
113,119,0.009135731
113,120,0.009057606
113,121,0.009129791
113,122,0.007232813
113,123,0.006597694
113,124,0.006768703
113,125,0.004361217
113,126,0.006001256
113,127,0.005547674
113,128,0.005333618
113,129,0.004573171
113,130,0.003608217
113,131,0.00369781
113,132,0.003053305
113,133,0.003269965
113,134,0.004661179
113,135,0.0027809
113,136,0.002639752
113,137,0.003244145
113,138,0.001905409
113,139,0.002319513
113,140,0.005165545
113,141,0.003055093
113,142,0.002337572
113,143,0.002264867
113,144,0.002063443
113,145,0.002121481
113,146,0.001281642
113,147,0.001086515
113,148,0.001167655
113,149,0.000700213
113,150,0.001507989
113,151,0.000771733
113,152,0.000687995
113,153,0.000534885
113,154,0.000827188
113,155,0.000534238
113,156,0.001122973
113,157,0.001057994
113,158,0.000482474
113,159,0.000553722
113,160,0.00055053
113,161,0.001004781
113,162,0.000742186
113,163,0.000643754
113,164,0.00062841
113,165,0.001455241
113,166,0.000460198
113,167,0.000312143
113,168,0.000325228
113,169,0.000368594
113,170,0.000290944
113,171,0.000284157
113,172,0.000251509
113,173,0.000311163
113,174,0.000459026
113,175,0.000477532
113,176,0.000156117
113,177,0.000172784
113,178,0.000227742
113,179,0.000176251
113,180,0.000124107
113,181,0.000124062
113,182,0.00014559
113,183,8.91864E-05
113,184,0.000121093
113,185,0.001009021
113,186,0.00056177
113,187,0.00010147
113,188,0.0001062
113,189,8.88032E-05
113,190,0.001312454
113,191,0.00010812
113,192,0.000868866
113,193,7.52707E-05
113,194,8.5083E-05
113,195,5.8314E-05
113,196,3.60134E-05
113,197,1.9131E-05
113,198,1.95595E-05
113,199,4.46603E-30
114,0,4.03331E-30
114,1,1.94437E-05
114,2,3.96447E-05
114,3,3.71901E-05
114,4,4.72137E-05
114,5,4.91188E-05
114,6,5.87416E-05
114,7,8.07062E-05
114,8,0.000122922
114,9,0.000751233
114,10,0.000127688
114,11,0.000124087
114,12,0.000130519
114,13,0.000175737
114,14,0.000174055
114,15,0.000158203
114,16,0.000284731
114,17,0.00018429
114,18,0.000156791
114,19,0.000162135
114,20,0.000125933
114,21,0.000137616
114,22,0.000167364
114,23,0.000261505
114,24,0.000222904
114,25,0.000242767
114,26,0.000209426
114,27,0.000526927
114,28,0.001147419
114,29,0.000535219
114,30,0.000262508
114,31,0.000565254
114,32,0.00024062
114,33,0.000277978
114,34,0.000282354
114,35,0.00087555
114,36,0.001708676
114,37,0.001475101
114,38,0.000685707
114,39,0.000555571
114,40,0.000654686
114,41,0.002124966
114,42,0.001092964
114,43,0.001190659
114,44,0.001093287
114,45,0.002998828
114,46,0.001685588
114,47,0.001205818
114,48,0.0012145
114,49,0.001051373
114,50,0.001221722
114,51,0.002636769
114,52,0.002978684
114,53,0.002262951
114,54,0.00285355
114,55,0.001976058
114,56,0.002207834
114,57,0.002712496
114,58,0.002029333
114,59,0.001470964
114,60,0.001757856
114,61,0.002417395
114,62,0.003521016
114,63,0.002427348
114,64,0.002134594
114,65,0.003258678
114,66,0.002803047
114,67,0.003944627
114,68,0.003986086
114,69,0.00357902
114,70,0.003860925
114,71,0.003924734
114,72,0.004858773
114,73,0.006582748
114,74,0.007440414
114,75,0.00660614
114,76,0.010711152
114,77,0.00751758
114,78,0.005961527
114,79,0.007786585
114,80,0.007949381
114,81,0.012368223
114,82,0.010860859
114,83,0.01363558
114,84,0.012900634
114,85,0.013899229
114,86,0.020166743
114,87,0.018813455
114,88,0.020401155
114,89,0.018222537
114,90,0.021503505
114,91,0.022052109
114,92,0.022549976
114,93,0.025578376
114,94,0.029622277
114,95,0.032624561
114,96,0.037328575
114,97,0.031135859
114,98,0.034745596
114,99,0.032733945
114,100,0.037576693
114,101,0.033677684
114,102,0.028302895
114,103,0.029919935
114,104,0.034427749
114,105,0.030797777
114,106,0.024929999
114,107,0.022423793
114,108,0.022836467
114,109,0.027700233
114,110,0.020998504
114,111,0.019891757
114,112,0.018677063
114,113,0.01439175
114,114,0.015601962
114,115,0.013024632
114,116,0.012984583
114,117,0.010084424
114,118,0.010625573
114,119,0.011641717
114,120,0.012096326
114,121,0.007674257
114,122,0.005813667
114,123,0.006158627
114,124,0.005507191
114,125,0.005461794
114,126,0.00470088
114,127,0.006736554
114,128,0.006329605
114,129,0.006660603
114,130,0.004000749
114,131,0.003592377
114,132,0.002600502
114,133,0.002764426
114,134,0.003179386
114,135,0.004957468
114,136,0.003425606
114,137,0.003790716
114,138,0.002364008
114,139,0.002395551
114,140,0.004152217
114,141,0.004178268
114,142,0.003314998
114,143,0.002743523
114,144,0.002395903
114,145,0.001555069
114,146,0.001230477
114,147,0.001228819
114,148,0.001140876
114,149,0.001311222
114,150,0.00079516
114,151,0.001053886
114,152,0.001315375
114,153,0.000748849
114,154,0.000408535
114,155,0.00100492
114,156,0.000395222
114,157,0.001180298
114,158,0.000509573
114,159,0.000463563
114,160,0.000526836
114,161,0.002006607
114,162,0.001120634
114,163,0.000451197
114,164,0.000995037
114,165,0.000355871
114,166,0.000309768
114,167,0.000691711
114,168,0.000400304
114,169,0.000298554
114,170,0.000332228
114,171,0.00031958
114,172,0.000274195
114,173,0.000242012
114,174,0.000271724
114,175,0.000184155
114,176,0.000508367
114,177,0.000906672
114,178,0.000203827
114,179,0.000169778
114,180,0.000176875
114,181,0.000151147
114,182,0.000142161
114,183,0.000172287
114,184,8.39194E-05
114,185,0.000110333
114,186,0.000115619
114,187,8.65558E-05
114,188,8.6196E-05
114,189,0.000581508
114,190,0.000804012
114,191,6.08311E-05
114,192,0.001113033
114,193,0.000837457
114,194,7.82916E-05
114,195,8.83431E-05
114,196,6.64674E-05
114,197,2.85179E-05
114,198,1.26417E-05
114,199,5.60456E-30
115,0,5.47789E-30
115,1,1.07221E-05
115,2,2.99657E-05
115,3,3.35413E-05
115,4,3.08788E-05
115,5,4.50801E-05
115,6,0.000351178
115,7,0.000139949
115,8,0.000120613
115,9,5.56126E-05
115,10,0.000296165
115,11,0.000684915
115,12,0.000157566
115,13,0.000166216
115,14,0.000114492
115,15,0.000140615
115,16,0.001707652
115,17,0.000129091
115,18,0.000126892
115,19,0.000158717
115,20,0.000199003
115,21,0.000210503
115,22,0.000234726
115,23,0.000171587
115,24,0.000322914
115,25,0.000274729
115,26,0.000309139
115,27,0.000300914
115,28,0.000243028
115,29,0.000443515
115,30,0.000280432
115,31,0.000285387
115,32,0.000932477
115,33,0.000421926
115,34,0.000439888
115,35,0.000503797
115,36,0.001269508
115,37,0.001121427
115,38,0.001118302
115,39,0.000601295
115,40,0.001020365
115,41,0.00196931
115,42,0.001742451
115,43,0.000943428
115,44,0.001696985
115,45,0.001639521
115,46,0.000794536
115,47,0.000986584
115,48,0.001215498
115,49,0.001701396
115,50,0.002580202
115,51,0.003450646
115,52,0.002371956
115,53,0.003117093
115,54,0.002152672
115,55,0.003014608
115,56,0.002923993
115,57,0.001494784
115,58,0.003823593
115,59,0.001226274
115,60,0.002033661
115,61,0.003102782
115,62,0.003306859
115,63,0.004337375
115,64,0.002603087
115,65,0.002309671
115,66,0.002379803
115,67,0.004285343
115,68,0.00336621
115,69,0.0051582
115,70,0.005810401
115,71,0.004635879
115,72,0.008045783
115,73,0.007195995
115,74,0.006841989
115,75,0.007443265
115,76,0.006563199
115,77,0.00820859
115,78,0.009079674
115,79,0.00763677
115,80,0.008748194
115,81,0.013160322
115,82,0.011118408
115,83,0.01225688
115,84,0.014714935
115,85,0.01367996
115,86,0.015552692
115,87,0.017189481
115,88,0.019923742
115,89,0.021209867
115,90,0.023801961
115,91,0.023208789
115,92,0.026513503
115,93,0.025006473
115,94,0.029649237
115,95,0.034121351
115,96,0.032293868
115,97,0.032187019
115,98,0.033698533
115,99,0.033117383
115,100,0.033974479
115,101,0.035363555
115,102,0.031473339
115,103,0.028545848
115,104,0.035422696
115,105,0.031988508
115,106,0.027855704
115,107,0.023962602
115,108,0.024553858
115,109,0.023221567
115,110,0.021262016
115,111,0.018654306
115,112,0.016423142
115,113,0.015089041
115,114,0.015284062
115,115,0.013854494
115,116,0.013459582
115,117,0.011517215
115,118,0.013701118
115,119,0.01222564
115,120,0.009718314
115,121,0.006487116
115,122,0.007193318
115,123,0.008893535
115,124,0.005899523
115,125,0.006060526
115,126,0.006284164
115,127,0.005436965
115,128,0.004212026
115,129,0.007192338
115,130,0.005748324
115,131,0.005637273
115,132,0.005912963
115,133,0.002591972
115,134,0.003955728
115,135,0.003111898
115,136,0.002739656
115,137,0.005315715
115,138,0.002375802
115,139,0.00183255
115,140,0.003055138
115,141,0.00234657
115,142,0.001600661
115,143,0.003462894
115,144,0.001591903
115,145,0.002026764
115,146,0.003009179
115,147,0.001314869
115,148,0.000996934
115,149,0.000851296
115,150,0.001554716
115,151,0.001716167
115,152,0.000631494
115,153,0.000648256
115,154,0.000716546
115,155,0.000798766
115,156,0.001644117
115,157,0.000797917
115,158,0.000739348
115,159,0.000462586
115,160,0.000707474
115,161,0.000936404
115,162,0.00053519
115,163,0.001659913
115,164,0.002496081
115,165,0.001421392
115,166,0.000541992
115,167,0.0004493
115,168,0.000976898
115,169,0.00033243
115,170,0.000295343
115,171,0.000298317
115,172,0.000303064
115,173,0.000275906
115,174,0.000997918
115,175,0.000328451
115,176,0.000201414
115,177,0.000899911
115,178,0.000326206
115,179,0.000209564
115,180,0.000250653
115,181,0.000259765
115,182,0.00016709
115,183,0.000144512
115,184,0.000327113
115,185,8.62794E-05
115,186,0.000111486
115,187,0.000138729
115,188,0.000131627
115,189,0.000123789
115,190,8.09079E-05
115,191,0.000131123
115,192,0.000362819
115,193,0.000156145
115,194,0.000349023
115,195,6.65757E-05
115,196,8.16556E-05
115,197,4.96887E-05
115,198,2.51428E-05
115,199,3.02543E-30
116,0,3.99117E-30
116,1,7.08579E-07
116,2,6.01843E-06
116,3,9.8991E-06
116,4,2.59676E-05
116,5,6.34133E-05
116,6,6.97821E-05
116,7,9.93745E-05
116,8,4.2801E-05
116,9,9.41172E-05
116,10,0.000311098
116,11,0.000984511
116,12,0.00012321
116,13,0.000146279
116,14,0.00017767
116,15,0.000183228
116,16,0.00021528
116,17,0.000278079
116,18,0.000644782
116,19,0.000198003
116,20,0.000154983
116,21,0.000240257
116,22,0.000199268
116,23,0.000228278
116,24,0.000222134
116,25,0.000244689
116,26,0.000307071
116,27,0.000262158
116,28,0.000245636
116,29,0.000397362
116,30,0.000330548
116,31,0.00042919
116,32,0.001285652
116,33,0.000915193
116,34,0.000485851
116,35,0.000745895
116,36,0.000874716
116,37,0.000671893
116,38,0.001271995
116,39,0.00044098
116,40,0.00048791
116,41,0.000808949
116,42,0.001104867
116,43,0.000995536
116,44,0.000900048
116,45,0.0008135
116,46,0.001638475
116,47,0.001201213
116,48,0.001637162
116,49,0.001043882
116,50,0.001326788
116,51,0.002363763
116,52,0.003331997
116,53,0.005618513
116,54,0.001757245
116,55,0.002230861
116,56,0.00271064
116,57,0.002511911
116,58,0.001936032
116,59,0.00184219
116,60,0.001850997
116,61,0.001944624
116,62,0.002038565
116,63,0.002888292
116,64,0.002083729
116,65,0.00385446
116,66,0.003148183
116,67,0.003540339
116,68,0.004631045
116,69,0.003591882
116,70,0.00568475
116,71,0.007704294
116,72,0.004442121
116,73,0.00593366
116,74,0.005189004
116,75,0.006138324
116,76,0.009451775
116,77,0.008344247
116,78,0.008827675
116,79,0.010331664
116,80,0.009079741
116,81,0.012299068
116,82,0.014134817
116,83,0.013835388
116,84,0.017396728
116,85,0.016476089
116,86,0.017142829
116,87,0.017910969
116,88,0.021133534
116,89,0.02380577
116,90,0.025806495
116,91,0.025077214
116,92,0.030126764
116,93,0.02751483
116,94,0.031655644
116,95,0.032061707
116,96,0.035479639
116,97,0.031985971
116,98,0.031891517
116,99,0.032467983
116,100,0.031447543
116,101,0.0335926
116,102,0.030597701
116,103,0.032829721
116,104,0.03296402
116,105,0.030205237
116,106,0.022284723
116,107,0.021639582
116,108,0.022608502
116,109,0.026998691
116,110,0.021128683
116,111,0.016778693
116,112,0.018120888
116,113,0.014563347
116,114,0.013117607
116,115,0.015137825
116,116,0.011819129
116,117,0.011827508
116,118,0.00978063
116,119,0.009444356
116,120,0.007123886
116,121,0.007373659
116,122,0.009625877
116,123,0.006560883
116,124,0.005459292
116,125,0.005944634
116,126,0.005893921
116,127,0.00511489
116,128,0.004647424
116,129,0.005141358
116,130,0.003115844
116,131,0.002736809
116,132,0.00362125
116,133,0.003006292
116,134,0.003638144
116,135,0.002876008
116,136,0.004228758
116,137,0.004213891
116,138,0.003792137
116,139,0.003739307
116,140,0.003409899
116,141,0.002962474
116,142,0.003132632
116,143,0.002713644
116,144,0.001952319
116,145,0.00415026
116,146,0.002546736
116,147,0.00125464
116,148,0.001224626
116,149,0.000894694
116,150,0.000815155
116,151,0.000926034
116,152,0.000753523
116,153,0.00194281
116,154,0.000616126
116,155,0.000554487
116,156,0.001051636
116,157,0.000851607
116,158,0.000508633
116,159,0.000855839
116,160,0.000453141
116,161,0.000798185
116,162,0.000974335
116,163,0.001104339
116,164,0.0011655
116,165,0.001082604
116,166,0.001017294
116,167,0.000355397
116,168,0.000348388
116,169,0.000360295
116,170,0.000281791
116,171,0.00030923
116,172,0.000317569
116,173,0.000404071
116,174,0.000228433
116,175,0.000669939
116,176,0.000241173
116,177,0.0004219
116,178,0.000384939
116,179,0.000780925
116,180,0.000245571
116,181,0.00020216
116,182,0.000166818
116,183,0.000133103
116,184,0.000194275
116,185,0.000167138
116,186,0.000104919
116,187,0.000100184
116,188,7.32093E-05
116,189,0.001047503
116,190,7.96064E-05
116,191,0.000150877
116,192,0.000106327
116,193,0.000110575
116,194,6.36474E-05
116,195,7.25144E-05
116,196,6.61009E-05
116,197,5.96637E-05
116,198,9.2061E-06
116,199,4.50195E-30
117,0,5.03443E-30
117,1,2.15138E-06
117,2,1.47109E-05
117,3,4.36743E-05
117,4,6.2783E-05
117,5,0.000107442
117,6,0.000429136
117,7,5.7517E-05
117,8,0.00011163
117,9,9.39496E-05
117,10,0.000121752
117,11,0.000547896
117,12,0.000118042
117,13,0.000104071
117,14,0.000426105
117,15,0.000130196
117,16,0.000161027
117,17,0.000363086
117,18,0.000542259
117,19,0.000270078
117,20,0.000205862
117,21,0.000194467
117,22,0.000219041
117,23,0.000195257
117,24,0.000244805
117,25,0.000246024
117,26,0.000256917
117,27,0.000993912
117,28,0.000394685
117,29,0.000554478
117,30,0.000310098
117,31,0.000600224
117,32,0.000689658
117,33,0.000470549
117,34,0.000957196
117,35,0.001194766
117,36,0.000990938
117,37,0.002793466
117,38,0.002185299
117,39,0.000387982
117,40,0.001008748
117,41,0.000607238
117,42,0.001527096
117,43,0.001743784
117,44,0.001496686
117,45,0.001873178
117,46,0.00120177
117,47,0.002191601
117,48,0.001974809
117,49,0.001452136
117,50,0.001579177
117,51,0.001301106
117,52,0.002671546
117,53,0.002809928
117,54,0.00192531
117,55,0.00253341
117,56,0.001123101
117,57,0.00157465
117,58,0.001169062
117,59,0.001520541
117,60,0.003350792
117,61,0.002662264
117,62,0.001847808
117,63,0.002572367
117,64,0.001780931
117,65,0.002282892
117,66,0.00319903
117,67,0.003958194
117,68,0.002864057
117,69,0.004852294
117,70,0.005748413
117,71,0.008538651
117,72,0.006167264
117,73,0.005953394
117,74,0.006868021
117,75,0.007524722
117,76,0.007985061
117,77,0.010282651
117,78,0.011860826
117,79,0.008655356
117,80,0.011932474
117,81,0.012100088
117,82,0.014221156
117,83,0.01330842
117,84,0.018914812
117,85,0.014377515
117,86,0.016336346
117,87,0.01893327
117,88,0.018802573
117,89,0.020588924
117,90,0.024099995
117,91,0.02560668
117,92,0.026293315
117,93,0.029794597
117,94,0.032049549
117,95,0.030901393
117,96,0.032141125
117,97,0.027318407
117,98,0.031909599
117,99,0.035489501
117,100,0.034842314
117,101,0.033394221
117,102,0.032878321
117,103,0.032665432
117,104,0.028480623
117,105,0.030912697
117,106,0.026886654
117,107,0.023218161
117,108,0.021362338
117,109,0.021183741
117,110,0.0213051
117,111,0.022405065
117,112,0.019734363
117,113,0.016791383
117,114,0.015813085
117,115,0.012648126
117,116,0.012809432
117,117,0.012380479
117,118,0.009489252
117,119,0.010926465
117,120,0.008394659
117,121,0.010578932
117,122,0.00753852
117,123,0.006015721
117,124,0.006323713
117,125,0.007031288
117,126,0.005208466
117,127,0.004400629
117,128,0.005298035
117,129,0.006125103
117,130,0.006254869
117,131,0.002632155
117,132,0.003365473
117,133,0.004511279
117,134,0.003703165
117,135,0.003578227
117,136,0.003187712
117,137,0.002323494
117,138,0.003393768
117,139,0.003219276
117,140,0.004290658
117,141,0.002964621
117,142,0.003852177
117,143,0.004618327
117,144,0.003165834
117,145,0.001874604
117,146,0.002456356
117,147,0.001661783
117,148,0.001172646
117,149,0.000970645
117,150,0.001084359
117,151,0.001744896
117,152,0.00079676
117,153,0.001435299
117,154,0.001066455
117,155,0.000895851
117,156,0.001441736
117,157,0.001068687
117,158,0.000488166
117,159,0.000421357
117,160,0.000404439
117,161,0.000496894
117,162,0.000390045
117,163,0.000416821
117,164,0.000687479
117,165,0.000379995
117,166,0.000373894
117,167,0.001012064
117,168,0.00058023
117,169,0.001786287
117,170,0.000499425
117,171,0.000693916
117,172,0.000235218
117,173,0.00030493
117,174,0.000310136
117,175,0.000246093
117,176,0.000456997
117,177,0.000522857
117,178,0.001088684
117,179,0.000728045
117,180,0.000209566
117,181,0.000216752
117,182,0.000189624
117,183,0.000166194
117,184,0.000348533
117,185,0.000159497
117,186,0.000154486
117,187,0.000118149
117,188,8.39053E-05
117,189,6.6132E-05
117,190,7.41664E-05
117,191,0.000104302
117,192,8.04802E-05
117,193,5.58229E-05
117,194,6.84373E-05
117,195,4.37443E-05
117,196,4.32715E-05
117,197,3.9222E-05
117,198,1.31581E-05
117,199,4.33286E-30
118,0,4.73493E-30
118,1,3.25713E-06
118,2,4.93157E-05
118,3,3.1951E-05
118,4,4.04301E-05
118,5,5.31173E-05
118,6,7.79105E-05
118,7,0.000101978
118,8,0.000103064
118,9,0.000114618
118,10,0.00023194
118,11,0.000206114
118,12,7.99936E-05
118,13,0.000178377
118,14,0.000184637
118,15,0.000209349
118,16,0.000234772
118,17,0.000199801
118,18,0.000172003
118,19,0.000254055
118,20,0.000200436
118,21,0.000214876
118,22,0.000206147
118,23,0.00020284
118,24,0.000268313
118,25,0.000246908
118,26,0.000311404
118,27,0.00024141
118,28,0.000390895
118,29,0.000941548
118,30,0.00230209
118,31,0.000880712
118,32,0.000449242
118,33,0.001140198
118,34,0.00074777
118,35,0.000555288
118,36,0.000565759
118,37,0.001839546
118,38,0.004221197
118,39,0.000801437
118,40,0.001345519
118,41,0.000696871
118,42,0.000865753
118,43,0.000595559
118,44,0.001212599
118,45,0.001811264
118,46,0.001222361
118,47,0.002385188
118,48,0.002720988
118,49,0.001773941
118,50,0.001270444
118,51,0.001393851
118,52,0.003096525
118,53,0.004959892
118,54,0.002852077
118,55,0.001545747
118,56,0.00214635
118,57,0.002894127
118,58,0.002213461
118,59,0.001881747
118,60,0.004967552
118,61,0.002399295
118,62,0.002632149
118,63,0.002631842
118,64,0.00207644
118,65,0.006797823
118,66,0.006328334
118,67,0.003457163
118,68,0.004800445
118,69,0.005453313
118,70,0.004903516
118,71,0.004133633
118,72,0.003820298
118,73,0.005440032
118,74,0.005613885
118,75,0.00738149
118,76,0.006770884
118,77,0.008723993
118,78,0.009386818
118,79,0.009738065
118,80,0.010096245
118,81,0.010096353
118,82,0.012721963
118,83,0.016031829
118,84,0.016082671
118,85,0.016961036
118,86,0.018392003
118,87,0.018310988
118,88,0.017486458
118,89,0.019230269
118,90,0.025420244
118,91,0.023435011
118,92,0.023220571
118,93,0.029019386
118,94,0.030543586
118,95,0.035333367
118,96,0.035356622
118,97,0.032547182
118,98,0.035919272
118,99,0.033233849
118,100,0.036085912
118,101,0.031531181
118,102,0.034367178
118,103,0.0276109
118,104,0.031893925
118,105,0.027739835
118,106,0.028884295
118,107,0.022063041
118,108,0.025780729
118,109,0.02188876
118,110,0.021024765
118,111,0.019918126
118,112,0.020261563
118,113,0.01715888
118,114,0.013530578
118,115,0.013336497
118,116,0.011884477
118,117,0.010988682
118,118,0.010464742
118,119,0.010098505
118,120,0.007655598
118,121,0.007977828
118,122,0.008588529
118,123,0.005670946
118,124,0.005906085
118,125,0.008544276
118,126,0.006265569
118,127,0.005719956
118,128,0.006566539
118,129,0.005686146
118,130,0.004471073
118,131,0.005321949
118,132,0.00413029
118,133,0.003381292
118,134,0.003483393
118,135,0.006294329
118,136,0.002867227
118,137,0.002860354
118,138,0.004113957
118,139,0.004466883
118,140,0.003606043
118,141,0.002771075
118,142,0.002465606
118,143,0.004817824
118,144,0.002352545
118,145,0.003435298
118,146,0.001553087
118,147,0.002282988
118,148,0.0011915
118,149,0.002757598
118,150,0.000914605
118,151,0.001172414
118,152,0.001483553
118,153,0.002580142
118,154,0.000953548
118,155,0.001627191
118,156,0.00109003
118,157,0.000580254
118,158,0.000986256
118,159,0.000357749
118,160,0.000295903
118,161,0.000419282
118,162,0.000488654
118,163,0.000390694
118,164,0.000400299
118,165,0.000335874
118,166,0.000665159
118,167,0.001064935
118,168,0.000259112
118,169,0.000381244
118,170,0.001175901
118,171,0.000611667
118,172,0.000677626
118,173,0.000251442
118,174,0.000668759
118,175,0.000426528
118,176,0.000723684
118,177,0.000162331
118,178,0.000255173
118,179,0.000231931
118,180,0.000181452
118,181,0.00015468
118,182,0.000246902
118,183,0.00023659
118,184,0.000158035
118,185,0.000115082
118,186,0.000108147
118,187,0.000638336
118,188,0.000123473
118,189,9.76021E-05
118,190,8.83888E-05
118,191,5.13051E-05
118,192,6.08449E-05
118,193,9.50329E-05
118,194,3.87007E-05
118,195,6.04206E-05
118,196,3.78979E-05
118,197,2.69241E-05
118,198,4.76425E-06
118,199,4.01823E-30
119,0,4.2673E-30
119,1,1.50401E-06
119,2,1.88821E-05
119,3,7.7254E-05
119,4,5.696E-05
119,5,4.69947E-05
119,6,6.10811E-05
119,7,7.19116E-05
119,8,5.45133E-05
119,9,0.000111364
119,10,9.87076E-05
119,11,9.33459E-05
119,12,0.000194321
119,13,0.000169077
119,14,0.001291638
119,15,0.000203761
119,16,0.000128145
119,17,0.000213902
119,18,0.000168782
119,19,0.000168911
119,20,0.000219441
119,21,0.000143068
119,22,0.000186067
119,23,0.000219982
119,24,0.000312104
119,25,0.000202128
119,26,0.000251997
119,27,0.000215888
119,28,0.000293491
119,29,0.000944797
119,30,0.00081668
119,31,0.00034218
119,32,0.000568737
119,33,0.000424472
119,34,0.000333221
119,35,0.000346278
119,36,0.000340809
119,37,0.000516037
119,38,0.000536594
119,39,0.000943316
119,40,0.00098264
119,41,0.000626016
119,42,0.001978945
119,43,0.001317763
119,44,0.00078215
119,45,0.002597408
119,46,0.001165357
119,47,0.002021221
119,48,0.0030565
119,49,0.002110857
119,50,0.00095608
119,51,0.001465241
119,52,0.00255401
119,53,0.002218956
119,54,0.002370158
119,55,0.00164726
119,56,0.001691251
119,57,0.001669963
119,58,0.002400754
119,59,0.00297342
119,60,0.004854814
119,61,0.0041107
119,62,0.004175645
119,63,0.002136287
119,64,0.005371975
119,65,0.003082108
119,66,0.005505253
119,67,0.004480634
119,68,0.004876474
119,69,0.006667699
119,70,0.004355828
119,71,0.004522972
119,72,0.007390671
119,73,0.00756321
119,74,0.006046785
119,75,0.009769891
119,76,0.007418669
119,77,0.007918149
119,78,0.011462549
119,79,0.008039883
119,80,0.008600953
119,81,0.008869522
119,82,0.010576174
119,83,0.014625388
119,84,0.014650404
119,85,0.018759419
119,86,0.018421264
119,87,0.017039876
119,88,0.020998424
119,89,0.021800923
119,90,0.022924065
119,91,0.021551539
119,92,0.021434982
119,93,0.02576576
119,94,0.030272678
119,95,0.03321248
119,96,0.030211127
119,97,0.034583741
119,98,0.030806091
119,99,0.028613131
119,100,0.033376617
119,101,0.0323855
119,102,0.030640953
119,103,0.02696839
119,104,0.024414419
119,105,0.031812753
119,106,0.02869672
119,107,0.027658781
119,108,0.026499542
119,109,0.024837764
119,110,0.023332301
119,111,0.020320307
119,112,0.021359531
119,113,0.017726477
119,114,0.015099154
119,115,0.015793975
119,116,0.013965872
119,117,0.013191978
119,118,0.011361456
119,119,0.011958042
119,120,0.010778332
119,121,0.010964183
119,122,0.009393489
119,123,0.006077069
119,124,0.006014993
119,125,0.008238967
119,126,0.005246332
119,127,0.004105303
119,128,0.005282134
119,129,0.004994053
119,130,0.005310175
119,131,0.006160645
119,132,0.004893472
119,133,0.005547414
119,134,0.005945041
119,135,0.004610681
119,136,0.003370474
119,137,0.003538468
119,138,0.002008177
119,139,0.003330299
119,140,0.003603626
119,141,0.002205218
119,142,0.002439039
119,143,0.002086113
119,144,0.002619749
119,145,0.002436419
119,146,0.003594348
119,147,0.001607319
119,148,0.001997609
119,149,0.003141924
119,150,0.001204863
119,151,0.000654493
119,152,0.002146852
119,153,0.00140028
119,154,0.001194329
119,155,0.002287457
119,156,0.000877828
119,157,0.000645733
119,158,0.000746071
119,159,0.000700937
119,160,0.001569044
119,161,0.00055143
119,162,0.000498207
119,163,0.001378242
119,164,0.000339308
119,165,0.001002948
119,166,0.000485666
119,167,0.00059666
119,168,0.000517302
119,169,0.000482013
119,170,0.001796314
119,171,0.000339286
119,172,0.000332422
119,173,0.000443144
119,174,0.000565026
119,175,0.000278947
119,176,0.00017755
119,177,0.000294481
119,178,0.000132235
119,179,0.000518607
119,180,0.00029924
119,181,0.000272344
119,182,0.000168847
119,183,0.000164887
119,184,0.000181277
119,185,0.000209677
119,186,0.000264537
119,187,0.001417422
119,188,0.000120516
119,189,0.000102252
119,190,0.000417665
119,191,8.90752E-05
119,192,6.42846E-05
119,193,7.72185E-05
119,194,5.72135E-05
119,195,3.08273E-05
119,196,3.02474E-05
119,197,2.33096E-05
119,198,5.621E-30
119,199,7.50028E-30
120,0,5.13317E-30
120,1,6.05758E-30
120,2,7.52756E-06
120,3,2.52307E-05
120,4,3.78155E-05
120,5,6.78078E-05
120,6,6.62799E-05
120,7,5.06321E-05
120,8,0.000110906
120,9,0.000109344
120,10,0.00011869
120,11,0.000146465
120,12,0.000132808
120,13,0.000194277
120,14,0.000482574
120,15,0.000142209
120,16,0.000144379
120,17,0.000849235
120,18,0.000295226
120,19,9.87336E-05
120,20,0.000131166
120,21,0.000271494
120,22,0.000170858
120,23,0.000239931
120,24,0.000237345
120,25,0.00024241
120,26,0.000286678
120,27,0.000298525
120,28,0.000272898
120,29,0.000437681
120,30,0.000398922
120,31,0.000371884
120,32,0.000255626
120,33,0.001000082
120,34,0.000355773
120,35,0.000311041
120,36,0.000636962
120,37,0.000419189
120,38,0.000489201
120,39,0.001832314
120,40,0.001323224
120,41,0.000488368
120,42,0.001231542
120,43,0.001386856
120,44,0.001146929
120,45,0.003142921
120,46,0.001281295
120,47,0.000882209
120,48,0.002717996
120,49,0.00216216
120,50,0.001783823
120,51,0.001633989
120,52,0.002574972
120,53,0.002012187
120,54,0.00213228
120,55,0.001161208
120,56,0.001542615
120,57,0.002892704
120,58,0.002578511
120,59,0.002850047
120,60,0.00172184
120,61,0.002757876
120,62,0.002021654
120,63,0.001696922
120,64,0.004598748
120,65,0.004097868
120,66,0.003344069
120,67,0.005399003
120,68,0.004927956
120,69,0.005464025
120,70,0.00404427
120,71,0.004627486
120,72,0.006682466
120,73,0.006211767
120,74,0.007133697
120,75,0.009025887
120,76,0.006782137
120,77,0.007552563
120,78,0.006667486
120,79,0.007964557
120,80,0.008119051
120,81,0.007904295
120,82,0.009645706
120,83,0.014314774
120,84,0.01411554
120,85,0.015491451
120,86,0.016290688
120,87,0.015226837
120,88,0.019998181
120,89,0.020722023
120,90,0.022109324
120,91,0.018855431
120,92,0.023733001
120,93,0.02700433
120,94,0.029270115
120,95,0.026848882
120,96,0.030296948
120,97,0.028580408
120,98,0.033060199
120,99,0.028634771
120,100,0.027972667
120,101,0.027684961
120,102,0.028349855
120,103,0.029569046
120,104,0.024742721
120,105,0.026147076
120,106,0.02948904
120,107,0.028075663
120,108,0.024116801
120,109,0.024178715
120,110,0.021971177
120,111,0.021520732
120,112,0.021111893
120,113,0.013892247
120,114,0.018040618
120,115,0.013682652
120,116,0.014497296
120,117,0.014171841
120,118,0.01295928
120,119,0.014207826
120,120,0.010578914
120,121,0.010973997
120,122,0.0084555
120,123,0.007475578
120,124,0.012015433
120,125,0.008022271
120,126,0.007565509
120,127,0.004716407
120,128,0.008704281
120,129,0.00846716
120,130,0.004378255
120,131,0.005276946
120,132,0.004753988
120,133,0.006235243
120,134,0.004185038
120,135,0.002884374
120,136,0.003576367
120,137,0.00366915
120,138,0.004236797
120,139,0.002482133
120,140,0.001967963
120,141,0.001497728
120,142,0.00183833
120,143,0.002545942
120,144,0.001955369
120,145,0.001978517
120,146,0.001708807
120,147,0.0012516
120,148,0.001190474
120,149,0.001829105
120,150,0.001447902
120,151,0.000730389
120,152,0.001004167
120,153,0.001820956
120,154,0.001314929
120,155,0.001481797
120,156,0.001229144
120,157,0.002902737
120,158,0.000885375
120,159,0.001280314
120,160,0.000991553
120,161,0.001218516
120,162,0.000925363
120,163,0.000931385
120,164,0.000543265
120,165,0.000686864
120,166,0.000871855
120,167,0.000376392
120,168,0.000369183
120,169,0.000402881
120,170,0.000662775
120,171,0.000354237
120,172,0.000266335
120,173,0.000372483
120,174,0.000345038
120,175,0.000276564
120,176,0.000305226
120,177,0.000198979
120,178,0.000500222
120,179,0.000202775
120,180,0.001124725
120,181,0.000224753
120,182,0.000195535
120,183,0.000491023
120,184,0.0001655
120,185,0.000460938
120,186,0.000635121
120,187,0.000378681
120,188,8.32331E-05
120,189,0.000331665
120,190,0.00014001
120,191,5.46391E-05
120,192,5.17174E-05
120,193,3.76695E-05
120,194,4.68766E-05
120,195,5.88197E-05
120,196,3.20093E-05
120,197,5.79571E-07
120,198,1.78352E-29
120,199,1.62872E-29
121,0,5.65417E-30
121,1,5.287E-30
121,2,9.56124E-06
121,3,2.65354E-05
121,4,4.7474E-05
121,5,6.52724E-05
121,6,7.23737E-05
121,7,0.000119135
121,8,9.81634E-05
121,9,7.69815E-05
121,10,0.000122695
121,11,0.000123273
121,12,0.000168503
121,13,0.000140318
121,14,0.000136659
121,15,0.000140301
121,16,0.000210613
121,17,0.00015483
121,18,0.000188436
121,19,0.000173095
121,20,0.000230484
121,21,0.000241128
121,22,0.000325962
121,23,0.000354346
121,24,0.000230622
121,25,0.000265471
121,26,0.000772229
121,27,0.000256351
121,28,0.000349712
121,29,0.000735151
121,30,0.000344403
121,31,0.000258891
121,32,0.000686062
121,33,0.001761147
121,34,0.000374443
121,35,0.000560765
121,36,0.00069915
121,37,0.000833829
121,38,0.000558982
121,39,0.000735758
121,40,0.000510915
121,41,0.000643807
121,42,0.00065826
121,43,0.000952232
121,44,0.001527039
121,45,0.001855581
121,46,0.001520408
121,47,0.001473923
121,48,0.000821207
121,49,0.001038926
121,50,0.003514456
121,51,0.001756889
121,52,0.001026256
121,53,0.001151319
121,54,0.002530382
121,55,0.001095771
121,56,0.001415013
121,57,0.001119332
121,58,0.002845042
121,59,0.002288413
121,60,0.001792144
121,61,0.00209011
121,62,0.00192433
121,63,0.002590797
121,64,0.003993395
121,65,0.003042021
121,66,0.003261383
121,67,0.003219767
121,68,0.00496806
121,69,0.00592896
121,70,0.003939067
121,71,0.004086527
121,72,0.005079942
121,73,0.004785062
121,74,0.00606997
121,75,0.008745624
121,76,0.007418674
121,77,0.005704358
121,78,0.010814203
121,79,0.008678589
121,80,0.009023268
121,81,0.011051187
121,82,0.01335717
121,83,0.015321173
121,84,0.013960254
121,85,0.014425673
121,86,0.016095095
121,87,0.017292899
121,88,0.017070335
121,89,0.021592755
121,90,0.024446892
121,91,0.025622447
121,92,0.021570292
121,93,0.024073218
121,94,0.026505757
121,95,0.02913002
121,96,0.033020406
121,97,0.028723697
121,98,0.028618423
121,99,0.024883186
121,100,0.030137413
121,101,0.031354557
121,102,0.026831888
121,103,0.029263725
121,104,0.026649678
121,105,0.026429669
121,106,0.023842857
121,107,0.025035423
121,108,0.025414892
121,109,0.023209547
121,110,0.020258918
121,111,0.019976326
121,112,0.016186242
121,113,0.014315236
121,114,0.014954308
121,115,0.019337948
121,116,0.016220272
121,117,0.015964082
121,118,0.014640498
121,119,0.014558933
121,120,0.008555744
121,121,0.009151978
121,122,0.009331009
121,123,0.008589617
121,124,0.007423737
121,125,0.006963101
121,126,0.005910385
121,127,0.005614672
121,128,0.007754566
121,129,0.004388747
121,130,0.003874561
121,131,0.004680956
121,132,0.005158446
121,133,0.004793048
121,134,0.00541831
121,135,0.002416635
121,136,0.003380788
121,137,0.005922397
121,138,0.004685627
121,139,0.003429682
121,140,0.003198321
121,141,0.003565323
121,142,0.002232692
121,143,0.00226588
121,144,0.004659014
121,145,0.001260359
121,146,0.00171206
121,147,0.001110282
121,148,0.001912507
121,149,0.001131757
121,150,0.000886963
121,151,0.000755472
121,152,0.001196369
121,153,0.001469844
121,154,0.001624385
121,155,0.0012552
121,156,0.002236332
121,157,0.002581602
121,158,0.001304267
121,159,0.0011407
121,160,0.001755117
121,161,0.000917839
121,162,0.000648138
121,163,0.001065573
121,164,0.000520642
121,165,0.000499553
121,166,0.000662822
121,167,0.000372609
121,168,0.000736597
121,169,0.000782959
121,170,0.001659444
121,171,0.000610067
121,172,0.000307043
121,173,0.000508727
121,174,0.000588036
121,175,0.001689007
121,176,0.000339306
121,177,0.000271317
121,178,0.000584264
121,179,0.000350691
121,180,0.000431669
121,181,0.00079232
121,182,0.000177601
121,183,0.00020458
121,184,0.000157393
121,185,0.000178077
121,186,0.000277144
121,187,0.000247236
121,188,0.000227806
121,189,0.000199514
121,190,0.000105144
121,191,8.81226E-05
121,192,4.38338E-05
121,193,5.03567E-05
121,194,4.67798E-05
121,195,1.9526E-05
121,196,2.07233E-05
121,197,9.44819E-06
121,198,3.45908E-30
121,199,3.24445E-30
122,0,3.80853E-30
122,1,5.48875E-30
122,2,6.55978E-06
122,3,3.02875E-05
122,4,5.38682E-05
122,5,4.40559E-05
122,6,7.66297E-05
122,7,7.53572E-05
122,8,5.63579E-05
122,9,0.000122738
122,10,0.000118808
122,11,0.000144608
122,12,0.000302868
122,13,0.000130083
122,14,0.000172943
122,15,0.000196395
122,16,0.000121611
122,17,0.000130383
122,18,0.00040496
122,19,0.000202018
122,20,0.0002269
122,21,0.000468414
122,22,0.000638553
122,23,0.000499029
122,24,0.000230337
122,25,0.000212146
122,26,0.000337372
122,27,0.00049287
122,28,0.000600504
122,29,0.000863641
122,30,0.001433815
122,31,0.000512132
122,32,0.000480917
122,33,0.001177927
122,34,0.001624304
122,35,0.000484758
122,36,0.000559737
122,37,0.000562428
122,38,0.000518548
122,39,0.000516892
122,40,0.000473936
122,41,0.000577262
122,42,0.001171559
122,43,0.000983601
122,44,0.001823006
122,45,0.003183953
122,46,0.001053096
122,47,0.000767043
122,48,0.001273214
122,49,0.002090267
122,50,0.001037325
122,51,0.001022862
122,52,0.00167489
122,53,0.002325097
122,54,0.001105929
122,55,0.001524179
122,56,0.001047832
122,57,0.002882674
122,58,0.002815518
122,59,0.002582053
122,60,0.002124435
122,61,0.003936019
122,62,0.002976572
122,63,0.003457245
122,64,0.003022025
122,65,0.003267922
122,66,0.004886205
122,67,0.003836579
122,68,0.004012253
122,69,0.004743147
122,70,0.004124449
122,71,0.005135086
122,72,0.005201957
122,73,0.00622002
122,74,0.00730266
122,75,0.006793244
122,76,0.008966866
122,77,0.007123554
122,78,0.007921371
122,79,0.00915247
122,80,0.010300938
122,81,0.011270953
122,82,0.010968233
122,83,0.013710284
122,84,0.014923531
122,85,0.014981172
122,86,0.020042831
122,87,0.017769245
122,88,0.016306198
122,89,0.022621458
122,90,0.019931315
122,91,0.022737992
122,92,0.026284916
122,93,0.023541048
122,94,0.025777047
122,95,0.025631183
122,96,0.025295686
122,97,0.029387545
122,98,0.030286571
122,99,0.028950506
122,100,0.029579275
122,101,0.030835466
122,102,0.028978533
122,103,0.02819044
122,104,0.028295014
122,105,0.024807925
122,106,0.026046064
122,107,0.026424848
122,108,0.02464201
122,109,0.020501748
122,110,0.017847036
122,111,0.018827958
122,112,0.01670545
122,113,0.015121467
122,114,0.013696272
122,115,0.011999256
122,116,0.013447162
122,117,0.015351481
122,118,0.014100773
122,119,0.010012581
122,120,0.009849108
122,121,0.011041887
122,122,0.009045043
122,123,0.007193075
122,124,0.007657534
122,125,0.009353139
122,126,0.006511336
122,127,0.004828216
122,128,0.004384646
122,129,0.004894303
122,130,0.004226717
122,131,0.003663873
122,132,0.00445494
122,133,0.003796397
122,134,0.004505021
122,135,0.004141053
122,136,0.003528218
122,137,0.004933477
122,138,0.004146074
122,139,0.004153994
122,140,0.005095152
122,141,0.001958377
122,142,0.005235775
122,143,0.00430789
122,144,0.003641447
122,145,0.002908259
122,146,0.002372196
122,147,0.002351654
122,148,0.001394289
122,149,0.001645439
122,150,0.002439028
122,151,0.001966053
122,152,0.001794256
122,153,0.001318151
122,154,0.001270676
122,155,0.001457396
122,156,0.00081507
122,157,0.000592267
122,158,0.000596102
122,159,0.001190362
122,160,0.001685245
122,161,0.000817278
122,162,0.000421692
122,163,0.00042236
122,164,0.001023789
122,165,0.001188231
122,166,0.001329098
122,167,0.000892841
122,168,0.000362135
122,169,0.000702231
122,170,0.000469878
122,171,0.000372786
122,172,0.000316183
122,173,0.000291556
122,174,0.000370217
122,175,0.00034242
122,176,0.000937872
122,177,0.000633084
122,178,0.000294627
122,179,0.000284269
122,180,0.000690267
122,181,0.000184205
122,182,0.000225879
122,183,0.000165318
122,184,0.000193375
122,185,0.000160347
122,186,0.000164816
122,187,0.000715087
122,188,0.000103197
122,189,0.000102758
122,190,0.000114926
122,191,9.43843E-05
122,192,0.000101041
122,193,4.02489E-05
122,194,3.34763E-05
122,195,4.25724E-05
122,196,2.49769E-05
122,197,2.12716E-07
122,198,3.44535E-30
122,199,3.71321E-30
123,0,5.73086E-30
123,1,5.67876E-30
123,2,2.93516E-06
123,3,4.10104E-05
123,4,4.09352E-05
123,5,7.25352E-05
123,6,7.8461E-05
123,7,6.36373E-05
123,8,0.000222203
123,9,0.000116567
123,10,0.000133122
123,11,0.000107238
123,12,0.000132864
123,13,0.000204752
123,14,0.000184277
123,15,0.00012654
123,16,0.000488703
123,17,0.000224594
123,18,0.00065574
123,19,0.000239221
123,20,0.000258372
123,21,0.000299466
123,22,0.000309635
123,23,0.001209735
123,24,0.000420553
123,25,0.00029743
123,26,0.000446649
123,27,0.000332034
123,28,0.000354663
123,29,0.000315416
123,30,0.000807466
123,31,0.001010106
123,32,0.000605095
123,33,0.000488985
123,34,0.000485866
123,35,0.001069131
123,36,0.001722656
123,37,0.0006899
123,38,0.00091238
123,39,0.000696263
123,40,0.000581888
123,41,0.000585981
123,42,0.000962215
123,43,0.001028377
123,44,0.001886686
123,45,0.000707283
123,46,0.000864004
123,47,0.00078056
123,48,0.000844557
123,49,0.001363825
123,50,0.002346908
123,51,0.001483013
123,52,0.001321192
123,53,0.001056909
123,54,0.001156859
123,55,0.002005217
123,56,0.001535142
123,57,0.001957217
123,58,0.002696118
123,59,0.002713911
123,60,0.0018674
123,61,0.002548296
123,62,0.002265479
123,63,0.002591335
123,64,0.003432543
123,65,0.002189095
123,66,0.003312693
123,67,0.002690111
123,68,0.003139374
123,69,0.003774972
123,70,0.00418446
123,71,0.004000204
123,72,0.005477679
123,73,0.005009599
123,74,0.006588696
123,75,0.00724551
123,76,0.008903267
123,77,0.012765771
123,78,0.014089748
123,79,0.0112971
123,80,0.0131036
123,81,0.015525172
123,82,0.013189893
123,83,0.012721985
123,84,0.013537469
123,85,0.015416041
123,86,0.019079273
123,87,0.016603371
123,88,0.017118008
123,89,0.018638211
123,90,0.025210771
123,91,0.023267695
123,92,0.02464917
123,93,0.025346821
123,94,0.030108732
123,95,0.024781371
123,96,0.025019878
123,97,0.029989742
123,98,0.027720928
123,99,0.030704402
123,100,0.030708349
123,101,0.028336212
123,102,0.028148951
123,103,0.027839608
123,104,0.025993795
123,105,0.026766223
123,106,0.028720041
123,107,0.028436158
123,108,0.024129618
123,109,0.020244628
123,110,0.017804395
123,111,0.018739464
123,112,0.016364541
123,113,0.014955574
123,114,0.012344409
123,115,0.013253493
123,116,0.013346476
123,117,0.012884913
123,118,0.013047225
123,119,0.010902204
123,120,0.010388092
123,121,0.012087941
123,122,0.00744368
123,123,0.007679107
123,124,0.005822143
123,125,0.010271093
123,126,0.008391838
123,127,0.005764293
123,128,0.008165572
123,129,0.008411724
123,130,0.00688922
123,131,0.005320413
123,132,0.005918524
123,133,0.003794672
123,134,0.004606806
123,135,0.003013727
123,136,0.003901537
123,137,0.003632942
123,138,0.003788082
123,139,0.002261757
123,140,0.002174334
123,141,0.002211965
123,142,0.002190818
123,143,0.002458643
123,144,0.002327507
123,145,0.001268392
123,146,0.001342946
123,147,0.001228974
123,148,0.001049023
123,149,0.001936117
123,150,0.001174899
123,151,0.00111989
123,152,0.001414412
123,153,0.001639648
123,154,0.001650223
123,155,0.000808355
123,156,0.000789833
123,157,0.000794947
123,158,0.000604335
123,159,0.000495805
123,160,0.001258801
123,161,0.000853161
123,162,0.000824961
123,163,0.001638896
123,164,0.001537718
123,165,0.00069185
123,166,0.001009869
123,167,0.000459766
123,168,0.0002787
123,169,0.000499643
123,170,0.00088907
123,171,0.000728071
123,172,0.000395742
123,173,0.000665227
123,174,0.000324397
123,175,0.000285813
123,176,0.001600973
123,177,0.000456806
123,178,0.000181609
123,179,0.000343982
123,180,0.001089038
123,181,0.000192375
123,182,0.00016824
123,183,0.000249887
123,184,0.00016725
123,185,0.000725159
123,186,0.000169487
123,187,0.000170425
123,188,0.000129058
123,189,8.27988E-05
123,190,0.000103529
123,191,0.000103081
123,192,0.000101276
123,193,0.00011012
123,194,6.59943E-05
123,195,2.95673E-05
123,196,3.14844E-05
123,197,3.35068E-06
123,198,4.45884E-30
123,199,3.96671E-30
124,0,4.79358E-30
124,1,3.2878E-30
124,2,5.76959E-07
124,3,1.59795E-05
124,4,3.92739E-05
124,5,3.99927E-05
124,6,5.3851E-05
124,7,9.15719E-05
124,8,0.000149837
124,9,0.000139799
124,10,0.000458734
124,11,0.000209444
124,12,0.000245424
124,13,0.000201298
124,14,0.000141012
124,15,0.000767215
124,16,0.001183515
124,17,0.000476096
124,18,0.00184943
124,19,0.000756746
124,20,0.000245157
124,21,0.000193349
124,22,0.000232481
124,23,0.000286222
124,24,0.000579023
124,25,0.000348927
124,26,0.000977648
124,27,0.00139047
124,28,0.000337634
124,29,0.001100872
124,30,0.001646312
124,31,0.001051416
124,32,0.000597066
124,33,0.000373479
124,34,0.000438911
124,35,0.001202992
124,36,0.000492458
124,37,0.000628852
124,38,0.000741449
124,39,0.001135962
124,40,0.001002631
124,41,0.000821886
124,42,0.000723511
124,43,0.000588642
124,44,0.000743685
124,45,0.001029798
124,46,0.001299877
124,47,0.001884308
124,48,0.000908214
124,49,0.001439357
124,50,0.001305503
124,51,0.001182888
124,52,0.001206036
124,53,0.00090142
124,54,0.001838407
124,55,0.001780498
124,56,0.001313927
124,57,0.002138841
124,58,0.003897482
124,59,0.002729023
124,60,0.002751312
124,61,0.004130595
124,62,0.003827994
124,63,0.003039308
124,64,0.004670388
124,65,0.002876793
124,66,0.003564905
124,67,0.003657517
124,68,0.003441834
124,69,0.004018159
124,70,0.004762615
124,71,0.004662046
124,72,0.007080614
124,73,0.005657968
124,74,0.005616898
124,75,0.007503104
124,76,0.007556828
124,77,0.007794925
124,78,0.009881355
124,79,0.011049962
124,80,0.010818399
124,81,0.009801722
124,82,0.013078484
124,83,0.015186469
124,84,0.013737753
124,85,0.017813143
124,86,0.023584305
124,87,0.020285287
124,88,0.021757869
124,89,0.020067904
124,90,0.021966433
124,91,0.024096843
124,92,0.021116876
124,93,0.025516216
124,94,0.025837676
124,95,0.027564871
124,96,0.026490471
124,97,0.029838711
124,98,0.028054976
124,99,0.028993567
124,100,0.027886883
124,101,0.029690977
124,102,0.029053741
124,103,0.025729655
124,104,0.027547173
124,105,0.029900635
124,106,0.022664065
124,107,0.024370387
124,108,0.025147917
124,109,0.023061177
124,110,0.018601571
124,111,0.016678106
124,112,0.014673866
124,113,0.014837591
124,114,0.015082816
124,115,0.01372463
124,116,0.013701098
124,117,0.013807818
124,118,0.011860695
124,119,0.010369105
124,120,0.010095712
124,121,0.013461758
124,122,0.007407689
124,123,0.009822621
124,124,0.007557243
124,125,0.007344922
124,126,0.006312701
124,127,0.004767667
124,128,0.006225844
124,129,0.005441301
124,130,0.00415181
124,131,0.003797928
124,132,0.005550409
124,133,0.00333439
124,134,0.004965397
124,135,0.004219744
124,136,0.003504705
124,137,0.00403586
124,138,0.003398994
124,139,0.002929012
124,140,0.00302389
124,141,0.005138648
124,142,0.001889675
124,143,0.001624697
124,144,0.002316385
124,145,0.002306362
124,146,0.001979473
124,147,0.001343086
124,148,0.001971822
124,149,0.00157306
124,150,0.000845583
124,151,0.0009242
124,152,0.002467543
124,153,0.000865068
124,154,0.000975972
124,155,0.00081731
124,156,0.001636532
124,157,0.00134596
124,158,0.000571549
124,159,0.000859291
124,160,0.001014823
124,161,0.000721151
124,162,0.000635816
124,163,0.001182476
124,164,0.001408009
124,165,0.000588541
124,166,0.000413371
124,167,0.00120974
124,168,0.000615028
124,169,0.000687552
124,170,0.000847584
124,171,0.001774594
124,172,0.000341501
124,173,0.000553767
124,174,0.000606772
124,175,0.000251119
124,176,0.000304331
124,177,0.00158119
124,178,0.001075021
124,179,0.000335113
124,180,0.000511964
124,181,0.000247988
124,182,0.000205615
124,183,0.000282609
124,184,0.00027867
124,185,0.0002162
124,186,0.00015974
124,187,0.00020836
124,188,0.000163245
124,189,0.000115957
124,190,6.53565E-05
124,191,4.55186E-05
124,192,7.25709E-05
124,193,0.000196638
124,194,0.000191101
124,195,8.32621E-05
124,196,2.83042E-05
124,197,4.76256E-30
124,198,5.36719E-30
124,199,4.45455E-30
125,0,4.83852E-30
125,1,5.23989E-30
125,2,6.8734E-30
125,3,2.77629E-05
125,4,8.04137E-05
125,5,6.45824E-05
125,6,6.94512E-05
125,7,9.09821E-05
125,8,0.000358107
125,9,0.000137369
125,10,0.000151965
125,11,0.000211968
125,12,0.000189478
125,13,0.000626982
125,14,0.000423464
125,15,0.000391802
125,16,0.000313706
125,17,0.000745499
125,18,0.001195057
125,19,0.000908698
125,20,0.000270601
125,21,0.000230057
125,22,0.000182086
125,23,0.000572464
125,24,0.00030709
125,25,0.000242818
125,26,0.000312555
125,27,0.000485427
125,28,0.001465241
125,29,0.000623609
125,30,0.000612027
125,31,0.001319719
125,32,0.000415772
125,33,0.000694015
125,34,0.000622028
125,35,0.000516534
125,36,0.000605894
125,37,0.000520976
125,38,0.000767726
125,39,0.000510261
125,40,0.000636088
125,41,0.000807055
125,42,0.001601462
125,43,0.000762723
125,44,0.000979183
125,45,0.000823001
125,46,0.001040478
125,47,0.001044883
125,48,0.000946845
125,49,0.000937006
125,50,0.000980555
125,51,0.001000294
125,52,0.001527581
125,53,0.003736568
125,54,0.004291849
125,55,0.001524762
125,56,0.001068339
125,57,0.002307171
125,58,0.003460756
125,59,0.002969132
125,60,0.00245363
125,61,0.002087127
125,62,0.00263514
125,63,0.003362173
125,64,0.003015088
125,65,0.003817997
125,66,0.003963076
125,67,0.003014
125,68,0.00389629
125,69,0.003684404
125,70,0.004219124
125,71,0.004832725
125,72,0.004945571
125,73,0.006075403
125,74,0.005779374
125,75,0.006926546
125,76,0.00561566
125,77,0.007388257
125,78,0.007981169
125,79,0.010302963
125,80,0.013871675
125,81,0.0151481
125,82,0.012528148
125,83,0.013244106
125,84,0.016200061
125,85,0.018612542
125,86,0.020227811
125,87,0.016343607
125,88,0.022456314
125,89,0.024494684
125,90,0.025921616
125,91,0.026657451
125,92,0.024217886
125,93,0.025718799
125,94,0.022624063
125,95,0.026021356
125,96,0.024928624
125,97,0.028709899
125,98,0.027063916
125,99,0.029443586
125,100,0.031719787
125,101,0.03231455
125,102,0.028569168
125,103,0.032198815
125,104,0.022624257
125,105,0.022878062
125,106,0.021569746
125,107,0.025187353
125,108,0.021505793
125,109,0.024522206
125,110,0.021773101
125,111,0.01618422
125,112,0.015490321
125,113,0.015583143
125,114,0.014517797
125,115,0.017040989
125,116,0.016252425
125,117,0.013617717
125,118,0.01149457
125,119,0.009857282
125,120,0.010653765
125,121,0.011577648
125,122,0.009094703
125,123,0.007084537
125,124,0.008120854
125,125,0.008268581
125,126,0.006804973
125,127,0.008010686
125,128,0.0045789
125,129,0.006457133
125,130,0.005291059
125,131,0.006845769
125,132,0.006224116
125,133,0.003088007
125,134,0.004918555
125,135,0.003076914
125,136,0.004598644
125,137,0.00207952
125,138,0.004149512
125,139,0.002172935
125,140,0.00401242
125,141,0.003452015
125,142,0.002294624
125,143,0.001054383
125,144,0.001660704
125,145,0.001540233
125,146,0.002057892
125,147,0.0018139
125,148,0.001557721
125,149,0.00177887
125,150,0.001937103
125,151,0.001952739
125,152,0.00139251
125,153,0.001257171
125,154,0.000933896
125,155,0.00070084
125,156,0.001180256
125,157,0.000694352
125,158,0.001337664
125,159,0.000799843
125,160,0.00054525
125,161,0.000486729
125,162,0.00057181
125,163,0.000484358
125,164,0.000468562
125,165,0.000308513
125,166,0.000914299
125,167,0.001120386
125,168,0.001194446
125,169,0.001973804
125,170,0.001075385
125,171,0.000508239
125,172,0.000303669
125,173,0.000352424
125,174,0.000360286
125,175,0.00061772
125,176,0.000217033
125,177,0.00041739
125,178,0.000684449
125,179,0.000332174
125,180,0.000160772
125,181,0.000247237
125,182,0.000469273
125,183,0.000746918
125,184,0.000181741
125,185,0.000189788
125,186,0.000358454
125,187,0.000158531
125,188,0.000161842
125,189,0.000179195
125,190,0.000118714
125,191,9.56107E-05
125,192,6.12152E-05
125,193,0.001578603
125,194,0.000938373
125,195,8.71747E-05
125,196,2.01336E-05
125,197,5.90721E-30
125,198,4.65384E-30
125,199,5.94959E-30
126,0,8.47893E-30
126,1,9.06903E-30
126,2,7.12436E-30
126,3,4.9331E-30
126,4,3.97625E-05
126,5,6.22393E-05
126,6,6.02884E-05
126,7,0.000107682
126,8,0.000253546
126,9,0.000153467
126,10,0.000176084
126,11,0.000123181
126,12,0.000130656
126,13,0.000102357
126,14,0.000166383
126,15,0.00019171
126,16,0.000160897
126,17,0.000645285
126,18,0.001099453
126,19,0.000529957
126,20,0.000234924
126,21,0.000132095
126,22,0.000239242
126,23,0.001011617
126,24,0.000314517
126,25,0.000497228
126,26,0.000247388
126,27,0.000233238
126,28,0.002010171
126,29,0.001006403
126,30,0.000404097
126,31,0.000363556
126,32,0.000419396
126,33,0.00115669
126,34,0.001201039
126,35,0.000477857
126,36,0.000682543
126,37,0.001237774
126,38,0.000467396
126,39,0.001493744
126,40,0.001007102
126,41,0.001506406
126,42,0.000759513
126,43,0.00074364
126,44,0.001353234
126,45,0.00175185
126,46,0.000807135
126,47,0.002486804
126,48,0.002152404
126,49,0.002522745
126,50,0.001272724
126,51,0.002096031
126,52,0.001618745
126,53,0.002660283
126,54,0.003128989
126,55,0.002547995
126,56,0.00366408
126,57,0.003409426
126,58,0.003732816
126,59,0.002841802
126,60,0.003888427
126,61,0.00478221
126,62,0.00443567
126,63,0.003892902
126,64,0.003608634
126,65,0.004156405
126,66,0.002663386
126,67,0.004413735
126,68,0.004563393
126,69,0.005854302
126,70,0.004585898
126,71,0.005078422
126,72,0.007110042
126,73,0.00810223
126,74,0.008728464
126,75,0.007525252
126,76,0.006692454
126,77,0.007347725
126,78,0.007993586
126,79,0.012342141
126,80,0.010432164
126,81,0.011789142
126,82,0.013789324
126,83,0.013601824
126,84,0.015051371
126,85,0.016106018
126,86,0.0179042
126,87,0.019922262
126,88,0.020325893
126,89,0.020729119
126,90,0.024713838
126,91,0.021552058
126,92,0.024870493
126,93,0.028014212
126,94,0.022018461
126,95,0.026274995
126,96,0.025489707
126,97,0.027149485
126,98,0.027211793
126,99,0.028362128
126,100,0.0322764
126,101,0.03319349
126,102,0.033145354
126,103,0.028634874
126,104,0.025071439
126,105,0.026478635
126,106,0.023611319
126,107,0.025147021
126,108,0.022122052
126,109,0.018917433
126,110,0.022526837
126,111,0.021169325
126,112,0.017660527
126,113,0.017889408
126,114,0.015474565
126,115,0.018423388
126,116,0.013464321
126,117,0.010245781
126,118,0.013140917
126,119,0.011461552
126,120,0.013336471
126,121,0.009600964
126,122,0.00721089
126,123,0.006934485
126,124,0.008433783
126,125,0.00575909
126,126,0.005763929
126,127,0.007518199
126,128,0.005173394
126,129,0.005112443
126,130,0.004384025
126,131,0.004441773
126,132,0.005790237
126,133,0.004208356
126,134,0.003159005
126,135,0.003359754
126,136,0.005598153
126,137,0.005457483
126,138,0.003159139
126,139,0.004566513
126,140,0.00432106
126,141,0.001703984
126,142,0.001962761
126,143,0.002724913
126,144,0.000997473
126,145,0.001660854
126,146,0.003580479
126,147,0.002030513
126,148,0.00082183
126,149,0.001686858
126,150,0.003031921
126,151,0.002137301
126,152,0.001749253
126,153,0.001519794
126,154,0.001076441
126,155,0.000682512
126,156,0.001283929
126,157,0.001084343
126,158,0.000725261
126,159,0.000773479
126,160,0.00053737
126,161,0.000568976
126,162,0.000498114
126,163,0.000451872
126,164,0.000508791
126,165,0.000344096
126,166,0.001539072
126,167,0.00212983
126,168,0.000549522
126,169,0.000383508
126,170,0.001011581
126,171,0.000346422
126,172,0.000289364
126,173,0.000251
126,174,0.00066605
126,175,0.000289823
126,176,0.000290918
126,177,0.000223768
126,178,0.000215892
126,179,0.000180512
126,180,0.000667113
126,181,0.000318309
126,182,0.000406692
126,183,0.000303666
126,184,0.000197929
126,185,0.000574224
126,186,0.000216945
126,187,0.000144193
126,188,0.000134226
126,189,0.000176296
126,190,0.000159296
126,191,8.27245E-05
126,192,9.08837E-05
126,193,0.000344709
126,194,0.00023465
126,195,3.52276E-05
126,196,1.17127E-05
126,197,5.15526E-30
126,198,5.13983E-30
126,199,6.15245E-30
127,0,7.16723E-30
127,1,7.57796E-30
127,2,8.87934E-30
127,3,3.72089E-06
127,4,4.53838E-05
127,5,7.37426E-05
127,6,0.000130481
127,7,0.000128778
127,8,0.000155783
127,9,0.00015374
127,10,0.000145474
127,11,0.000124236
127,12,0.000120828
127,13,0.000131791
127,14,0.000156786
127,15,0.000176816
127,16,0.000147908
127,17,0.000242562
127,18,0.000254014
127,19,0.002287055
127,20,0.000200304
127,21,0.000607148
127,22,0.000222508
127,23,0.001164941
127,24,0.000311182
127,25,0.000247011
127,26,0.000252293
127,27,0.000340901
127,28,0.00037642
127,29,0.000318527
127,30,0.000502469
127,31,0.00040772
127,32,0.000544904
127,33,0.00114793
127,34,0.001080385
127,35,0.001124668
127,36,0.000571849
127,37,0.000973887
127,38,0.000914112
127,39,0.001429226
127,40,0.002911405
127,41,0.000804372
127,42,0.00074277
127,43,0.000886901
127,44,0.000822686
127,45,0.001678607
127,46,0.001292738
127,47,0.001257885
127,48,0.002099463
127,49,0.003284607
127,50,0.001795024
127,51,0.002175574
127,52,0.001215687
127,53,0.002792711
127,54,0.003537993
127,55,0.002385068
127,56,0.003004926
127,57,0.002525393
127,58,0.004506366
127,59,0.00448817
127,60,0.004893104
127,61,0.005448878
127,62,0.003436933
127,63,0.002404266
127,64,0.005640881
127,65,0.003071679
127,66,0.002952977
127,67,0.002863156
127,68,0.00558582
127,69,0.005977376
127,70,0.003630653
127,71,0.004249204
127,72,0.00472254
127,73,0.008101604
127,74,0.006819446
127,75,0.005964535
127,76,0.009111793
127,77,0.011553016
127,78,0.009605953
127,79,0.010601735
127,80,0.010357214
127,81,0.011386705
127,82,0.012978655
127,83,0.013243906
127,84,0.015830726
127,85,0.017778147
127,86,0.01621011
127,87,0.015273743
127,88,0.016971461
127,89,0.022927727
127,90,0.023187741
127,91,0.022642164
127,92,0.0241882
127,93,0.019836275
127,94,0.027213333
127,95,0.026273578
127,96,0.028211889
127,97,0.029531328
127,98,0.028297101
127,99,0.026951071
127,100,0.027505888
127,101,0.031215731
127,102,0.033203495
127,103,0.028843435
127,104,0.033143849
127,105,0.02467501
127,106,0.025406121
127,107,0.024055878
127,108,0.018079512
127,109,0.021783818
127,110,0.022257813
127,111,0.020059074
127,112,0.021607985
127,113,0.016275084
127,114,0.017017787
127,115,0.014607767
127,116,0.013960064
127,117,0.012626595
127,118,0.01191986
127,119,0.016898654
127,120,0.010162511
127,121,0.008608447
127,122,0.007064877
127,123,0.007384573
127,124,0.008889628
127,125,0.006073021
127,126,0.006035703
127,127,0.006899206
127,128,0.005124425
127,129,0.007512312
127,130,0.005148617
127,131,0.006238281
127,132,0.005160504
127,133,0.003766464
127,134,0.00303367
127,135,0.004739337
127,136,0.003952879
127,137,0.003083733
127,138,0.003979876
127,139,0.004420338
127,140,0.003242346
127,141,0.001862732
127,142,0.004468825
127,143,0.002363387
127,144,0.001858194
127,145,0.001403981
127,146,0.002223891
127,147,0.001173264
127,148,0.00085935
127,149,0.001155533
127,150,0.001226966
127,151,0.003579982
127,152,0.00190647
127,153,0.0008393
127,154,0.002059835
127,155,0.001019177
127,156,0.000792102
127,157,0.001725157
127,158,0.001680171
127,159,0.00063706
127,160,0.001915421
127,161,0.001009399
127,162,0.000790928
127,163,0.001442042
127,164,0.000816985
127,165,0.000637853
127,166,0.001298831
127,167,0.001240096
127,168,0.000563599
127,169,0.000969152
127,170,0.000356509
127,171,0.000220125
127,172,0.000343552
127,173,0.000280701
127,174,0.000298566
127,175,0.000273795
127,176,0.000695375
127,177,0.001200571
127,178,0.000294161
127,179,0.000252901
127,180,0.000977967
127,181,0.000269309
127,182,0.000156624
127,183,0.000221099
127,184,0.000146849
127,185,0.000120692
127,186,0.000138327
127,187,0.000154905
127,188,0.000108207
127,189,0.000153052
127,190,0.000183092
127,191,0.000144336
127,192,5.3687E-05
127,193,0.000204602
127,194,6.21194E-05
127,195,3.37517E-05
127,196,3.17371E-06
127,197,9.22956E-30
127,198,8.23321E-30
127,199,5.60701E-30
128,0,5.85159E-30
128,1,5.96018E-30
128,2,3.77797E-30
128,3,4.48228E-30
128,4,4.99766E-05
128,5,0.00012676
128,6,0.00010165
128,7,0.00011712
128,8,0.000167543
128,9,0.000162306
128,10,0.000101561
128,11,0.000107808
128,12,0.00011843
128,13,0.000150571
128,14,0.000112496
128,15,0.000144111
128,16,0.000214795
128,17,0.000222681
128,18,0.000154441
128,19,0.00099668
128,20,0.000187853
128,21,0.000249875
128,22,0.000331117
128,23,0.000280205
128,24,0.0004935
128,25,0.000350314
128,26,0.000300792
128,27,0.000436539
128,28,0.000335142
128,29,0.000375049
128,30,0.000507996
128,31,0.000366626
128,32,0.000519928
128,33,0.001021227
128,34,0.000419118
128,35,0.002010912
128,36,0.000802605
128,37,0.000465778
128,38,0.000422975
128,39,0.000674496
128,40,0.00063085
128,41,0.000567633
128,42,0.000804831
128,43,0.000991191
128,44,0.000908344
128,45,0.002315723
128,46,0.001184535
128,47,0.001270402
128,48,0.002043585
128,49,0.001855765
128,50,0.001160327
128,51,0.001884194
128,52,0.002657137
128,53,0.002153016
128,54,0.003338384
128,55,0.004687735
128,56,0.002624581
128,57,0.002016635
128,58,0.003822893
128,59,0.003961823
128,60,0.004716395
128,61,0.003005672
128,62,0.006105107
128,63,0.002516306
128,64,0.00359384
128,65,0.004459863
128,66,0.004822788
128,67,0.004965146
128,68,0.003713286
128,69,0.004383033
128,70,0.005121365
128,71,0.00590456
128,72,0.005975643
128,73,0.005545403
128,74,0.005075478
128,75,0.005952505
128,76,0.007427315
128,77,0.010967628
128,78,0.010858841
128,79,0.011157056
128,80,0.011761178
128,81,0.011796619
128,82,0.011267467
128,83,0.014283285
128,84,0.015332155
128,85,0.015654002
128,86,0.020403862
128,87,0.017322557
128,88,0.016849483
128,89,0.018446248
128,90,0.019724913
128,91,0.020961062
128,92,0.021690563
128,93,0.023771918
128,94,0.025151128
128,95,0.02757276
128,96,0.026334655
128,97,0.027341254
128,98,0.032454647
128,99,0.025599116
128,100,0.029892025
128,101,0.030724869
128,102,0.030480075
128,103,0.028052763
128,104,0.028668389
128,105,0.026908307
128,106,0.02461603
128,107,0.026547895
128,108,0.020713777
128,109,0.019274788
128,110,0.020886039
128,111,0.021581653
128,112,0.021362369
128,113,0.018102873
128,114,0.01440844
128,115,0.015268203
128,116,0.016175345
128,117,0.013912226
128,118,0.011821339
128,119,0.012854157
128,120,0.009875017
128,121,0.010769779
128,122,0.010957744
128,123,0.009850506
128,124,0.00664102
128,125,0.009461576
128,126,0.008173545
128,127,0.007059028
128,128,0.007020935
128,129,0.007978447
128,130,0.005294994
128,131,0.007219165
128,132,0.005001818
128,133,0.004667629
128,134,0.004555468
128,135,0.004929403
128,136,0.004460131
128,137,0.002824252
128,138,0.00308617
128,139,0.00211408
128,140,0.003450453
128,141,0.003929652
128,142,0.002877646
128,143,0.00213542
128,144,0.001182844
128,145,0.001991328
128,146,0.003000992
128,147,0.001763045
128,148,0.002196316
128,149,0.002121926
128,150,0.002536876
128,151,0.002116064
128,152,0.001363731
128,153,0.000909553
128,154,0.002790757
128,155,0.000812745
128,156,0.000887777
128,157,0.00130397
128,158,0.00097697
128,159,0.000815811
128,160,0.001140065
128,161,0.001625894
128,162,0.001067575
128,163,0.001543503
128,164,0.00189233
128,165,0.000580482
128,166,0.000486373
128,167,0.000456904
128,168,0.000840233
128,169,0.00044097
128,170,0.000662685
128,171,0.000385348
128,172,0.001140143
128,173,0.000346526
128,174,0.000260604
128,175,0.000508234
128,176,0.000387503
128,177,0.002175404
128,178,0.000524204
128,179,0.000298905
128,180,0.000255156
128,181,0.00027124
128,182,0.000263312
128,183,0.0001283
128,184,0.000169509
128,185,0.000141294
128,186,0.000115196
128,187,0.000114416
128,188,0.000117707
128,189,7.30241E-05
128,190,0.000114957
128,191,0.000140539
128,192,0.000258559
128,193,0.000249198
128,194,3.43496E-05
128,195,1.54925E-05
128,196,7.32401E-30
128,197,6.89008E-30
128,198,6.12312E-30
128,199,5.97336E-30
129,0,5.07479E-30
129,1,3.94443E-30
129,2,5.15848E-30
129,3,6.14E-30
129,4,1.83269E-05
129,5,3.94307E-05
129,6,6.28787E-05
129,7,0.000100779
129,8,0.000144515
129,9,9.79657E-05
129,10,9.74992E-05
129,11,0.000154125
129,12,0.000147621
129,13,0.000117906
129,14,0.000154709
129,15,0.000217641
129,16,0.000197555
129,17,0.000221075
129,18,0.000192588
129,19,0.000200697
129,20,0.000320987
129,21,0.000280211
129,22,0.000275171
129,23,0.000195345
129,24,0.000243469
129,25,0.000208978
129,26,0.000280613
129,27,0.000417769
129,28,0.000659171
129,29,0.000376902
129,30,0.000591998
129,31,0.000515531
129,32,0.000407088
129,33,0.000338173
129,34,0.000405879
129,35,0.000518876
129,36,0.000398344
129,37,0.001237137
129,38,0.000884128
129,39,0.001472844
129,40,0.000538553
129,41,0.001035102
129,42,0.001690438
129,43,0.000834716
129,44,0.001422656
129,45,0.000842428
129,46,0.002001774
129,47,0.000911877
129,48,0.00133281
129,49,0.001188519
129,50,0.001981481
129,51,0.00118554
129,52,0.003426708
129,53,0.00259308
129,54,0.004020004
129,55,0.00159443
129,56,0.002196452
129,57,0.002631481
129,58,0.003175362
129,59,0.002528115
129,60,0.003248057
129,61,0.002735164
129,62,0.003348295
129,63,0.003181912
129,64,0.00292304
129,65,0.003019777
129,66,0.005110745
129,67,0.005407251
129,68,0.005091021
129,69,0.004538205
129,70,0.004849701
129,71,0.005538898
129,72,0.005924343
129,73,0.005579579
129,74,0.006197637
129,75,0.007550932
129,76,0.006783294
129,77,0.010358688
129,78,0.010927178
129,79,0.009692354
129,80,0.00982031
129,81,0.01013609
129,82,0.013773887
129,83,0.013434434
129,84,0.014696078
129,85,0.015193263
129,86,0.015873496
129,87,0.016736908
129,88,0.018308896
129,89,0.019873564
129,90,0.018529271
129,91,0.019808509
129,92,0.02197913
129,93,0.030146015
129,94,0.022133198
129,95,0.024783629
129,96,0.029730288
129,97,0.029339431
129,98,0.029632296
129,99,0.026953876
129,100,0.02768752
129,101,0.025457915
129,102,0.028137299
129,103,0.026933058
129,104,0.027426235
129,105,0.021704532
129,106,0.021820052
129,107,0.024218528
129,108,0.022015636
129,109,0.023465679
129,110,0.020334823
129,111,0.023886101
129,112,0.016483976
129,113,0.016593547
129,114,0.01510804
129,115,0.014410879
129,116,0.01503666
129,117,0.015924611
129,118,0.012116587
129,119,0.012658529
129,120,0.011784616
129,121,0.009021432
129,122,0.009549825
129,123,0.008477757
129,124,0.005806598
129,125,0.007238141
129,126,0.008286923
129,127,0.006326116
129,128,0.007715128
129,129,0.004543895
129,130,0.007668965
129,131,0.006084244
129,132,0.005394149
129,133,0.007914062
129,134,0.007345419
129,135,0.004104206
129,136,0.004157473
129,137,0.002923077
129,138,0.002363316
129,139,0.003646645
129,140,0.002886327
129,141,0.002388641
129,142,0.002425818
129,143,0.002901746
129,144,0.001330467
129,145,0.001154981
129,146,0.001530292
129,147,0.001625961
129,148,0.002601149
129,149,0.002664137
129,150,0.001114364
129,151,0.001149252
129,152,0.001142058
129,153,0.00250237
129,154,0.000828016
129,155,0.00103613
129,156,0.000947818
129,157,0.001958478
129,158,0.000839036
129,159,0.000619869
129,160,0.001022679
129,161,0.001087178
129,162,0.000672736
129,163,0.000721563
129,164,0.0007099
129,165,0.001264372
129,166,0.000545223
129,167,0.000417782
129,168,0.000275528
129,169,0.000409294
129,170,0.000436835
129,171,0.000386631
129,172,0.000452271
129,173,0.000313656
129,174,0.000260934
129,175,0.000225004
129,176,0.000231899
129,177,0.000239492
129,178,0.00139127
129,179,0.000231883
129,180,0.00055512
129,181,0.00170318
129,182,0.000129015
129,183,0.000119592
129,184,0.000139654
129,185,0.000143461
129,186,0.000130163
129,187,0.00011098
129,188,0.000101488
129,189,9.01588E-05
129,190,8.44394E-05
129,191,9.48464E-05
129,192,0.000107792
129,193,7.92302E-05
129,194,3.45999E-05
129,195,1.59498E-05
129,196,5.01174E-30
129,197,5.46466E-30
129,198,8.23485E-30
129,199,8.28653E-30
130,0,5.18712E-30
130,1,6.03558E-30
130,2,6.35634E-30
130,3,7.28705E-30
130,4,4.42918E-06
130,5,2.32508E-05
130,6,7.72013E-05
130,7,0.000121335
130,8,9.11777E-05
130,9,7.24014E-05
130,10,9.41058E-05
130,11,9.97045E-05
130,12,0.000136295
130,13,0.000167406
130,14,0.000191325
130,15,0.000177046
130,16,0.000167194
130,17,0.000444922
130,18,0.000346592
130,19,0.000218754
130,20,0.000610501
130,21,0.000256583
130,22,0.000164961
130,23,0.00017155
130,24,0.000232975
130,25,0.000525325
130,26,0.000322065
130,27,0.000316751
130,28,0.000361166
130,29,0.000366667
130,30,0.000345417
130,31,0.000423391
130,32,0.000895155
130,33,0.000875151
130,34,0.002105457
130,35,0.001577601
130,36,0.001792705
130,37,0.0010434
130,38,0.000999348
130,39,0.000606255
130,40,0.000510339
130,41,0.000965785
130,42,0.000804849
130,43,0.002062386
130,44,0.000827718
130,45,0.00067796
130,46,0.000982368
130,47,0.001863494
130,48,0.001271141
130,49,0.001747965
130,50,0.003643531
130,51,0.001607506
130,52,0.001697914
130,53,0.001025979
130,54,0.001945084
130,55,0.003561277
130,56,0.00350799
130,57,0.002723323
130,58,0.00249656
130,59,0.004616751
130,60,0.00281821
130,61,0.003332568
130,62,0.003125301
130,63,0.003820464
130,64,0.006180708
130,65,0.006705468
130,66,0.00495507
130,67,0.003824375
130,68,0.004684916
130,69,0.004411724
130,70,0.006090599
130,71,0.005836617
130,72,0.004410622
130,73,0.006686256
130,74,0.006349432
130,75,0.007712527
130,76,0.007709351
130,77,0.011674048
130,78,0.010688357
130,79,0.010742479
130,80,0.010112491
130,81,0.010956744
130,82,0.013010035
130,83,0.013238585
130,84,0.013020899
130,85,0.0165597
130,86,0.01731804
130,87,0.01586598
130,88,0.02212492
130,89,0.018772631
130,90,0.020138985
130,91,0.020348428
130,92,0.027586876
130,93,0.02436596
130,94,0.021564328
130,95,0.024720847
130,96,0.02742961
130,97,0.028343394
130,98,0.027778435
130,99,0.024625693
130,100,0.025447162
130,101,0.024759049
130,102,0.025658395
130,103,0.025726176
130,104,0.024289909
130,105,0.026257016
130,106,0.022033082
130,107,0.021663001
130,108,0.025246491
130,109,0.021305555
130,110,0.018729374
130,111,0.023724043
130,112,0.018051885
130,113,0.015603377
130,114,0.013560922
130,115,0.012921788
130,116,0.016943945
130,117,0.0128147
130,118,0.010836777
130,119,0.010379055
130,120,0.008107048
130,121,0.011789868
130,122,0.011804209
130,123,0.008545956
130,124,0.009794471
130,125,0.006496584
130,126,0.00596728
130,127,0.00688975
130,128,0.007453373
130,129,0.007095547
130,130,0.004669761
130,131,0.003362696
130,132,0.003017591
130,133,0.005051453
130,134,0.00512103
130,135,0.004797292
130,136,0.003099065
130,137,0.004579031
130,138,0.004879135
130,139,0.004550215
130,140,0.004479855
130,141,0.002297414
130,142,0.001597517
130,143,0.003905135
130,144,0.001598899
130,145,0.001296289
130,146,0.001274735
130,147,0.001281027
130,148,0.002108883
130,149,0.001940262
130,150,0.001251894
130,151,0.001453707
130,152,0.00156792
130,153,0.001755125
130,154,0.001061477
130,155,0.001163364
130,156,0.00072445
130,157,0.002758147
130,158,0.003399893
130,159,0.000955565
130,160,0.000606957
130,161,0.000692501
130,162,0.000554409
130,163,0.001239534
130,164,0.001412514
130,165,0.001086082
130,166,0.000648825
130,167,0.000381521
130,168,0.000344753
130,169,0.000541433
130,170,0.000429418
130,171,0.000943067
130,172,0.001258818
130,173,0.000612983
130,174,0.000295379
130,175,0.000305394
130,176,0.0002778
130,177,0.000288172
130,178,0.000266048
130,179,0.000276632
130,180,0.000178531
130,181,0.000229894
130,182,0.000213466
130,183,0.000120456
130,184,0.000106703
130,185,9.29214E-05
130,186,0.000111761
130,187,0.000114569
130,188,0.000108133
130,189,9.42806E-05
130,190,9.30639E-05
130,191,5.19867E-05
130,192,8.49562E-05
130,193,8.03183E-05
130,194,3.07456E-05
130,195,3.13058E-06
130,196,5.17881E-30
130,197,5.79874E-30
130,198,7.01664E-30
130,199,6.4673E-30
131,0,4.85942E-30
131,1,5.26347E-30
131,2,5.91239E-30
131,3,4.8586E-30
131,4,6.57467E-30
131,5,1.88631E-05
131,6,8.43114E-05
131,7,7.53344E-05
131,8,7.22451E-05
131,9,9.30304E-05
131,10,0.000115522
131,11,0.000111366
131,12,0.000110967
131,13,0.000136536
131,14,0.000130999
131,15,0.000178858
131,16,0.000164249
131,17,0.000278511
131,18,0.00033777
131,19,0.000333173
131,20,0.000900885
131,21,0.000210863
131,22,0.000174319
131,23,0.000331822
131,24,0.001000145
131,25,0.000387727
131,26,0.000655986
131,27,0.000331476
131,28,0.000324723
131,29,0.000348949
131,30,0.000391858
131,31,0.000359899
131,32,0.000371805
131,33,0.000876012
131,34,0.002569836
131,35,0.001355082
131,36,0.000561232
131,37,0.000469316
131,38,0.001174416
131,39,0.000715023
131,40,0.000703123
131,41,0.003010097
131,42,0.00098805
131,43,0.000918138
131,44,0.000962654
131,45,0.000916919
131,46,0.001161981
131,47,0.001796037
131,48,0.001054631
131,49,0.001424059
131,50,0.001522431
131,51,0.001340852
131,52,0.001263611
131,53,0.004044494
131,54,0.003123479
131,55,0.001704005
131,56,0.004600633
131,57,0.00189568
131,58,0.001750181
131,59,0.002952339
131,60,0.004559391
131,61,0.004241976
131,62,0.003533809
131,63,0.002592059
131,64,0.00363647
131,65,0.006205609
131,66,0.006002071
131,67,0.00462276
131,68,0.00418996
131,69,0.005780823
131,70,0.005776451
131,71,0.007744388
131,72,0.007122923
131,73,0.009076802
131,74,0.006864258
131,75,0.007049782
131,76,0.009668084
131,77,0.008282032
131,78,0.011167043
131,79,0.011984472
131,80,0.011875316
131,81,0.011906243
131,82,0.010951412
131,83,0.011957035
131,84,0.011479806
131,85,0.017265526
131,86,0.014639584
131,87,0.01751751
131,88,0.017864325
131,89,0.017855979
131,90,0.018815842
131,91,0.02111651
131,92,0.022813243
131,93,0.023958522
131,94,0.028134858
131,95,0.023092523
131,96,0.022235247
131,97,0.03078279
131,98,0.026215304
131,99,0.02737767
131,100,0.025102427
131,101,0.025641538
131,102,0.022354868
131,103,0.025701683
131,104,0.022432911
131,105,0.027853744
131,106,0.024101224
131,107,0.019310553
131,108,0.02398368
131,109,0.024384967
131,110,0.019908228
131,111,0.020240276
131,112,0.017248122
131,113,0.014949906
131,114,0.01309055
131,115,0.015667709
131,116,0.013017727
131,117,0.015373395
131,118,0.014948863
131,119,0.014529917
131,120,0.010319557
131,121,0.010858143
131,122,0.012141638
131,123,0.009373371
131,124,0.007719903
131,125,0.006887668
131,126,0.008843266
131,127,0.006432665
131,128,0.007225545
131,129,0.00478989
131,130,0.003778834
131,131,0.004632417
131,132,0.004006317
131,133,0.00463495
131,134,0.003928829
131,135,0.005168482
131,136,0.004780049
131,137,0.002905543
131,138,0.00767171
131,139,0.003497965
131,140,0.002432914
131,141,0.003117972
131,142,0.003585478
131,143,0.002756283
131,144,0.00255279
131,145,0.001969474
131,146,0.002040714
131,147,0.001349629
131,148,0.00334976
131,149,0.001386143
131,150,0.001029391
131,151,0.000885097
131,152,0.001554549
131,153,0.00127437
131,154,0.00170675
131,155,0.0010042
131,156,0.001135109
131,157,0.003470001
131,158,0.001791834
131,159,0.000837004
131,160,0.000708307
131,161,0.000816411
131,162,0.000861233
131,163,0.000689208
131,164,0.000701607
131,165,0.000607948
131,166,0.000611285
131,167,0.000778373
131,168,0.002106743
131,169,0.000747093
131,170,0.000308709
131,171,0.00073529
131,172,0.000473755
131,173,0.000281329
131,174,0.000915048
131,175,0.000324849
131,176,0.000351655
131,177,0.0007765
131,178,0.000347053
131,179,0.000253
131,180,0.000698841
131,181,0.00103333
131,182,0.000210844
131,183,0.000159706
131,184,0.000124728
131,185,0.000111577
131,186,0.000102788
131,187,8.73542E-05
131,188,0.000103225
131,189,8.3841E-05
131,190,7.1977E-05
131,191,9.88498E-05
131,192,0.000280094
131,193,3.06162E-05
131,194,3.72836E-05
131,195,4.94271E-30
131,196,5.55941E-30
131,197,6.35414E-30
131,198,4.94553E-30
131,199,5.43245E-30
132,0,5.65324E-30
132,1,5.42496E-30
132,2,6.52708E-30
132,3,5.8628E-30
132,4,6.37979E-30
132,5,2.39444E-05
132,6,6.90467E-05
132,7,3.54508E-05
132,8,5.46508E-05
132,9,8.35851E-05
132,10,0.000100909
132,11,0.000123208
132,12,0.000150434
132,13,0.000163202
132,14,0.000165801
132,15,0.000114381
132,16,0.000143426
132,17,0.000224072
132,18,0.001356157
132,19,0.000197171
132,20,0.000211628
132,21,0.000176226
132,22,0.000294649
132,23,0.000339925
132,24,0.000433238
132,25,0.000466964
132,26,0.000994441
132,27,0.000683331
132,28,0.000324485
132,29,0.000352694
132,30,0.000266391
132,31,0.000482294
132,32,0.000424724
132,33,0.000539358
132,34,0.000615954
132,35,0.001125282
132,36,0.000586182
132,37,0.000661487
132,38,0.000940868
132,39,0.001148593
132,40,0.000893752
132,41,0.002289402
132,42,0.001625345
132,43,0.001693294
132,44,0.001216884
132,45,0.001223371
132,46,0.000799126
132,47,0.000929265
132,48,0.001523337
132,49,0.001513345
132,50,0.001717699
132,51,0.002276172
132,52,0.002757973
132,53,0.003171812
132,54,0.00345043
132,55,0.002810982
132,56,0.001939862
132,57,0.003038098
132,58,0.002392439
132,59,0.002003044
132,60,0.002309124
132,61,0.002690607
132,62,0.003265046
132,63,0.004077395
132,64,0.004389521
132,65,0.003584359
132,66,0.004593076
132,67,0.003680886
132,68,0.005665203
132,69,0.004657476
132,70,0.004852485
132,71,0.009302413
132,72,0.00589086
132,73,0.005683228
132,74,0.007134524
132,75,0.008672211
132,76,0.009462983
132,77,0.011913534
132,78,0.013602815
132,79,0.011244812
132,80,0.011370976
132,81,0.012699325
132,82,0.013752441
132,83,0.014404609
132,84,0.014555226
132,85,0.016352923
132,86,0.018004416
132,87,0.017344718
132,88,0.017512732
132,89,0.016192819
132,90,0.016437066
132,91,0.01864866
132,92,0.024124594
132,93,0.026098048
132,94,0.024319443
132,95,0.025108041
132,96,0.022698159
132,97,0.02295364
132,98,0.022703172
132,99,0.025138099
132,100,0.02492506
132,101,0.022818703
132,102,0.02490352
132,103,0.027716706
132,104,0.029552385
132,105,0.020959126
132,106,0.025045026
132,107,0.021953684
132,108,0.01807916
132,109,0.019546682
132,110,0.02292694
132,111,0.023367205
132,112,0.021587397
132,113,0.018718421
132,114,0.015744852
132,115,0.014484991
132,116,0.016262097
132,117,0.01701683
132,118,0.015547839
132,119,0.016203735
132,120,0.011653674
132,121,0.01125165
132,122,0.00852764
132,123,0.00752785
132,124,0.009641749
132,125,0.006478316
132,126,0.00678049
132,127,0.005964683
132,128,0.006563926
132,129,0.005537754
132,130,0.00513095
132,131,0.005293437
132,132,0.004468224
132,133,0.003936986
132,134,0.005395952
132,135,0.0039675
132,136,0.002738837
132,137,0.002980716
132,138,0.005547911
132,139,0.004839448
132,140,0.002586675
132,141,0.003061635
132,142,0.001911846
132,143,0.003197005
132,144,0.002256169
132,145,0.004031706
132,146,0.00139096
132,147,0.001153955
132,148,0.002220079
132,149,0.001929232
132,150,0.001344748
132,151,0.000916859
132,152,0.0011796
132,153,0.001061923
132,154,0.001428601
132,155,0.002159028
132,156,0.00127264
132,157,0.00110958
132,158,0.000844944
132,159,0.00112415
132,160,0.000672395
132,161,0.000667955
132,162,0.000851087
132,163,0.000667025
132,164,0.000918911
132,165,0.000649954
132,166,0.001744836
132,167,0.001103221
132,168,0.000706757
132,169,0.00048092
132,170,0.000359088
132,171,0.000331509
132,172,0.000576819
132,173,0.00074704
132,174,0.000524449
132,175,0.000234405
132,176,0.000268094
132,177,0.000590799
132,178,0.000410185
132,179,0.000245721
132,180,0.000315568
132,181,0.000816564
132,182,0.000286414
132,183,0.000166935
132,184,0.000175156
132,185,0.000131388
132,186,9.04332E-05
132,187,0.000118061
132,188,9.75859E-05
132,189,9.72717E-05
132,190,8.73767E-05
132,191,0.000170186
132,192,5.72256E-05
132,193,4.99347E-05
132,194,7.5786E-06
132,195,8.59872E-30
132,196,6.74728E-30
132,197,4.50555E-30
132,198,4.59736E-30
132,199,6.71947E-30
133,0,6.72983E-30
133,1,7.95018E-30
133,2,5.44342E-30
133,3,6.53011E-30
133,4,6.53853E-30
133,5,6.25325E-06
133,6,3.78242E-05
133,7,9.15105E-05
133,8,8.97615E-05
133,9,0.000111753
133,10,8.91563E-05
133,11,0.000148136
133,12,0.000165081
133,13,0.000127673
133,14,0.000149205
133,15,0.000165716
133,16,0.000242406
133,17,0.000220184
133,18,0.001085796
133,19,0.000216089
133,20,0.000172769
133,21,0.000188987
133,22,0.000301308
133,23,0.000292084
133,24,0.000783834
133,25,0.000814352
133,26,0.000450813
133,27,0.000386453
133,28,0.000467542
133,29,0.000393599
133,30,0.000354642
133,31,0.000478885
133,32,0.000443556
133,33,0.001102002
133,34,0.000674758
133,35,0.000563693
133,36,0.00045937
133,37,0.000814788
133,38,0.001066887
133,39,0.001724475
133,40,0.001707929
133,41,0.00133537
133,42,0.001896121
133,43,0.002736051
133,44,0.003404876
133,45,0.001379113
133,46,0.000966929
133,47,0.001470584
133,48,0.002138607
133,49,0.002039855
133,50,0.002864797
133,51,0.002849281
133,52,0.002305722
133,53,0.004800153
133,54,0.003078198
133,55,0.002544609
133,56,0.002144864
133,57,0.002338741
133,58,0.003443165
133,59,0.002973768
133,60,0.00362847
133,61,0.004542633
133,62,0.003194796
133,63,0.004849644
133,64,0.004629009
133,65,0.005637957
133,66,0.003333119
133,67,0.003192294
133,68,0.005814787
133,69,0.006635697
133,70,0.006324153
133,71,0.0064402
133,72,0.007867204
133,73,0.007898873
133,74,0.006891762
133,75,0.008089519
133,76,0.008980199
133,77,0.008854331
133,78,0.010161485
133,79,0.008874065
133,80,0.010604913
133,81,0.01159328
133,82,0.013096732
133,83,0.013390588
133,84,0.014133031
133,85,0.018165315
133,86,0.017178682
133,87,0.015705445
133,88,0.019019017
133,89,0.017784816
133,90,0.018034136
133,91,0.022380106
133,92,0.025463395
133,93,0.020566789
133,94,0.024728568
133,95,0.029909554
133,96,0.026136467
133,97,0.027667563
133,98,0.025391282
133,99,0.025409146
133,100,0.022593351
133,101,0.025410244
133,102,0.029756194
133,103,0.024893105
133,104,0.025930053
133,105,0.027672673
133,106,0.022479651
133,107,0.026355755
133,108,0.018466681
133,109,0.017367026
133,110,0.018913058
133,111,0.016685373
133,112,0.018438105
133,113,0.017952448
133,114,0.019551889
133,115,0.017711397
133,116,0.015584791
133,117,0.016305152
133,118,0.012176865
133,119,0.011294715
133,120,0.009398033
133,121,0.010372129
133,122,0.012354292
133,123,0.008114262
133,124,0.008122577
133,125,0.005968279
133,126,0.007415637
133,127,0.005388199
133,128,0.00532223
133,129,0.005813099
133,130,0.00742087
133,131,0.006364064
133,132,0.004555218
133,133,0.00333126
133,134,0.005537259
133,135,0.006498976
133,136,0.00389498
133,137,0.004723191
133,138,0.003776474
133,139,0.002383738
133,140,0.003399855
133,141,0.002755405
133,142,0.002162501
133,143,0.002757058
133,144,0.003481845
133,145,0.002548018
133,146,0.001996331
133,147,0.001897696
133,148,0.001059495
133,149,0.002343731
133,150,0.001215374
133,151,0.000961686
133,152,0.000895332
133,153,0.001279986
133,154,0.001088049
133,155,0.001693986
133,156,0.002093164
133,157,0.000853253
133,158,0.001576882
133,159,0.000755244
133,160,0.000947825
133,161,0.000635605
133,162,0.000649862
133,163,0.000566952
133,164,0.000740591
133,165,0.001217591
133,166,0.000442147
133,167,0.000544006
133,168,0.001413378
133,169,0.000882788
133,170,0.000368673
133,171,0.000293475
133,172,0.000435394
133,173,0.000367382
133,174,0.00038267
133,175,0.0002794
133,176,0.000420542
133,177,0.000193412
133,178,0.001253232
133,179,0.001328336
133,180,0.000234812
133,181,0.000213631
133,182,0.000166053
133,183,0.000183832
133,184,0.000139384
133,185,0.000156094
133,186,0.000128296
133,187,0.000108556
133,188,9.85871E-05
133,189,0.000757892
133,190,9.93004E-05
133,191,0.00011532
133,192,4.32978E-05
133,193,3.20663E-05
133,194,1.46645E-06
133,195,6.44746E-30
133,196,6.51101E-30
133,197,6.1582E-30
133,198,7.24159E-30
133,199,6.09877E-30
134,0,6.82988E-30
134,1,5.79869E-30
134,2,7.77651E-30
134,3,7.64142E-30
134,4,7.42877E-30
134,5,7.71975E-30
134,6,3.64444E-05
134,7,3.52743E-05
134,8,4.73004E-05
134,9,4.19858E-05
134,10,0.000105244
134,11,0.000112025
134,12,6.00203E-05
134,13,0.000128649
134,14,0.000129776
134,15,0.000201511
134,16,0.000183261
134,17,0.000326246
134,18,0.000173113
134,19,0.000134097
134,20,0.00017468
134,21,0.000315787
134,22,0.000255776
134,23,0.000355852
134,24,0.000338268
134,25,0.000605548
134,26,0.000322812
134,27,0.000788309
134,28,0.001104764
134,29,0.000350238
134,30,0.00051512
134,31,0.000526436
134,32,0.00045469
134,33,0.000472057
134,34,0.000691121
134,35,0.000610013
134,36,0.00053642
134,37,0.001536228
134,38,0.00197776
134,39,0.002303434
134,40,0.001237906
134,41,0.000899999
134,42,0.00057718
134,43,0.003273189
134,44,0.00286407
134,45,0.00148212
134,46,0.001164105
134,47,0.001819314
134,48,0.003166198
134,49,0.002202113
134,50,0.00285125
134,51,0.001607239
134,52,0.002861067
134,53,0.002895386
134,54,0.003479676
134,55,0.004285889
134,56,0.003661351
134,57,0.002124704
134,58,0.002908682
134,59,0.002256068
134,60,0.002273795
134,61,0.003357905
134,62,0.003967803
134,63,0.00296062
134,64,0.004041566
134,65,0.004853476
134,66,0.003602102
134,67,0.003335166
134,68,0.005093534
134,69,0.004506338
134,70,0.006568682
134,71,0.006063977
134,72,0.007346851
134,73,0.006718627
134,74,0.006682132
134,75,0.005736461
134,76,0.008725276
134,77,0.01112217
134,78,0.009020256
134,79,0.010283415
134,80,0.011497456
134,81,0.011094425
134,82,0.013474112
134,83,0.0119039
134,84,0.012605006
134,85,0.015070134
134,86,0.016130095
134,87,0.017033525
134,88,0.020550078
134,89,0.019706674
134,90,0.01797786
134,91,0.020356512
134,92,0.022044277
134,93,0.019860153
134,94,0.024322707
134,95,0.026086899
134,96,0.026312677
134,97,0.025250966
134,98,0.025007558
134,99,0.022755273
134,100,0.022771437
134,101,0.029737832
134,102,0.024394107
134,103,0.025616097
134,104,0.027122643
134,105,0.025177674
134,106,0.022669565
134,107,0.022533243
134,108,0.020862741
134,109,0.016103919
134,110,0.019390744
134,111,0.018896161
134,112,0.016162012
134,113,0.01737837
134,114,0.020069493
134,115,0.016500912
134,116,0.016194579
134,117,0.01461848
134,118,0.011843244
134,119,0.015323262
134,120,0.013327045
134,121,0.010132915
134,122,0.0070424
134,123,0.00775315
134,124,0.006513457
134,125,0.007089867
134,126,0.006729326
134,127,0.004890986
134,128,0.007319114
134,129,0.005447663
134,130,0.005239969
134,131,0.005498506
134,132,0.003967833
134,133,0.004717656
134,134,0.005209673
134,135,0.00438096
134,136,0.004633211
134,137,0.003242448
134,138,0.004196773
134,139,0.002550487
134,140,0.002177601
134,141,0.004255745
134,142,0.002977475
134,143,0.002129658
134,144,0.001777094
134,145,0.001644094
134,146,0.001735152
134,147,0.001948729
134,148,0.001396176
134,149,0.000982541
134,150,0.001275297
134,151,0.00093498
134,152,0.001134455
134,153,0.000938649
134,154,0.001302859
134,155,0.001383071
134,156,0.000913504
134,157,0.001268396
134,158,0.000787445
134,159,0.000700306
134,160,0.000521351
134,161,0.000766434
134,162,0.000628216
134,163,0.000561312
134,164,0.000466871
134,165,0.000875554
134,166,0.000485972
134,167,0.000480658
134,168,0.001413639
134,169,0.000453342
134,170,0.000374713
134,171,0.000389228
134,172,0.000305819
134,173,0.000362534
134,174,0.000277495
134,175,0.000309221
134,176,0.00031023
134,177,0.000302939
134,178,0.001290511
134,179,0.001121324
134,180,0.000185144
134,181,0.000236116
134,182,0.000201175
134,183,0.000188357
134,184,0.000192445
134,185,0.000129739
134,186,0.000125031
134,187,0.00011571
134,188,9.96238E-05
134,189,0.000910763
134,190,0.000636359
134,191,5.57007E-05
134,192,4.06831E-05
134,193,1.47408E-06
134,194,8.46681E-30
134,195,6.55079E-30
134,196,6.72696E-30
134,197,7.33537E-30
134,198,4.83432E-30
134,199,5.1958E-30
135,0,6.37628E-30
135,1,6.78162E-30
135,2,7.12989E-30
135,3,8.21322E-30
135,4,9.06071E-30
135,5,5.2936E-30
135,6,4.57052E-06
135,7,2.48931E-05
135,8,3.15482E-05
135,9,8.89186E-05
135,10,9.67542E-05
135,11,5.87642E-05
135,12,0.000111183
135,13,0.000177373
135,14,0.000212429
135,15,0.000189236
135,16,0.000220681
135,17,0.000130442
135,18,0.000195587
135,19,0.000388642
135,20,0.000311092
135,21,0.0004707
135,22,0.000349613
135,23,0.000342516
135,24,0.0004006
135,25,0.000582006
135,26,0.000331507
135,27,0.000720443
135,28,0.000396528
135,29,0.000433778
135,30,0.000475585
135,31,0.000424006
135,32,0.000444175
135,33,0.000558978
135,34,0.000542277
135,35,0.000794743
135,36,0.00074026
135,37,0.001179954
135,38,0.001292361
135,39,0.001474358
135,40,0.001708717
135,41,0.000699021
135,42,0.00108071
135,43,0.001258216
135,44,0.002630581
135,45,0.001428106
135,46,0.000910041
135,47,0.001387256
135,48,0.000993172
135,49,0.001199049
135,50,0.001473898
135,51,0.001618765
135,52,0.002229516
135,53,0.002623448
135,54,0.003710068
135,55,0.003014026
135,56,0.002656725
135,57,0.002202415
135,58,0.001904196
135,59,0.002518423
135,60,0.003354958
135,61,0.00377945
135,62,0.004035361
135,63,0.005024203
135,64,0.002873816
135,65,0.003809982
135,66,0.004103209
135,67,0.007178195
135,68,0.005135369
135,69,0.004568249
135,70,0.004749877
135,71,0.005574503
135,72,0.005789773
135,73,0.006457425
135,74,0.006820551
135,75,0.008018139
135,76,0.01012572
135,77,0.008246275
135,78,0.009616836
135,79,0.011330581
135,80,0.011878806
135,81,0.012849871
135,82,0.014468421
135,83,0.013072107
135,84,0.013342968
135,85,0.015298593
135,86,0.01569521
135,87,0.018729716
135,88,0.015843799
135,89,0.020457959
135,90,0.01964182
135,91,0.02237117
135,92,0.023423358
135,93,0.026424655
135,94,0.024200824
135,95,0.026895689
135,96,0.026607541
135,97,0.026999393
135,98,0.025539959
135,99,0.02528617
135,100,0.029124507
135,101,0.025395513
135,102,0.025199966
135,103,0.023244791
135,104,0.024068145
135,105,0.024329488
135,106,0.028161965
135,107,0.023376635
135,108,0.019175322
135,109,0.01815598
135,110,0.019614952
135,111,0.018327056
135,112,0.015705614
135,113,0.015355249
135,114,0.015990197
135,115,0.014512354
135,116,0.01258831
135,117,0.014088648
135,118,0.011050778
135,119,0.014330265
135,120,0.013940753
135,121,0.011635304
135,122,0.010006629
135,123,0.008137198
135,124,0.007449848
135,125,0.007449056
135,126,0.007011742
135,127,0.006764188
135,128,0.006617395
135,129,0.006527073
135,130,0.00601452
135,131,0.006713498
135,132,0.004515218
135,133,0.003306365
135,134,0.005019101
135,135,0.005615955
135,136,0.004919112
135,137,0.004621107
135,138,0.0033888
135,139,0.00251924
135,140,0.002540578
135,141,0.002503572
135,142,0.002159248
135,143,0.002572311
135,144,0.002287642
135,145,0.005032288
135,146,0.002961087
135,147,0.002019267
135,148,0.001276483
135,149,0.001269444
135,150,0.001116899
135,151,0.001140244
135,152,0.000889645
135,153,0.00123417
135,154,0.001527227
135,155,0.002685079
135,156,0.000865914
135,157,0.000829367
135,158,0.000759967
135,159,0.000750936
135,160,0.001319772
135,161,0.001014919
135,162,0.000566362
135,163,0.000530293
135,164,0.000599151
135,165,0.000611569
135,166,0.000577492
135,167,0.000389849
135,168,0.001255273
135,169,0.000657604
135,170,0.000365402
135,171,0.000369137
135,172,0.00033146
135,173,0.000383032
135,174,0.000525858
135,175,0.000339062
135,176,0.00029994
135,177,0.000323491
135,178,0.000452407
135,179,0.00020813
135,180,0.000687005
135,181,0.00022487
135,182,0.000172027
135,183,0.000141527
135,184,0.000161895
135,185,0.000195753
135,186,0.00013814
135,187,0.000127759
135,188,0.000101353
135,189,8.04817E-05
135,190,0.00018343
135,191,7.61787E-05
135,192,6.06996E-05
135,193,1.95302E-05
135,194,5.25E-30
135,195,7.04446E-30
135,196,5.81553E-30
135,197,6.34279E-30
135,198,6.06113E-30
135,199,4.55173E-30
136,0,5.12641E-30
136,1,5.22246E-30
136,2,6.69545E-30
136,3,7.49659E-30
136,4,5.10688E-30
136,5,7.62563E-30
136,6,7.68005E-30
136,7,1.44366E-05
136,8,6.75444E-05
136,9,6.57188E-05
136,10,4.31198E-05
136,11,8.66343E-05
136,12,0.000157503
136,13,0.000143001
136,14,0.000132685
136,15,0.000157126
136,16,0.000480447
136,17,0.000151542
136,18,0.000192655
136,19,0.00024775
136,20,0.000273727
136,21,0.000298503
136,22,0.000266116
136,23,0.000236297
136,24,0.000470978
136,25,0.000316573
136,26,0.000273296
136,27,0.000690506
136,28,0.000535673
136,29,0.00043192
136,30,0.000405307
136,31,0.000349108
136,32,0.000391788
136,33,0.000554671
136,34,0.000512298
136,35,0.000815962
136,36,0.000661616
136,37,0.000677568
136,38,0.000606033
136,39,0.001269433
136,40,0.00111533
136,41,0.001542328
136,42,0.001656863
136,43,0.000953128
136,44,0.002081093
136,45,0.001410731
136,46,0.000833778
136,47,0.001093364
136,48,0.001052411
136,49,0.001056839
136,50,0.002273015
136,51,0.002131544
136,52,0.001699503
136,53,0.00310501
136,54,0.003527385
136,55,0.002044587
136,56,0.004622813
136,57,0.003576702
136,58,0.002592335
136,59,0.002854874
136,60,0.003127005
136,61,0.004648372
136,62,0.003370247
136,63,0.006313447
136,64,0.005255257
136,65,0.004404941
136,66,0.00463169
136,67,0.004542681
136,68,0.004054551
136,69,0.005355446
136,70,0.007635842
136,71,0.005590293
136,72,0.00755907
136,73,0.006365296
136,74,0.007996608
136,75,0.009051337
136,76,0.012029613
136,77,0.013253367
136,78,0.009999217
136,79,0.01187702
136,80,0.01155855
136,81,0.013106017
136,82,0.011778779
136,83,0.010690575
136,84,0.013085595
136,85,0.014796094
136,86,0.014506978
136,87,0.018675344
136,88,0.02016926
136,89,0.021966737
136,90,0.022377355
136,91,0.027047282
136,92,0.022009154
136,93,0.022178806
136,94,0.025103811
136,95,0.027161507
136,96,0.026151237
136,97,0.024499801
136,98,0.026017011
136,99,0.03051624
136,100,0.029793191
136,101,0.026056843
136,102,0.025512196
136,103,0.023898814
136,104,0.023529023
136,105,0.021934965
136,106,0.027647654
136,107,0.019987553
136,108,0.020995944
136,109,0.018769657
136,110,0.021686372
136,111,0.017910704
136,112,0.01682602
136,113,0.013733238
136,114,0.015867174
136,115,0.015966646
136,116,0.015064345
136,117,0.014559205
136,118,0.012510867
136,119,0.011029354
136,120,0.010105494
136,121,0.011357356
136,122,0.009799687
136,123,0.009108581
136,124,0.009920257
136,125,0.006416244
136,126,0.006209372
136,127,0.005304143
136,128,0.006459831
136,129,0.005947544
136,130,0.005114432
136,131,0.005512786
136,132,0.004276632
136,133,0.00301226
136,134,0.004040698
136,135,0.004781714
136,136,0.004670166
136,137,0.004001662
136,138,0.002764524
136,139,0.00466826
136,140,0.004604538
136,141,0.003102601
136,142,0.002156841
136,143,0.002399564
136,144,0.003954184
136,145,0.002949549
136,146,0.001772051
136,147,0.001600155
136,148,0.001358114
136,149,0.001208788
136,150,0.00119497
136,151,0.001122309
136,152,0.000987901
136,153,0.001872662
136,154,0.001929177
136,155,0.001937395
136,156,0.001133024
136,157,0.000972309
136,158,0.000873869
136,159,0.000773288
136,160,0.000910266
136,161,0.000545112
136,162,0.001864508
136,163,0.000773813
136,164,0.000657226
136,165,0.000697047
136,166,0.000458789
136,167,0.000851452
136,168,0.000683826
136,169,0.000502474
136,170,0.00064394
136,171,0.000499964
136,172,0.000358439
136,173,0.000381046
136,174,0.000844119
136,175,0.00035729
136,176,0.000822503
136,177,0.00030099
136,178,0.000260631
136,179,0.000441411
136,180,0.000431705
136,181,0.000428873
136,182,0.000207303
136,183,0.000204853
136,184,0.000166114
136,185,0.000157114
136,186,0.000162939
136,187,0.000125471
136,188,0.000148707
136,189,0.000133459
136,190,6.6423E-05
136,191,5.27071E-05
136,192,3.89695E-05
136,193,1.17918E-06
136,194,6.14566E-30
136,195,5.54595E-30
136,196,6.87526E-30
136,197,4.24732E-30
136,198,5.40014E-30
136,199,4.6897E-30
137,0,6.39691E-30
137,1,7.14219E-30
137,2,6.15452E-30
137,3,4.75711E-30
137,4,5.27675E-30
137,5,6.30971E-30
137,6,5.59213E-30
137,7,1.86315E-05
137,8,3.774E-05
137,9,4.99456E-05
137,10,9.68401E-05
137,11,0.000128822
137,12,0.000114043
137,13,9.55087E-05
137,14,0.000376306
137,15,0.000185358
137,16,0.000856457
137,17,0.000160928
137,18,0.000241319
137,19,0.000273856
137,20,0.000256868
137,21,0.000244744
137,22,0.000224804
137,23,0.000302372
137,24,0.000695445
137,25,0.000206326
137,26,0.00038991
137,27,0.001273952
137,28,0.001189042
137,29,0.000423657
137,30,0.000400405
137,31,0.000504379
137,32,0.000837812
137,33,0.000607953
137,34,0.000478134
137,35,0.000483839
137,36,0.000762365
137,37,0.000596016
137,38,0.000763786
137,39,0.002328114
137,40,0.002015471
137,41,0.001119797
137,42,0.001575402
137,43,0.001684559
137,44,0.001747341
137,45,0.001108188
137,46,0.000851041
137,47,0.001339285
137,48,0.001024667
137,49,0.001005446
137,50,0.00156047
137,51,0.002131083
137,52,0.001977379
137,53,0.001674032
137,54,0.002615969
137,55,0.002690548
137,56,0.005168413
137,57,0.002508416
137,58,0.003762096
137,59,0.004390143
137,60,0.00306155
137,61,0.002747278
137,62,0.003726525
137,63,0.004196176
137,64,0.005129962
137,65,0.005105848
137,66,0.005220603
137,67,0.004850526
137,68,0.005699064
137,69,0.005839778
137,70,0.006340272
137,71,0.006493675
137,72,0.007079659
137,73,0.005679103
137,74,0.007334934
137,75,0.008689403
137,76,0.009107643
137,77,0.012485993
137,78,0.011022318
137,79,0.010831678
137,80,0.012221916
137,81,0.015065833
137,82,0.018056907
137,83,0.01267811
137,84,0.013618011
137,85,0.011740507
137,86,0.01523985
137,87,0.015764736
137,88,0.016507314
137,89,0.016607713
137,90,0.021479668
137,91,0.023541877
137,92,0.022228378
137,93,0.027392158
137,94,0.025261912
137,95,0.026658283
137,96,0.022941149
137,97,0.027880441
137,98,0.025606359
137,99,0.023918577
137,100,0.02702415
137,101,0.025596898
137,102,0.026637435
137,103,0.024308522
137,104,0.020097992
137,105,0.022020449
137,106,0.020893405
137,107,0.021799638
137,108,0.018204307
137,109,0.016267502
137,110,0.016913908
137,111,0.01693033
137,112,0.015737625
137,113,0.014254637
137,114,0.012788379
137,115,0.011059186
137,116,0.0130625
137,117,0.012226548
137,118,0.012337137
137,119,0.010865104
137,120,0.01052595
137,121,0.01076403
137,122,0.012008081
137,123,0.010496334
137,124,0.009272325
137,125,0.007910103
137,126,0.006550786
137,127,0.005801957
137,128,0.007721579
137,129,0.005881833
137,130,0.004918553
137,131,0.005345618
137,132,0.004272309
137,133,0.004532623
137,134,0.004303784
137,135,0.003903491
137,136,0.00402883
137,137,0.004893519
137,138,0.003518511
137,139,0.002543419
137,140,0.002465128
137,141,0.003214831
137,142,0.001947715
137,143,0.001749432
137,144,0.002084421
137,145,0.00215551
137,146,0.004545329
137,147,0.002087172
137,148,0.001504146
137,149,0.001147054
137,150,0.001040372
137,151,0.00126015
137,152,0.000902806
137,153,0.000952282
137,154,0.001128533
137,155,0.00109097
137,156,0.002018492
137,157,0.000817286
137,158,0.000791357
137,159,0.001283215
137,160,0.001013065
137,161,0.001056715
137,162,0.000599116
137,163,0.000539578
137,164,0.000582738
137,165,0.000640804
137,166,0.000548058
137,167,0.00042931
137,168,0.000445821
137,169,0.000344365
137,170,0.000407518
137,171,0.000321393
137,172,0.000345422
137,173,0.00023494
137,174,0.000607747
137,175,0.000288459
137,176,0.000456378
137,177,0.000583547
137,178,0.000283363
137,179,0.000775935
137,180,0.001468876
137,181,0.000164743
137,182,0.000215723
137,183,0.000176711
137,184,0.000174214
137,185,0.00017801
137,186,0.000158456
137,187,0.000168079
137,188,0.00011
137,189,0.0005133
137,190,0.000110172
137,191,4.93192E-05
137,192,1.97132E-05
137,193,7.49261E-30
137,194,7.52822E-30
137,195,5.93757E-30
137,196,4.86375E-30
137,197,6.1147E-30
137,198,5.03486E-30
137,199,6.49428E-30
138,0,7.57714E-30
138,1,7.07198E-30
138,2,5.6955E-30
138,3,5.01092E-30
138,4,6.41698E-30
138,5,4.92465E-30
138,6,9.24177E-30
138,7,2.25179E-06
138,8,4.41599E-05
138,9,7.53425E-05
138,10,8.12858E-05
138,11,9.88368E-05
138,12,0.00037459
138,13,0.000183375
138,14,0.000506123
138,15,0.000129521
138,16,0.000336408
138,17,0.00073049
138,18,0.00024552
138,19,0.000281066
138,20,0.000412917
138,21,0.000236922
138,22,0.000283738
138,23,0.000420825
138,24,0.000267317
138,25,0.00024279
138,26,0.000392764
138,27,0.000321234
138,28,0.000537414
138,29,0.000402294
138,30,0.000391577
138,31,0.000408538
138,32,0.000565181
138,33,0.000921523
138,34,0.000963435
138,35,0.000474802
138,36,0.001179089
138,37,0.000979746
138,38,0.000806506
138,39,0.000607762
138,40,0.000861279
138,41,0.00099008
138,42,0.000785036
138,43,0.001092337
138,44,0.00100897
138,45,0.001674697
138,46,0.001178202
138,47,0.001754589
138,48,0.001623788
138,49,0.002032454
138,50,0.002784339
138,51,0.003029331
138,52,0.001857611
138,53,0.001780627
138,54,0.00246265
138,55,0.003641651
138,56,0.004832378
138,57,0.002382035
138,58,0.003082152
138,59,0.002702596
138,60,0.002315081
138,61,0.003788501
138,62,0.005859551
138,63,0.004887501
138,64,0.004747531
138,65,0.004382386
138,66,0.005134752
138,67,0.004756445
138,68,0.005686767
138,69,0.004239244
138,70,0.004440996
138,71,0.004726196
138,72,0.007776762
138,73,0.008312473
138,74,0.006271672
138,75,0.006453218
138,76,0.011462773
138,77,0.007896244
138,78,0.010701027
138,79,0.014236633
138,80,0.013308599
138,81,0.010977238
138,82,0.01493324
138,83,0.015132242
138,84,0.010847955
138,85,0.013211632
138,86,0.014051921
138,87,0.016475432
138,88,0.017792183
138,89,0.02125611
138,90,0.020053995
138,91,0.022440241
138,92,0.024274695
138,93,0.026922379
138,94,0.020479479
138,95,0.024483341
138,96,0.025157265
138,97,0.026076618
138,98,0.026447997
138,99,0.023681937
138,100,0.021670888
138,101,0.027592575
138,102,0.029176648
138,103,0.02657181
138,104,0.021360203
138,105,0.023092341
138,106,0.021705998
138,107,0.019393454
138,108,0.019066278
138,109,0.020798676
138,110,0.015905042
138,111,0.017033679
138,112,0.019529905
138,113,0.018505932
138,114,0.01588456
138,115,0.012244459
138,116,0.012914657
138,117,0.011056112
138,118,0.010202879
138,119,0.011473141
138,120,0.010737378
138,121,0.012223601
138,122,0.011962213
138,123,0.010507934
138,124,0.007830566
138,125,0.006168498
138,126,0.005602768
138,127,0.006413603
138,128,0.005107025
138,129,0.007357557
138,130,0.005396401
138,131,0.00481083
138,132,0.003598899
138,133,0.003943264
138,134,0.003724322
138,135,0.004060483
138,136,0.005408006
138,137,0.00276513
138,138,0.004756654
138,139,0.003953464
138,140,0.00372055
138,141,0.002682608
138,142,0.002968139
138,143,0.00223222
138,144,0.001838664
138,145,0.001727047
138,146,0.002227862
138,147,0.002496693
138,148,0.003581479
138,149,0.002488602
138,150,0.001167622
138,151,0.002035578
138,152,0.00199974
138,153,0.0009289
138,154,0.001174354
138,155,0.0009339
138,156,0.00286496
138,157,0.002525335
138,158,0.001026011
138,159,0.001150168
138,160,0.001432817
138,161,0.003287093
138,162,0.001771438
138,163,0.000454205
138,164,0.000506106
138,165,0.000509762
138,166,0.000593517
138,167,0.000572616
138,168,0.000532182
138,169,0.000421671
138,170,0.000276306
138,171,0.000316585
138,172,0.000359315
138,173,0.000269423
138,174,0.000242455
138,175,0.00034298
138,176,0.000264
138,177,0.000754598
138,178,0.000308224
138,179,0.000258621
138,180,0.000816675
138,181,0.000237112
138,182,0.000186328
138,183,0.000176582
138,184,0.000167405
138,185,0.00014076
138,186,0.000181145
138,187,0.000142667
138,188,0.000126949
138,189,8.52978E-05
138,190,0.000135493
138,191,5.03324E-05
138,192,5.00389E-06
138,193,5.8628E-30
138,194,5.13664E-30
138,195,6.0323E-30
138,196,5.94923E-30
138,197,6.25267E-30
138,198,5.9809E-30
138,199,5.12413E-30
139,0,5.5865E-30
139,1,5.94017E-30
139,2,6.57191E-30
139,3,6.72456E-30
139,4,5.34457E-30
139,5,9.30974E-30
139,6,7.54945E-30
139,7,7.55282E-30
139,8,3.263E-05
139,9,7.79101E-05
139,10,0.000124823
139,11,7.60557E-05
139,12,0.00010975
139,13,0.000193095
139,14,0.000118029
139,15,0.000177346
139,16,0.000545486
139,17,0.000194626
139,18,0.000263595
139,19,0.000209107
139,20,0.00022786
139,21,0.00022223
139,22,0.000303477
139,23,0.000944763
139,24,0.000209212
139,25,0.000363774
139,26,0.000639676
139,27,0.000542139
139,28,0.000434791
139,29,0.000386801
139,30,0.000414088
139,31,0.000575417
139,32,0.000990451
139,33,0.001146214
139,34,0.001164855
139,35,0.001016607
139,36,0.000966458
139,37,0.001432857
139,38,0.000726223
139,39,0.000612807
139,40,0.002091491
139,41,0.000749946
139,42,0.001277029
139,43,0.002028566
139,44,0.002204805
139,45,0.002236053
139,46,0.00115926
139,47,0.001574753
139,48,0.003367611
139,49,0.002210288
139,50,0.001253965
139,51,0.002215283
139,52,0.002303653
139,53,0.002094887
139,54,0.002413026
139,55,0.002706428
139,56,0.002792824
139,57,0.00260572
139,58,0.004485981
139,59,0.003912133
139,60,0.003701764
139,61,0.004034663
139,62,0.004812222
139,63,0.005513671
139,64,0.006860128
139,65,0.006344862
139,66,0.004685431
139,67,0.005617068
139,68,0.004991533
139,69,0.004562827
139,70,0.004038781
139,71,0.006140136
139,72,0.008117706
139,73,0.006462587
139,74,0.007415613
139,75,0.006931852
139,76,0.008804456
139,77,0.01007856
139,78,0.012717675
139,79,0.009941103
139,80,0.010526495
139,81,0.015272955
139,82,0.015019387
139,83,0.013134795
139,84,0.013805299
139,85,0.016371275
139,86,0.01605671
139,87,0.018640754
139,88,0.017356829
139,89,0.016573346
139,90,0.016600329
139,91,0.023298453
139,92,0.020475352
139,93,0.021221917
139,94,0.027144055
139,95,0.028086293
139,96,0.023921537
139,97,0.025840717
139,98,0.022002747
139,99,0.022978683
139,100,0.029480886
139,101,0.02681006
139,102,0.021875208
139,103,0.026058738
139,104,0.020552436
139,105,0.022106729
139,106,0.019653696
139,107,0.019247824
139,108,0.017202982
139,109,0.018039178
139,110,0.016938034
139,111,0.016663735
139,112,0.015366595
139,113,0.016190336
139,114,0.01236604
139,115,0.012512252
139,116,0.012752612
139,117,0.012836639
139,118,0.010910951
139,119,0.012210844
139,120,0.013373088
139,121,0.013257554
139,122,0.009455905
139,123,0.009111778
139,124,0.007518344
139,125,0.007480082
139,126,0.005564753
139,127,0.006795076
139,128,0.00675459
139,129,0.006311432
139,130,0.006757779
139,131,0.005845643
139,132,0.004732028
139,133,0.004119533
139,134,0.004696877
139,135,0.004221716
139,136,0.004398202
139,137,0.005308629
139,138,0.006983912
139,139,0.004832833
139,140,0.003690629
139,141,0.002534116
139,142,0.002155297
139,143,0.003004087
139,144,0.002092443
139,145,0.002106497
139,146,0.001430631
139,147,0.002503316
139,148,0.002669214
139,149,0.002397812
139,150,0.001848732
139,151,0.001980806
139,152,0.00126229
139,153,0.000987898
139,154,0.000853125
139,155,0.001381971
139,156,0.001705258
139,157,0.004190259
139,158,0.001100469
139,159,0.001007604
139,160,0.00119797
139,161,0.002001365
139,162,0.001346535
139,163,0.000429364
139,164,0.000452438
139,165,0.000551272
139,166,0.002129465
139,167,0.000597456
139,168,0.000395072
139,169,0.000475531
139,170,0.000337094
139,171,0.000272087
139,172,0.000305061
139,173,0.000294235
139,174,0.000230939
139,175,0.000315069
139,176,0.000382524
139,177,0.00027111
139,178,0.000256678
139,179,0.000247822
139,180,0.000269645
139,181,0.000318534
139,182,0.000148983
139,183,0.000157229
139,184,0.000151466
139,185,0.000158985
139,186,9.68342E-05
139,187,0.000125625
139,188,0.000172271
139,189,0.001726692
139,190,0.000429636
139,191,3.48258E-05
139,192,8.04699E-30
139,193,7.8033E-30
139,194,5.6142E-30
139,195,6.25191E-30
139,196,5.29072E-30
139,197,5.84344E-30
139,198,7.14552E-30
139,199,5.8697E-30
140,0,5.19732E-30
140,1,5.32655E-30
140,2,4.1748E-30
140,3,4.42235E-30
140,4,7.45221E-30
140,5,6.05259E-30
140,6,4.94979E-30
140,7,7.92357E-30
140,8,3.13933E-05
140,9,5.27167E-05
140,10,5.88539E-05
140,11,9.97519E-05
140,12,0.000157591
140,13,0.000116798
140,14,0.000138441
140,15,0.000145572
140,16,0.000169293
140,17,0.000230379
140,18,0.000178122
140,19,0.000260517
140,20,0.000434987
140,21,0.000499088
140,22,0.000266139
140,23,0.000228673
140,24,0.000749333
140,25,0.000631229
140,26,0.000290523
140,27,0.000589491
140,28,0.000466056
140,29,0.000379834
140,30,0.0003998
140,31,0.001282914
140,32,0.000726216
140,33,0.002170023
140,34,0.001219666
140,35,0.000554396
140,36,0.000550925
140,37,0.002241069
140,38,0.000758668
140,39,0.000740514
140,40,0.002615168
140,41,0.002756543
140,42,0.000786132
140,43,0.001157932
140,44,0.001569324
140,45,0.001769658
140,46,0.001546967
140,47,0.000880976
140,48,0.001606962
140,49,0.002299414
140,50,0.001350663
140,51,0.002075758
140,52,0.003283898
140,53,0.001969453
140,54,0.003551927
140,55,0.001884749
140,56,0.002018358
140,57,0.003366043
140,58,0.00468305
140,59,0.003996988
140,60,0.003862201
140,61,0.004308778
140,62,0.006589114
140,63,0.003662418
140,64,0.005714375
140,65,0.004877695
140,66,0.010227796
140,67,0.006797406
140,68,0.008040602
140,69,0.006319165
140,70,0.004688354
140,71,0.006527656
140,72,0.006438823
140,73,0.007017732
140,74,0.007039114
140,75,0.008139613
140,76,0.008353169
140,77,0.009098513
140,78,0.009483612
140,79,0.010040047
140,80,0.010583618
140,81,0.010275133
140,82,0.014229121
140,83,0.012246744
140,84,0.012834837
140,85,0.012394698
140,86,0.014538685
140,87,0.02061468
140,88,0.019017126
140,89,0.016448515
140,90,0.0215395
140,91,0.021344334
140,92,0.02467403
140,93,0.026837296
140,94,0.02749197
140,95,0.026543299
140,96,0.021131276
140,97,0.024739025
140,98,0.025959738
140,99,0.023363814
140,100,0.028358621
140,101,0.025064298
140,102,0.02486237
140,103,0.02206653
140,104,0.019312661
140,105,0.020168618
140,106,0.021014226
140,107,0.024377221
140,108,0.020477473
140,109,0.022104835
140,110,0.020337987
140,111,0.019658403
140,112,0.020083127
140,113,0.016747946
140,114,0.017378057
140,115,0.012558551
140,116,0.014866804
140,117,0.015933145
140,118,0.01102594
140,119,0.00882568
140,120,0.011805592
140,121,0.012822222
140,122,0.011939114
140,123,0.010666109
140,124,0.010079602
140,125,0.007532239
140,126,0.006495901
140,127,0.005897134
140,128,0.004701973
140,129,0.005599717
140,130,0.009088701
140,131,0.007449646
140,132,0.005919396
140,133,0.004664685
140,134,0.003853916
140,135,0.005586465
140,136,0.003438172
140,137,0.00306648
140,138,0.004233248
140,139,0.004411823
140,140,0.002545381
140,141,0.002825635
140,142,0.002103892
140,143,0.002346118
140,144,0.002744835
140,145,0.002354148
140,146,0.003002483
140,147,0.002691826
140,148,0.004230515
140,149,0.002944593
140,150,0.00271266
140,151,0.002850079
140,152,0.001234631
140,153,0.000954161
140,154,0.000825881
140,155,0.001627445
140,156,0.001229669
140,157,0.001178842
140,158,0.000910397
140,159,0.000632165
140,160,0.001275269
140,161,0.001089128
140,162,0.001451793
140,163,0.001354328
140,164,0.000493913
140,165,0.000460982
140,166,0.000734554
140,167,0.000523953
140,168,0.000590901
140,169,0.000458096
140,170,0.000385751
140,171,0.000328161
140,172,0.000298427
140,173,0.000318193
140,174,0.000252672
140,175,0.000596143
140,176,0.000295011
140,177,0.000231572
140,178,0.000228865
140,179,0.000169511
140,180,0.00021201
140,181,0.000518449
140,182,0.000294823
140,183,0.000120364
140,184,0.000121446
140,185,0.000124224
140,186,0.000152531
140,187,0.000100774
140,188,0.000175386
140,189,0.000748342
140,190,8.77407E-05
140,191,7.36904E-06
140,192,7.70754E-30
140,193,9.7165E-30
140,194,8.68173E-30
140,195,6.49656E-30
140,196,7.34518E-30
140,197,5.48307E-30
140,198,5.00459E-30
140,199,6.27204E-30
141,0,5.36655E-30
141,1,3.7097E-30
141,2,4.87711E-30
141,3,6.87805E-30
141,4,6.72131E-30
141,5,6.54045E-30
141,6,7.33879E-30
141,7,9.1585E-30
141,8,1.48809E-07
141,9,2.93563E-05
141,10,0.00012413
141,11,0.000148244
141,12,0.000135532
141,13,0.000117755
141,14,0.000129007
141,15,0.000163799
141,16,0.000179283
141,17,0.000178038
141,18,0.000247717
141,19,0.000230412
141,20,0.001263683
141,21,0.000222739
141,22,0.000216595
141,23,0.000646133
141,24,0.001490568
141,25,0.000337301
141,26,0.000542818
141,27,0.000477494
141,28,0.000321139
141,29,0.000459281
141,30,0.000476199
141,31,0.000881988
141,32,0.001258801
141,33,0.002465598
141,34,0.001766333
141,35,0.002045358
141,36,0.000778605
141,37,0.000950422
141,38,0.001059991
141,39,0.001512387
141,40,0.001284031
141,41,0.002075991
141,42,0.001467708
141,43,0.002033536
141,44,0.001917352
141,45,0.003468367
141,46,0.001248935
141,47,0.001232537
141,48,0.001972468
141,49,0.002248596
141,50,0.002616279
141,51,0.001845894
141,52,0.001399325
141,53,0.001682063
141,54,0.002428272
141,55,0.002637762
141,56,0.003218306
141,57,0.003412246
141,58,0.003054221
141,59,0.002751242
141,60,0.003201996
141,61,0.002714174
141,62,0.003349594
141,63,0.004151843
141,64,0.005157778
141,65,0.004635618
141,66,0.005477112
141,67,0.007198849
141,68,0.006137907
141,69,0.005926024
141,70,0.005614285
141,71,0.007657029
141,72,0.005352424
141,73,0.006358992
141,74,0.008468726
141,75,0.010769697
141,76,0.011051863
141,77,0.009251391
141,78,0.010917669
141,79,0.015424745
141,80,0.011593787
141,81,0.011699233
141,82,0.012829716
141,83,0.011487222
141,84,0.010513275
141,85,0.012867989
141,86,0.018378913
141,87,0.021899827
141,88,0.01527942
141,89,0.016814413
141,90,0.017406238
141,91,0.020289962
141,92,0.019559028
141,93,0.018859586
141,94,0.023298991
141,95,0.021380081
141,96,0.024936767
141,97,0.029050004
141,98,0.027089941
141,99,0.027274565
141,100,0.022409265
141,101,0.024307155
141,102,0.027523654
141,103,0.021148646
141,104,0.020204869
141,105,0.022589463
141,106,0.021391993
141,107,0.022749177
141,108,0.021170295
141,109,0.021984681
141,110,0.021354979
141,111,0.021770521
141,112,0.019772983
141,113,0.017304178
141,114,0.015832272
141,115,0.015424121
141,116,0.016779421
141,117,0.016600031
141,118,0.012861718
141,119,0.011522017
141,120,0.011800371
141,121,0.010868648
141,122,0.00960287
141,123,0.012526993
141,124,0.011634697
141,125,0.011306767
141,126,0.007555269
141,127,0.004808552
141,128,0.006302345
141,129,0.006490003
141,130,0.008035877
141,131,0.006923683
141,132,0.005258027
141,133,0.007231652
141,134,0.004969152
141,135,0.004196657
141,136,0.003452262
141,137,0.004768002
141,138,0.006688879
141,139,0.006431963
141,140,0.006249265
141,141,0.002973254
141,142,0.002559347
141,143,0.001994585
141,144,0.003222343
141,145,0.003889396
141,146,0.002587239
141,147,0.001973477
141,148,0.001942742
141,149,0.002234441
141,150,0.005137674
141,151,0.00174643
141,152,0.001058993
141,153,0.000890356
141,154,0.000887463
141,155,0.000768178
141,156,0.000895748
141,157,0.000797911
141,158,0.000608319
141,159,0.001798638
141,160,0.001174325
141,161,0.001538167
141,162,0.001488266
141,163,0.000696466
141,164,0.001064429
141,165,0.00039599
141,166,0.000487701
141,167,0.000702957
141,168,0.00046713
141,169,0.000491363
141,170,0.000550274
141,171,0.000393682
141,172,0.000277016
141,173,0.000315343
141,174,0.000910924
141,175,0.000429802
141,176,0.000505394
141,177,0.000231127
141,178,0.000157038
141,179,0.000233954
141,180,0.000201222
141,181,0.000588124
141,182,0.001834615
141,183,0.00063217
141,184,0.000120336
141,185,0.000103062
141,186,0.000116245
141,187,0.000129495
141,188,0.000404671
141,189,0.000210607
141,190,3.01847E-05
141,191,1.12887E-08
141,192,5.81163E-30
141,193,8.71497E-30
141,194,9.32147E-30
141,195,8.53423E-30
141,196,6.716E-30
141,197,7.14368E-30
141,198,4.24792E-30
141,199,5.09312E-30
142,0,3.87885E-30
142,1,4.84822E-30
142,2,6.28295E-30
142,3,6.37347E-30
142,4,6.71717E-30
142,5,6.30399E-30
142,6,7.62227E-30
142,7,9.46045E-30
142,8,7.34287E-30
142,9,1.18088E-05
142,10,5.34335E-05
142,11,9.59744E-05
142,12,0.000101966
142,13,0.00011206
142,14,0.000109105
142,15,0.000134854
142,16,0.000170086
142,17,0.000396101
142,18,0.001481555
142,19,0.000221737
142,20,0.000216212
142,21,0.000469482
142,22,0.000282641
142,23,0.001143494
142,24,0.001417124
142,25,0.00037088
142,26,0.000613367
142,27,0.000371393
142,28,0.00045042
142,29,0.000474359
142,30,0.00041967
142,31,0.000411782
142,32,0.000669212
142,33,0.000919163
142,34,0.000972202
142,35,0.001021494
142,36,0.001278801
142,37,0.000717022
142,38,0.002563452
142,39,0.001351779
142,40,0.001867364
142,41,0.001752808
142,42,0.001480942
142,43,0.001708711
142,44,0.002350412
142,45,0.002730185
142,46,0.002134018
142,47,0.00152593
142,48,0.001032746
142,49,0.001888762
142,50,0.001683328
142,51,0.001949195
142,52,0.001516564
142,53,0.00173421
142,54,0.001952771
142,55,0.003134628
142,56,0.003970275
142,57,0.002438322
142,58,0.002453922
142,59,0.002990065
142,60,0.004441933
142,61,0.002996448
142,62,0.004023497
142,63,0.005325412
142,64,0.006654456
142,65,0.00504667
142,66,0.006325743
142,67,0.003963965
142,68,0.004894192
142,69,0.005584856
142,70,0.006856926
142,71,0.008404627
142,72,0.007001566
142,73,0.00896823
142,74,0.00841641
142,75,0.009823832
142,76,0.00836244
142,77,0.010657632
142,78,0.011366801
142,79,0.010995573
142,80,0.011425577
142,81,0.010587764
142,82,0.01140909
142,83,0.015622225
142,84,0.014669814
142,85,0.01569612
142,86,0.013988302
142,87,0.01741602
142,88,0.016115892
142,89,0.020861039
142,90,0.019996393
142,91,0.022417432
142,92,0.02056503
142,93,0.020797082
142,94,0.024838159
142,95,0.021649869
142,96,0.02434278
142,97,0.027725294
142,98,0.020377457
142,99,0.022522105
142,100,0.023975896
142,101,0.024103062
142,102,0.022212322
142,103,0.022060572
142,104,0.021538235
142,105,0.022263735
142,106,0.021026758
142,107,0.023994671
142,108,0.017526198
142,109,0.016647924
142,110,0.01635194
142,111,0.020292368
142,112,0.018451004
142,113,0.014548823
142,114,0.015545927
142,115,0.013958971
142,116,0.015327519
142,117,0.013320998
142,118,0.01151167
142,119,0.01282377
142,120,0.015157314
142,121,0.011097482
142,122,0.009632431
142,123,0.010018392
142,124,0.009417601
142,125,0.009120847
142,126,0.008265221
142,127,0.007217476
142,128,0.006750687
142,129,0.008071455
142,130,0.005909502
142,131,0.005712515
142,132,0.007163567
142,133,0.005157537
142,134,0.00521356
142,135,0.005056941
142,136,0.005842172
142,137,0.006638879
142,138,0.003980989
142,139,0.005358608
142,140,0.003969927
142,141,0.002217864
142,142,0.002615821
142,143,0.001856999
142,144,0.003269902
142,145,0.003616632
142,146,0.001903842
142,147,0.002529285
142,148,0.001890506
142,149,0.001326829
142,150,0.001170821
142,151,0.002864288
142,152,0.002276099
142,153,0.000804929
142,154,0.000902276
142,155,0.000850765
142,156,0.000984433
142,157,0.00088112
142,158,0.001523818
142,159,0.001027708
142,160,0.002062113
142,161,0.001148128
142,162,0.00154868
142,163,0.001230736
142,164,0.000737515
142,165,0.0004522
142,166,0.000422636
142,167,0.00071521
142,168,0.000571564
142,169,0.000451362
142,170,0.000479256
142,171,0.000394764
142,172,0.000311432
142,173,0.000283492
142,174,0.000304749
142,175,0.000297389
142,176,0.000744122
142,177,0.000690914
142,178,0.000210585
142,179,0.000154883
142,180,0.000199622
142,181,0.000158064
142,182,0.000367566
142,183,0.000209126
142,184,0.000186193
142,185,0.000160187
142,186,0.000105102
142,187,9.93632E-05
142,188,0.000207296
142,189,7.96772E-05
142,190,1.41914E-05
142,191,1.21855E-29
142,192,1.08039E-29
142,193,5.04632E-30
142,194,7.34268E-30
142,195,7.22647E-30
142,196,6.42278E-30
142,197,5.13701E-30
142,198,6.70242E-30
142,199,5.03633E-30
143,0,5.44049E-30
143,1,6.29146E-30
143,2,6.79223E-30
143,3,7.58851E-30
143,4,6.56239E-30
143,5,6.93107E-30
143,6,7.40278E-30
143,7,9.77016E-30
143,8,5.51076E-30
143,9,9.1123E-07
143,10,4.2617E-05
143,11,8.4641E-05
143,12,7.45345E-05
143,13,9.86087E-05
143,14,0.000116676
143,15,0.000142963
143,16,0.000209718
143,17,0.000650269
143,18,0.00021192
143,19,0.000163963
143,20,0.000178906
143,21,0.000196182
143,22,0.000301395
143,23,0.000353645
143,24,0.000794463
143,25,0.001416857
143,26,0.000563318
143,27,0.000360122
143,28,0.000414088
143,29,0.0003723
143,30,0.001039476
143,31,0.000383908
143,32,0.00116224
143,33,0.000544737
143,34,0.000911462
143,35,0.001163207
143,36,0.000507537
143,37,0.00127689
143,38,0.000548135
143,39,0.002702113
143,40,0.002161262
143,41,0.001494262
143,42,0.001698606
143,43,0.001656887
143,44,0.000959661
143,45,0.001664974
143,46,0.00223388
143,47,0.001127396
143,48,0.001367007
143,49,0.001672392
143,50,0.001253929
143,51,0.00222287
143,52,0.002508426
143,53,0.00276009
143,54,0.001735523
143,55,0.002422462
143,56,0.002165106
143,57,0.002062842
143,58,0.002413147
143,59,0.004286288
143,60,0.004269715
143,61,0.004194202
143,62,0.003476056
143,63,0.004075697
143,64,0.005090715
143,65,0.005343013
143,66,0.0036946
143,67,0.004494779
143,68,0.004521243
143,69,0.006316655
143,70,0.008188988
143,71,0.00619401
143,72,0.006978713
143,73,0.010838133
143,74,0.008361296
143,75,0.009447357
143,76,0.009553224
143,77,0.009815173
143,78,0.010718825
143,79,0.012798833
143,80,0.012145028
143,81,0.014220262
143,82,0.012348214
143,83,0.01264173
143,84,0.013658707
143,85,0.015834421
143,86,0.017199275
143,87,0.019089331
143,88,0.017782702
143,89,0.017636551
143,90,0.018679846
143,91,0.016708884
143,92,0.021361086
143,93,0.022105683
143,94,0.022071744
143,95,0.023060074
143,96,0.027224608
143,97,0.02373122
143,98,0.027176023
143,99,0.022677686
143,100,0.026393301
143,101,0.025042046
143,102,0.024128552
143,103,0.020311433
143,104,0.023148843
143,105,0.023077344
143,106,0.020669857
143,107,0.024458177
143,108,0.019743266
143,109,0.021551831
143,110,0.018618128
143,111,0.01584228
143,112,0.014225165
143,113,0.013661665
143,114,0.014474112
143,115,0.01239231
143,116,0.015572967
143,117,0.014616971
143,118,0.014804928
143,119,0.011021161
143,120,0.012307602
143,121,0.013188339
143,122,0.009298686
143,123,0.010958117
143,124,0.007060223
143,125,0.007473687
143,126,0.011433584
143,127,0.008883427
143,128,0.00897429
143,129,0.00646847
143,130,0.006744731
143,131,0.005395377
143,132,0.00535338
143,133,0.005412782
143,134,0.004940054
143,135,0.005435429
143,136,0.004714343
143,137,0.003659273
143,138,0.004007752
143,139,0.003533712
143,140,0.003280677
143,141,0.00383563
143,142,0.002077052
143,143,0.003026629
143,144,0.002631886
143,145,0.002284531
143,146,0.003090237
143,147,0.002565278
143,148,0.00204753
143,149,0.001335489
143,150,0.00129862
143,151,0.002588712
143,152,0.001872808
143,153,0.001889748
143,154,0.000903304
143,155,0.000993086
143,156,0.000855065
143,157,0.000786471
143,158,0.00076093
143,159,0.001166326
143,160,0.002523343
143,161,0.001042131
143,162,0.001211522
143,163,0.001154822
143,164,0.000638328
143,165,0.000537966
143,166,0.000456103
143,167,0.000443707
143,168,0.000854014
143,169,0.000542225
143,170,0.000478651
143,171,0.0006014
143,172,0.000363315
143,173,0.000283521
143,174,0.000585507
143,175,0.000410066
143,176,0.000270209
143,177,0.000266695
143,178,0.000229738
143,179,0.000165342
143,180,0.000169365
143,181,0.000198638
143,182,0.000146734
143,183,0.000223084
143,184,0.000165203
143,185,0.000107037
143,186,0.000126006
143,187,0.000110669
143,188,0.000223365
143,189,8.44402E-05
143,190,2.17868E-06
143,191,7.38632E-30
143,192,1.00671E-29
143,193,1.20576E-29
143,194,6.98749E-30
143,195,6.9992E-30
143,196,6.92002E-30
143,197,6.83604E-30
143,198,5.99468E-30
143,199,5.24443E-30
144,0,5.43081E-30
144,1,7.45853E-30
144,2,6.92031E-30
144,3,5.98993E-30
144,4,6.29486E-30
144,5,8.65446E-30
144,6,8.29687E-30
144,7,6.94286E-30
144,8,7.43965E-30
144,9,8.06412E-30
144,10,1.97771E-05
144,11,5.58788E-05
144,12,6.90096E-05
144,13,0.00011464
144,14,0.000154334
144,15,0.000163053
144,16,0.00015147
144,17,0.000270868
144,18,0.000138358
144,19,0.000138886
144,20,0.000192029
144,21,0.00023704
144,22,0.000356753
144,23,0.001609634
144,24,0.00047279
144,25,0.000479026
144,26,0.000376791
144,27,0.000329851
144,28,0.000391894
144,29,0.000391695
144,30,0.000535764
144,31,0.000442163
144,32,0.000594252
144,33,0.000504382
144,34,0.000493241
144,35,0.000440256
144,36,0.000543011
144,37,0.000574591
144,38,0.000664674
144,39,0.00076811
144,40,0.000941291
144,41,0.001685116
144,42,0.000774737
144,43,0.001987683
144,44,0.001160736
144,45,0.002105856
144,46,0.003404982
144,47,0.002107368
144,48,0.001464751
144,49,0.00301072
144,50,0.001949969
144,51,0.002297804
144,52,0.002503865
144,53,0.002379262
144,54,0.002772438
144,55,0.002420173
144,56,0.00170901
144,57,0.002117986
144,58,0.002920654
144,59,0.002453825
144,60,0.003255672
144,61,0.003180819
144,62,0.003795259
144,63,0.005096408
144,64,0.004121805
144,65,0.004441014
144,66,0.008675377
144,67,0.004544988
144,68,0.004822499
144,69,0.006697861
144,70,0.00766506
144,71,0.005580803
144,72,0.009050297
144,73,0.009018985
144,74,0.009938475
144,75,0.009943317
144,76,0.010645227
144,77,0.007712599
144,78,0.011068667
144,79,0.009459934
144,80,0.011627661
144,81,0.014370088
144,82,0.014579207
144,83,0.013947401
144,84,0.016123781
144,85,0.017360172
144,86,0.018049832
144,87,0.021222015
144,88,0.02229952
144,89,0.018174666
144,90,0.020682056
144,91,0.020612132
144,92,0.019953275
144,93,0.019022286
144,94,0.021382029
144,95,0.021766117
144,96,0.025620258
144,97,0.024691017
144,98,0.023966274
144,99,0.023592239
144,100,0.023648347
144,101,0.025169818
144,102,0.022061656
144,103,0.0217043
144,104,0.023250701
144,105,0.020268103
144,106,0.018885353
144,107,0.016389774
144,108,0.018376814
144,109,0.019733581
144,110,0.01883906
144,111,0.014413469
144,112,0.013294189
144,113,0.014256841
144,114,0.014692215
144,115,0.013336881
144,116,0.014373258
144,117,0.014713244
144,118,0.01048459
144,119,0.011760298
144,120,0.012332653
144,121,0.008852311
144,122,0.01063106
144,123,0.011279133
144,124,0.008555971
144,125,0.007876993
144,126,0.008288137
144,127,0.008239206
144,128,0.005797186
144,129,0.005325904
144,130,0.006648061
144,131,0.00553609
144,132,0.006375676
144,133,0.00558133
144,134,0.004436037
144,135,0.004914685
144,136,0.006501492
144,137,0.00349191
144,138,0.002900118
144,139,0.00323963
144,140,0.002632409
144,141,0.003654707
144,142,0.003641493
144,143,0.001959072
144,144,0.001855407
144,145,0.003859882
144,146,0.003796901
144,147,0.005251131
144,148,0.002505526
144,149,0.001593829
144,150,0.001632366
144,151,0.001171946
144,152,0.001476226
144,153,0.001552063
144,154,0.000981071
144,155,0.002565918
144,156,0.00155133
144,157,0.000834705
144,158,0.001707202
144,159,0.001061076
144,160,0.001574015
144,161,0.00092017
144,162,0.001205455
144,163,0.000695135
144,164,0.000603799
144,165,0.000609951
144,166,0.001017789
144,167,0.000472378
144,168,0.001295428
144,169,0.000631025
144,170,0.000442618
144,171,0.000430411
144,172,0.000368104
144,173,0.00032135
144,174,0.00033702
144,175,0.000337834
144,176,0.001656765
144,177,0.000251202
144,178,0.000218629
144,179,0.000211939
144,180,0.000411688
144,181,0.000169578
144,182,0.000182566
144,183,0.000132857
144,184,0.000190022
144,185,0.000146839
144,186,6.74141E-05
144,187,9.92254E-05
144,188,6.49282E-05
144,189,1.06414E-05
144,190,8.28889E-30
144,191,9.3692E-30
144,192,8.38039E-30
144,193,9.85306E-30
144,194,1.19157E-29
144,195,9.38824E-30
144,196,7.52508E-30
144,197,7.29581E-30
144,198,6.31631E-30
144,199,6.53342E-30
145,0,8.7995E-30
145,1,6.02684E-30
145,2,6.55258E-30
145,3,6.81708E-30
145,4,9.13327E-30
145,5,6.73368E-30
145,6,7.62194E-30
145,7,8.52561E-30
145,8,5.80011E-30
145,9,7.72264E-30
145,10,6.38189E-30
145,11,3.86322E-05
145,12,9.32092E-05
145,13,0.000124606
145,14,0.000130799
145,15,0.000106693
145,16,0.000161438
145,17,0.000106122
145,18,0.000163477
145,19,0.000164593
145,20,0.000182949
145,21,0.000272571
145,22,0.000302333
145,23,0.00030179
145,24,0.000778209
145,25,0.000366761
145,26,0.000293081
145,27,0.000389528
145,28,0.000382523
145,29,0.000404207
145,30,0.000957446
145,31,0.000447744
145,32,0.000417396
145,33,0.000654954
145,34,0.000552259
145,35,0.001529903
145,36,0.00061916
145,37,0.000587416
145,38,0.000719054
145,39,0.000875227
145,40,0.000748323
145,41,0.000681402
145,42,0.000943206
145,43,0.000972057
145,44,0.001879291
145,45,0.001301319
145,46,0.001238465
145,47,0.002886414
145,48,0.001329019
145,49,0.001530349
145,50,0.002367034
145,51,0.002591684
145,52,0.002026265
145,53,0.003333139
145,54,0.003412347
145,55,0.003371165
145,56,0.002725751
145,57,0.002565634
145,58,0.003172466
145,59,0.003016977
145,60,0.00343573
145,61,0.007305369
145,62,0.004320226
145,63,0.002753234
145,64,0.003367072
145,65,0.004820042
145,66,0.008101751
145,67,0.005135851
145,68,0.005794443
145,69,0.00589367
145,70,0.008398359
145,71,0.006352334
145,72,0.008979448
145,73,0.007469472
145,74,0.007940338
145,75,0.007829014
145,76,0.010304914
145,77,0.007344697
145,78,0.013071601
145,79,0.011211975
145,80,0.010026329
145,81,0.012142858
145,82,0.011800724
145,83,0.013362683
145,84,0.015827514
145,85,0.017105174
145,86,0.015187335
145,87,0.015880241
145,88,0.022399014
145,89,0.016720422
145,90,0.020128733
145,91,0.019480866
145,92,0.021920078
145,93,0.022347417
145,94,0.022448491
145,95,0.022877437
145,96,0.023122924
145,97,0.024232754
145,98,0.020803951
145,99,0.021667384
145,100,0.023827333
145,101,0.019909653
145,102,0.022382182
145,103,0.023020273
145,104,0.019861257
145,105,0.019484295
145,106,0.017046801
145,107,0.016025834
145,108,0.018401693
145,109,0.016618584
145,110,0.017730775
145,111,0.014725699
145,112,0.013623161
145,113,0.015579091
145,114,0.016920113
145,115,0.016231516
145,116,0.013721398
145,117,0.012392438
145,118,0.010597536
145,119,0.00999543
145,120,0.014337638
145,121,0.011034537
145,122,0.008043005
145,123,0.010748002
145,124,0.010596971
145,125,0.007941486
145,126,0.007758442
145,127,0.008032191
145,128,0.008703824
145,129,0.006951768
145,130,0.006287738
145,131,0.00587916
145,132,0.007356383
145,133,0.004367584
145,134,0.00451671
145,135,0.005216396
145,136,0.005471256
145,137,0.00401816
145,138,0.003670764
145,139,0.003481609
145,140,0.00228439
145,141,0.002535033
145,142,0.003196552
145,143,0.002602266
145,144,0.001960404
145,145,0.002345071
145,146,0.001838809
145,147,0.002192384
145,148,0.002691268
145,149,0.002509974
145,150,0.001453131
145,151,0.001537178
145,152,0.001143515
145,153,0.001226519
145,154,0.000893822
145,155,0.001075295
145,156,0.002584689
145,157,0.000948021
145,158,0.000851468
145,159,0.001003197
145,160,0.000645381
145,161,0.000613943
145,162,0.000693293
145,163,0.000563859
145,164,0.000640337
145,165,0.000548696
145,166,0.000549489
145,167,0.000435754
145,168,0.000920655
145,169,0.00045275
145,170,0.00046614
145,171,0.000448908
145,172,0.000579086
145,173,0.000351012
145,174,0.000351799
145,175,0.000612919
145,176,0.000310769
145,177,0.000273673
145,178,0.000262556
145,179,0.000205258
145,180,0.000159721
145,181,0.000198897
145,182,0.000153401
145,183,0.000134127
145,184,0.000141324
145,185,0.000108337
145,186,9.84875E-05
145,187,5.60119E-05
145,188,3.68443E-05
145,189,2.04252E-06
145,190,9.40479E-30
145,191,7.18721E-30
145,192,7.37693E-30
145,193,7.81024E-30
145,194,9.58269E-30
145,195,1.12352E-29
145,196,1.11604E-29
145,197,8.7137E-30
145,198,7.70573E-30
145,199,6.84535E-30
146,0,5.96575E-30
146,1,6.95936E-30
146,2,7.16894E-30
146,3,8.50625E-30
146,4,6.05068E-30
146,5,7.15461E-30
146,6,6.811E-30
146,7,6.13253E-30
146,8,7.72564E-30
146,9,8.08131E-30
146,10,1.08497E-29
146,11,1.76431E-05
146,12,5.95998E-05
146,13,0.000104358
146,14,8.55799E-05
146,15,0.000115034
146,16,0.00010628
146,17,0.000104966
146,18,0.000130702
146,19,0.000205165
146,20,0.000362428
146,21,0.000794709
146,22,0.000506402
146,23,0.00038181
146,24,0.000453391
146,25,0.00031005
146,26,0.000317352
146,27,0.000357905
146,28,0.000462042
146,29,0.00036983
146,30,0.000388456
146,31,0.000442416
146,32,0.00049173
146,33,0.002961843
146,34,0.001389325
146,35,0.000788199
146,36,0.00054684
146,37,0.000602322
146,38,0.000711064
146,39,0.001448166
146,40,0.001207246
146,41,0.00105145
146,42,0.000871396
146,43,0.001052538
146,44,0.001852732
146,45,0.002070737
146,46,0.002079539
146,47,0.001168763
146,48,0.002081913
146,49,0.002660983
146,50,0.002323821
146,51,0.003184878
146,52,0.001803392
146,53,0.001736661
146,54,0.003414582
146,55,0.002046875
146,56,0.003105666
146,57,0.00373007
146,58,0.004765831
146,59,0.004563605
146,60,0.004814629
146,61,0.003572388
146,62,0.006389822
146,63,0.004226802
146,64,0.003938567
146,65,0.0071024
146,66,0.005527649
146,67,0.003334491
146,68,0.005128535
146,69,0.006469352
146,70,0.011265084
146,71,0.007343823
146,72,0.006167916
146,73,0.006003072
146,74,0.008602528
146,75,0.0070676
146,76,0.008194258
146,77,0.008111217
146,78,0.010886919
146,79,0.010181875
146,80,0.010350552
146,81,0.010196427
146,82,0.010771319
146,83,0.01251833
146,84,0.018160209
146,85,0.015629643
146,86,0.017260758
146,87,0.018270678
146,88,0.016815695
146,89,0.017669594
146,90,0.018331782
146,91,0.020631378
146,92,0.020743912
146,93,0.020068218
146,94,0.020465804
146,95,0.025283504
146,96,0.021150117
146,97,0.020504827
146,98,0.021526712
146,99,0.020377546
146,100,0.023147589
146,101,0.023683173
146,102,0.020484351
146,103,0.025984832
146,104,0.02041654
146,105,0.016836614
146,106,0.016643031
146,107,0.017802716
146,108,0.021304497
146,109,0.018109547
146,110,0.016095
146,111,0.016618844
146,112,0.015175366
146,113,0.013347994
146,114,0.013304732
146,115,0.014867216
146,116,0.013567796
146,117,0.014338485
146,118,0.014381738
146,119,0.011890735
146,120,0.011195459
146,121,0.009342379
146,122,0.008525299
146,123,0.008283431
146,124,0.007694742
146,125,0.00669655
146,126,0.007295969
146,127,0.007544003
146,128,0.008097987
146,129,0.006316326
146,130,0.004387987
146,131,0.005672362
146,132,0.004409708
146,133,0.005118939
146,134,0.00579545
146,135,0.004371046
146,136,0.00355075
146,137,0.003520961
146,138,0.004308296
146,139,0.002382663
146,140,0.002485664
146,141,0.002392495
146,142,0.002535218
146,143,0.003774739
146,144,0.002538837
146,145,0.001891987
146,146,0.002353743
146,147,0.001915384
146,148,0.00258267
146,149,0.002237485
146,150,0.001749392
146,151,0.002070734
146,152,0.001111465
146,153,0.001865044
146,154,0.001461264
146,155,0.001777337
146,156,0.00079668
146,157,0.000796414
146,158,0.000946198
146,159,0.000734888
146,160,0.000716864
146,161,0.000867474
146,162,0.000804588
146,163,0.000640381
146,164,0.000655709
146,165,0.000592218
146,166,0.000629266
146,167,0.000828128
146,168,0.000717624
146,169,0.000409525
146,170,0.000425376
146,171,0.000493897
146,172,0.000493739
146,173,0.000421884
146,174,0.000367058
146,175,0.000310475
146,176,0.000312076
146,177,0.000260845
146,178,0.000264646
146,179,0.000219891
146,180,0.000168941
146,181,0.00011687
146,182,0.000143973
146,183,0.000163522
146,184,0.000126557
146,185,0.000138487
146,186,7.39546E-05
146,187,4.52246E-05
146,188,6.71348E-06
146,189,7.64957E-30
146,190,9.48499E-30
146,191,9.17168E-30
146,192,7.36202E-30
146,193,6.76292E-30
146,194,7.60898E-30
146,195,9.32318E-30
146,196,9.26087E-30
146,197,1.04433E-29
146,198,1.02477E-29
146,199,7.38313E-30
147,0,5.87835E-30
147,1,7.6678E-30
147,2,7.78564E-30
147,3,6.29044E-30
147,4,6.02285E-30
147,5,7.95042E-30
147,6,7.58336E-30
147,7,8.86229E-30
147,8,1.05961E-29
147,9,1.1947E-29
147,10,9.22399E-30
147,11,9.53224E-07
147,12,5.4784E-05
147,13,9.73378E-05
147,14,6.92684E-05
147,15,8.59292E-05
147,16,0.000107105
147,17,0.000152982
147,18,0.000618775
147,19,0.000189532
147,20,0.000282511
147,21,0.001023885
147,22,0.000999821
147,23,0.000322112
147,24,0.000616627
147,25,0.000363033
147,26,0.000408415
147,27,0.000556018
147,28,0.000672835
147,29,0.000818959
147,30,0.000409318
147,31,0.000388073
147,32,0.000591831
147,33,0.000417605
147,34,0.00150194
147,35,0.001798893
147,36,0.000569523
147,37,0.000795426
147,38,0.000629192
147,39,0.000793025
147,40,0.000903901
147,41,0.001305554
147,42,0.001004321
147,43,0.003169557
147,44,0.001579412
147,45,0.003044469
147,46,0.001275196
147,47,0.0012605
147,48,0.001747731
147,49,0.002446465
147,50,0.001621844
147,51,0.002563443
147,52,0.001710812
147,53,0.001711612
147,54,0.001725837
147,55,0.001985605
147,56,0.003522145
147,57,0.006529306
147,58,0.003304864
147,59,0.005554232
147,60,0.005030117
147,61,0.004658063
147,62,0.00488592
147,63,0.004244999
147,64,0.006670343
147,65,0.004645534
147,66,0.007719549
147,67,0.005508129
147,68,0.004605862
147,69,0.006609434
147,70,0.007415065
147,71,0.005997294
147,72,0.008662225
147,73,0.007545139
147,74,0.007674733
147,75,0.007791279
147,76,0.009702415
147,77,0.010272655
147,78,0.012927395
147,79,0.010601085
147,80,0.010314233
147,81,0.017626497
147,82,0.012986539
147,83,0.014884388
147,84,0.016300123
147,85,0.015801591
147,86,0.017470245
147,87,0.016626124
147,88,0.015402631
147,89,0.016344735
147,90,0.018257907
147,91,0.01725924
147,92,0.019947773
147,93,0.017032204
147,94,0.020261796
147,95,0.025852366
147,96,0.027303728
147,97,0.021336486
147,98,0.021823542
147,99,0.020233793
147,100,0.023273376
147,101,0.025757308
147,102,0.023102152
147,103,0.021267348
147,104,0.018846137
147,105,0.017879597
147,106,0.01814199
147,107,0.019711326
147,108,0.021672087
147,109,0.018524034
147,110,0.013514424
147,111,0.015516092
147,112,0.014922407
147,113,0.013109391
147,114,0.01467702
147,115,0.015145419
147,116,0.015232651
147,117,0.012260331
147,118,0.011077695
147,119,0.013433853
147,120,0.009911801
147,121,0.008663258
147,122,0.011273475
147,123,0.008970828
147,124,0.009741146
147,125,0.010466516
147,126,0.007578454
147,127,0.006623826
147,128,0.008674394
147,129,0.00652367
147,130,0.006701462
147,131,0.008592232
147,132,0.007053172
147,133,0.005734611
147,134,0.006458721
147,135,0.004506518
147,136,0.004563058
147,137,0.005085574
147,138,0.004213653
147,139,0.002534423
147,140,0.004807737
147,141,0.003485598
147,142,0.002551945
147,143,0.002830668
147,144,0.004883212
147,145,0.003434201
147,146,0.003243946
147,147,0.002386238
147,148,0.001912397
147,149,0.002200337
147,150,0.001369817
147,151,0.001499448
147,152,0.001600311
147,153,0.001528969
147,154,0.0011253
147,155,0.00095973
147,156,0.000897845
147,157,0.00082277
147,158,0.000790096
147,159,0.001143885
147,160,0.000743333
147,161,0.001070482
147,162,0.000695695
147,163,0.000641989
147,164,0.000887619
147,165,0.000787093
147,166,0.000962106
147,167,0.000639182
147,168,0.000705472
147,169,0.000460254
147,170,0.000445842
147,171,0.000426341
147,172,0.000431507
147,173,0.000435968
147,174,0.00039111
147,175,0.000301666
147,176,0.000304424
147,177,0.000295932
147,178,0.000206281
147,179,0.000234947
147,180,0.000196291
147,181,0.000138916
147,182,0.000107164
147,183,0.000115591
147,184,0.000105961
147,185,0.000120715
147,186,7.874E-05
147,187,2.57358E-05
147,188,2.49395E-07
147,189,9.03006E-30
147,190,8.43467E-30
147,191,7.99238E-30
147,192,7.78483E-30
147,193,7.03837E-30
147,194,6.48731E-30
147,195,6.66073E-30
147,196,8.86763E-30
147,197,7.81496E-30
147,198,8.46824E-30
147,199,9.5372E-30
148,0,7.26268E-30
148,1,6.35191E-30
148,2,5.9961E-30
148,3,4.71218E-30
148,4,8.36878E-30
148,5,8.43154E-30
148,6,1.09615E-29
148,7,8.73836E-30
148,8,9.65534E-30
148,9,6.93864E-30
148,10,8.53126E-30
148,11,1.15762E-29
148,12,1.24475E-05
148,13,3.44131E-05
148,14,7.24026E-05
148,15,0.000119161
148,16,0.00016841
148,17,0.000213168
148,18,0.000180906
148,19,0.000583066
148,20,0.000214457
148,21,0.000792279
148,22,0.001121371
148,23,0.000331451
148,24,0.000287353
148,25,0.000299109
148,26,0.000380545
148,27,0.00069616
148,28,0.000351558
148,29,0.00033538
148,30,0.000395891
148,31,0.000475611
148,32,0.000430107
148,33,0.000556211
148,34,0.001137025
148,35,0.001012742
148,36,0.002691805
148,37,0.000856578
148,38,0.001158995
148,39,0.000712379
148,40,0.001745448
148,41,0.001686518
148,42,0.001006442
148,43,0.00231805
148,44,0.001638988
148,45,0.002061698
148,46,0.001231123
148,47,0.001083748
148,48,0.001212667
148,49,0.001505192
148,50,0.001452784
148,51,0.002040169
148,52,0.002208518
148,53,0.002526235
148,54,0.003616075
148,55,0.002136653
148,56,0.002533521
148,57,0.005410849
148,58,0.005165994
148,59,0.004310977
148,60,0.003277022
148,61,0.00455392
148,62,0.006352089
148,63,0.005499865
148,64,0.005884077
148,65,0.003929386
148,66,0.00386432
148,67,0.005162227
148,68,0.006468883
148,69,0.00608873
148,70,0.005981601
148,71,0.005591173
148,72,0.007964357
148,73,0.006611278
148,74,0.006909547
148,75,0.006621177
148,76,0.008312464
148,77,0.010810088
148,78,0.014392743
148,79,0.010813888
148,80,0.011451218
148,81,0.012928023
148,82,0.009612096
148,83,0.015624327
148,84,0.014309756
148,85,0.016224209
148,86,0.015628164
148,87,0.0129964
148,88,0.016077447
148,89,0.02018364
148,90,0.024258632
148,91,0.019783128
148,92,0.020807124
148,93,0.019834655
148,94,0.0204678
148,95,0.024259188
148,96,0.023404579
148,97,0.024119874
148,98,0.021908706
148,99,0.019901069
148,100,0.020172783
148,101,0.020819512
148,102,0.021947832
148,103,0.020299
148,104,0.019554932
148,105,0.018708255
148,106,0.017820476
148,107,0.018842223
148,108,0.01736069
148,109,0.017333825
148,110,0.012860124
148,111,0.013891273
148,112,0.01632042
148,113,0.016566465
148,114,0.01905277
148,115,0.015236085
148,116,0.013917836
148,117,0.011815819
148,118,0.012134205
148,119,0.010197761
148,120,0.010028023
148,121,0.011905045
148,122,0.011262429
148,123,0.009412338
148,124,0.009871381
148,125,0.008975922
148,126,0.010484917
148,127,0.005684459
148,128,0.007599259
148,129,0.005929287
148,130,0.007516264
148,131,0.006192622
148,132,0.007281296
148,133,0.007419526
148,134,0.004075573
148,135,0.005332207
148,136,0.004656644
148,137,0.003093427
148,138,0.003497682
148,139,0.00335717
148,140,0.004698842
148,141,0.004774658
148,142,0.003127299
148,143,0.005371825
148,144,0.004868014
148,145,0.002502062
148,146,0.002836147
148,147,0.003075622
148,148,0.002140526
148,149,0.002259711
148,150,0.001507042
148,151,0.001810847
148,152,0.001796348
148,153,0.001334372
148,154,0.0017939
148,155,0.002374238
148,156,0.000923438
148,157,0.002791781
148,158,0.001344126
148,159,0.001028186
148,160,0.000713783
148,161,0.000666445
148,162,0.00083499
148,163,0.000808695
148,164,0.000756241
148,165,0.000701182
148,166,0.000567149
148,167,0.000509127
148,168,0.000484818
148,169,0.001028616
148,170,0.000353351
148,171,0.000400866
148,172,0.000430219
148,173,0.000450066
148,174,0.000336938
148,175,0.000382883
148,176,0.000321695
148,177,0.000313136
148,178,0.000301063
148,179,0.000209042
148,180,0.000237637
148,181,0.000201048
148,182,0.000131771
148,183,0.000101342
148,184,0.00012839
148,185,8.35369E-05
148,186,0.000107021
148,187,1.5546E-05
148,188,7.9811E-30
148,189,6.37629E-30
148,190,7.67481E-30
148,191,8.8678E-30
148,192,6.65161E-30
148,193,6.3923E-30
148,194,6.3451E-30
148,195,6.86265E-30
148,196,6.7116E-30
148,197,8.0904E-30
148,198,7.46428E-30
148,199,7.74382E-30
149,0,6.23656E-30
149,1,6.3802E-30
149,2,7.13701E-30
149,3,8.84168E-30
149,4,9.31391E-30
149,5,6.00222E-30
149,6,9.82941E-30
149,7,1.04211E-29
149,8,5.80669E-30
149,9,8.34482E-30
149,10,8.86021E-30
149,11,8.3636E-30
149,12,9.79513E-30
149,13,3.00538E-05
149,14,9.25745E-05
149,15,0.000145352
149,16,0.00016268
149,17,9.81645E-05
149,18,0.000740631
149,19,0.000375816
149,20,0.000217728
149,21,0.000890458
149,22,0.000266773
149,23,0.000223328
149,24,0.000250174
149,25,0.000373967
149,26,0.000411983
149,27,0.000304769
149,28,0.000338107
149,29,0.000358372
149,30,0.000413863
149,31,0.000447183
149,32,0.000393451
149,33,0.000574961
149,34,0.000717977
149,35,0.000636544
149,36,0.001979412
149,37,0.001655121
149,38,0.002777967
149,39,0.001253732
149,40,0.001384991
149,41,0.001029511
149,42,0.001821181
149,43,0.001308058
149,44,0.00120596
149,45,0.001465353
149,46,0.002443296
149,47,0.002941084
149,48,0.001501106
149,49,0.001499304
149,50,0.00136702
149,51,0.002784015
149,52,0.004594689
149,53,0.001911996
149,54,0.002606758
149,55,0.004245007
149,56,0.003341086
149,57,0.003667342
149,58,0.003033317
149,59,0.003048918
149,60,0.003151799
149,61,0.003172871
149,62,0.00386162
149,63,0.005218656
149,64,0.004127754
149,65,0.007900799
149,66,0.005836503
149,67,0.005644022
149,68,0.0062714
149,69,0.00598976
149,70,0.006303722
149,71,0.005250653
149,72,0.007185452
149,73,0.008014689
149,74,0.008790446
149,75,0.00664262
149,76,0.012534601
149,77,0.011342222
149,78,0.013214762
149,79,0.013438479
149,80,0.013577123
149,81,0.014616977
149,82,0.013284714
149,83,0.016124189
149,84,0.011300879
149,85,0.013112624
149,86,0.018284177
149,87,0.01563701
149,88,0.017683032
149,89,0.022099849
149,90,0.019946727
149,91,0.019857588
149,92,0.018598466
149,93,0.02134831
149,94,0.023061879
149,95,0.02247157
149,96,0.020843893
149,97,0.021365576
149,98,0.021030756
149,99,0.020076928
149,100,0.019314168
149,101,0.023401646
149,102,0.021880901
149,103,0.021314215
149,104,0.021586163
149,105,0.017955427
149,106,0.017376717
149,107,0.018318937
149,108,0.016810498
149,109,0.014426589
149,110,0.014021162
149,111,0.018793525
149,112,0.015636533
149,113,0.015837172
149,114,0.017308136
149,115,0.013103884
149,116,0.016227885
149,117,0.010416121
149,118,0.008856932
149,119,0.007743104
149,120,0.012251523
149,121,0.009186621
149,122,0.012933196
149,123,0.009631291
149,124,0.009710824
149,125,0.007664476
149,126,0.008239311
149,127,0.006854161
149,128,0.006461248
149,129,0.006247023
149,130,0.00716215
149,131,0.00701815
149,132,0.00476056
149,133,0.004929253
149,134,0.006288995
149,135,0.006391765
149,136,0.004319726
149,137,0.004490317
149,138,0.003730299
149,139,0.00328556
149,140,0.003576447
149,141,0.003705027
149,142,0.00375765
149,143,0.002058539
149,144,0.002468951
149,145,0.002204547
149,146,0.001789702
149,147,0.003085045
149,148,0.001955331
149,149,0.00152687
149,150,0.001847576
149,151,0.002997492
149,152,0.002313625
149,153,0.001754321
149,154,0.001799204
149,155,0.001722442
149,156,0.001308059
149,157,0.001583491
149,158,0.001044643
149,159,0.002359972
149,160,0.001331362
149,161,0.001245853
149,162,0.000720624
149,163,0.0006258
149,164,0.000658906
149,165,0.000674387
149,166,0.000940862
149,167,0.000903666
149,168,0.000541547
149,169,0.000944514
149,170,0.000419938
149,171,0.000395375
149,172,0.00039775
149,173,0.00044085
149,174,0.000441209
149,175,0.000468398
149,176,0.000357105
149,177,0.000270415
149,178,0.000251561
149,179,0.000248671
149,180,0.00021318
149,181,0.000223466
149,182,0.000156896
149,183,0.000140494
149,184,7.71153E-05
149,185,6.93458E-05
149,186,4.05553E-05
149,187,1.77018E-06
149,188,1.03848E-29
149,189,8.9364E-30
149,190,8.23057E-30
149,191,9.06449E-30
149,192,9.3331E-30
149,193,6.18786E-30
149,194,6.23217E-30
149,195,6.04363E-30
149,196,7.05706E-30
149,197,8.10297E-30
149,198,8.08581E-30
149,199,7.74709E-30
150,0,8.74865E-30
150,1,7.4715E-30
150,2,5.60679E-30
150,3,8.98229E-30
150,4,5.60742E-30
150,5,7.6571E-30
150,6,1.10794E-29
150,7,7.92474E-30
150,8,1.03126E-29
150,9,9.58995E-30
150,10,9.2426E-30
150,11,1.05405E-29
150,12,1.20743E-29
150,13,1.428E-05
150,14,0.000101378
150,15,0.000113552
150,16,6.14433E-05
150,17,0.000167522
150,18,0.000442485
150,19,0.000698334
150,20,0.000290721
150,21,0.000242556
150,22,0.000212078
150,23,0.000262954
150,24,0.00031592
150,25,0.000413731
150,26,0.000291085
150,27,0.000344291
150,28,0.000375708
150,29,0.000628677
150,30,0.001838087
150,31,0.000826748
150,32,0.00046117
150,33,0.000371985
150,34,0.000533976
150,35,0.000647179
150,36,0.001514829
150,37,0.001776868
150,38,0.00094772
150,39,0.001595299
150,40,0.001383395
150,41,0.001403616
150,42,0.001049972
150,43,0.001774996
150,44,0.000986962
150,45,0.001307842
150,46,0.00203078
150,47,0.001735353
150,48,0.001587825
150,49,0.001896737
150,50,0.001618811
150,51,0.002846824
150,52,0.00242939
150,53,0.005725197
150,54,0.002675494
150,55,0.003848088
150,56,0.002448424
150,57,0.004878922
150,58,0.005059136
150,59,0.002559433
150,60,0.003341445
150,61,0.003356196
150,62,0.004245588
150,63,0.005336112
150,64,0.003791546
150,65,0.005845568
150,66,0.005588935
150,67,0.005704399
150,68,0.005784061
150,69,0.007838633
150,70,0.006094737
150,71,0.006961296
150,72,0.006042646
150,73,0.007389743
150,74,0.007613515
150,75,0.008599853
150,76,0.012050335
150,77,0.010218087
150,78,0.011402445
150,79,0.014282277
150,80,0.014117178
150,81,0.013868087
150,82,0.013786194
150,83,0.013451418
150,84,0.013295116
150,85,0.014450739
150,86,0.016671398
150,87,0.015678791
150,88,0.015283219
150,89,0.016248737
150,90,0.021245552
150,91,0.023518208
150,92,0.02248154
150,93,0.01812862
150,94,0.018712691
150,95,0.024187652
150,96,0.023064175
150,97,0.02119789
150,98,0.018913115
150,99,0.021280448
150,100,0.019617898
150,101,0.019003939
150,102,0.016997632
150,103,0.01817855
150,104,0.022251114
150,105,0.020127036
150,106,0.018898905
150,107,0.020374872
150,108,0.014603512
150,109,0.014673779
150,110,0.014150869
150,111,0.015426586
150,112,0.016613981
150,113,0.014870498
150,114,0.012867879
150,115,0.014212624
150,116,0.012405318
150,117,0.010813617
150,118,0.011487631
150,119,0.008469843
150,120,0.00860205
150,121,0.011321507
150,122,0.011050405
150,123,0.006693715
150,124,0.009925653
150,125,0.009680369
150,126,0.006933754
150,127,0.007341269
150,128,0.006707433
150,129,0.006753491
150,130,0.005731272
150,131,0.006733924
150,132,0.00489326
150,133,0.004831532
150,134,0.004560488
150,135,0.003903724
150,136,0.005052909
150,137,0.005961388
150,138,0.00370348
150,139,0.002892625
150,140,0.003226695
150,141,0.002354384
150,142,0.00337901
150,143,0.003086996
150,144,0.002289447
150,145,0.001797642
150,146,0.001675984
150,147,0.002416897
150,148,0.002793659
150,149,0.003043727
150,150,0.001360417
150,151,0.002475484
150,152,0.002872002
150,153,0.001662322
150,154,0.001124242
150,155,0.00094123
150,156,0.00094135
150,157,0.000809474
150,158,0.001062171
150,159,0.001199715
150,160,0.001126998
150,161,0.000628926
150,162,0.000736228
150,163,0.000646949
150,164,0.000626904
150,165,0.000605463
150,166,0.001049521
150,167,0.001213409
150,168,0.00048197
150,169,0.000685143
150,170,0.000450065
150,171,0.000625547
150,172,0.000386204
150,173,0.000337851
150,174,0.000391506
150,175,0.000735916
150,176,0.000321615
150,177,0.000371069
150,178,0.000313121
150,179,0.000250931
150,180,0.00021839
150,181,0.000224589
150,182,0.000153521
150,183,0.000124466
150,184,9.9021E-05
150,185,4.0287E-05
150,186,3.40917E-06
150,187,8.46531E-30
150,188,7.97538E-30
150,189,8.96863E-30
150,190,8.04386E-30
150,191,8.64232E-30
150,192,1.0825E-29
150,193,1.09525E-29
150,194,6.94781E-30
150,195,6.62493E-30
150,196,7.08555E-30
150,197,8.16287E-30
150,198,7.70407E-30
150,199,8.32751E-30
151,0,5.4195E-30
151,1,5.01916E-30
151,2,7.35252E-30
151,3,6.87629E-30
151,4,8.21929E-30
151,5,9.04193E-30
151,6,6.89019E-30
151,7,7.13657E-30
151,8,6.99667E-30
151,9,8.38159E-30
151,10,9.09409E-30
151,11,1.12108E-29
151,12,7.6643E-30
151,13,1.03175E-29
151,14,3.30768E-05
151,15,2.60785E-05
151,16,0.000103347
151,17,0.000215262
151,18,0.000180015
151,19,0.000205657
151,20,0.000210545
151,21,0.000164732
151,22,0.00027315
151,23,0.000334359
151,24,0.00047146
151,25,0.000312162
151,26,0.000292817
151,27,0.000413509
151,28,0.000299597
151,29,0.000408861
151,30,0.001165599
151,31,0.000354355
151,32,0.000354631
151,33,0.000484402
151,34,0.001034193
151,35,0.000796997
151,36,0.001026227
151,37,0.001388829
151,38,0.000709046
151,39,0.000708821
151,40,0.000798212
151,41,0.000912985
151,42,0.001154644
151,43,0.00129666
151,44,0.001034954
151,45,0.001036684
151,46,0.002066599
151,47,0.002490519
151,48,0.001953053
151,49,0.001427888
151,50,0.002101805
151,51,0.002598076
151,52,0.003032626
151,53,0.003559992
151,54,0.003800539
151,55,0.003583946
151,56,0.004175495
151,57,0.003912314
151,58,0.003407331
151,59,0.002854015
151,60,0.005140796
151,61,0.002789622
151,62,0.003400329
151,63,0.004490962
151,64,0.004909452
151,65,0.006719758
151,66,0.006580239
151,67,0.005741557
151,68,0.005638974
151,69,0.007723114
151,70,0.006021965
151,71,0.006112291
151,72,0.00693694
151,73,0.006997989
151,74,0.007727686
151,75,0.009157502
151,76,0.010483046
151,77,0.011667747
151,78,0.013758672
151,79,0.014097067
151,80,0.016562267
151,81,0.012320186
151,82,0.014497962
151,83,0.012252405
151,84,0.015040711
151,85,0.015355592
151,86,0.01464195
151,87,0.013171762
151,88,0.018244837
151,89,0.022849117
151,90,0.022965587
151,91,0.017915813
151,92,0.019555899
151,93,0.018467424
151,94,0.023395283
151,95,0.023973113
151,96,0.019522034
151,97,0.022444307
151,98,0.021387309
151,99,0.023834729
151,100,0.019811974
151,101,0.020704139
151,102,0.019139095
151,103,0.021845533
151,104,0.018679815
151,105,0.019805049
151,106,0.017839993
151,107,0.017916648
151,108,0.015668885
151,109,0.0180799
151,110,0.015342426
151,111,0.016370793
151,112,0.014487844
151,113,0.012300764
151,114,0.014386998
151,115,0.014750621
151,116,0.012075615
151,117,0.011511823
151,118,0.010875029
151,119,0.009076562
151,120,0.007914654
151,121,0.009186009
151,122,0.008164456
151,123,0.008699618
151,124,0.008487624
151,125,0.007666109
151,126,0.005757694
151,127,0.006964489
151,128,0.004883174
151,129,0.00733097
151,130,0.007144652
151,131,0.005327198
151,132,0.008714458
151,133,0.005577294
151,134,0.005964515
151,135,0.005431989
151,136,0.005506847
151,137,0.005098922
151,138,0.008431838
151,139,0.005452689
151,140,0.002707536
151,141,0.003234585
151,142,0.003756963
151,143,0.005309239
151,144,0.003303675
151,145,0.002821055
151,146,0.002791468
151,147,0.001641713
151,148,0.003974202
151,149,0.003126881
151,150,0.00149768
151,151,0.001176454
151,152,0.001367049
151,153,0.001105868
151,154,0.001365109
151,155,0.001157374
151,156,0.001843269
151,157,0.000927224
151,158,0.000859226
151,159,0.001116053
151,160,0.002560325
151,161,0.001186942
151,162,0.000629197
151,163,0.000774172
151,164,0.000580983
151,165,0.00063541
151,166,0.000552481
151,167,0.001211036
151,168,0.001569931
151,169,0.000868867
151,170,0.000970641
151,171,0.000354985
151,172,0.000385365
151,173,0.000334621
151,174,0.000611654
151,175,0.000364044
151,176,0.000293293
151,177,0.000268395
151,178,0.000290599
151,179,0.000248285
151,180,0.000175821
151,181,0.000202776
151,182,0.000288517
151,183,0.00010956
151,184,0.00010064
151,185,2.14169E-05
151,186,6.92388E-30
151,187,8.78686E-30
151,188,8.49226E-30
151,189,7.97311E-30
151,190,8.7777E-30
151,191,7.76106E-30
151,192,8.65478E-30
151,193,1.0694E-29
151,194,9.06369E-30
151,195,7.20158E-30
151,196,6.98526E-30
151,197,7.13272E-30
151,198,8.58371E-30
151,199,6.88741E-30
152,0,5.16624E-30
152,1,6.66952E-30
152,2,9.69824E-30
152,3,7.70149E-30
152,4,7.6765E-30
152,5,5.08392E-30
152,6,9.85581E-30
152,7,8.28238E-30
152,8,8.62461E-30
152,9,9.52199E-30
152,10,1.04634E-29
152,11,7.86108E-30
152,12,9.74089E-30
152,13,1.01966E-29
152,14,1.62183E-06
152,15,6.52096E-05
152,16,0.000160716
152,17,0.000139982
152,18,0.000128396
152,19,0.000131976
152,20,0.000149615
152,21,0.000240911
152,22,0.000189059
152,23,0.000347916
152,24,0.000279713
152,25,0.000294147
152,26,0.000341788
152,27,0.000307488
152,28,0.000380234
152,29,0.000934846
152,30,0.00070918
152,31,0.000386745
152,32,0.00055652
152,33,0.0014136
152,34,0.000872237
152,35,0.001089994
152,36,0.000657766
152,37,0.001281166
152,38,0.000741092
152,39,0.000720997
152,40,0.001020371
152,41,0.001126157
152,42,0.001637721
152,43,0.001000636
152,44,0.001494206
152,45,0.001881043
152,46,0.001045389
152,47,0.002012918
152,48,0.001586091
152,49,0.001785281
152,50,0.00147235
152,51,0.00165553
152,52,0.001964291
152,53,0.002232124
152,54,0.003774241
152,55,0.003174687
152,56,0.003012368
152,57,0.004019357
152,58,0.002561204
152,59,0.002886904
152,60,0.003587682
152,61,0.003916798
152,62,0.003015556
152,63,0.003374703
152,64,0.004183945
152,65,0.005470615
152,66,0.009890247
152,67,0.008333046
152,68,0.005149206
152,69,0.005993615
152,70,0.006433406
152,71,0.006611439
152,72,0.007342849
152,73,0.007177903
152,74,0.010228305
152,75,0.013928956
152,76,0.014678713
152,77,0.01146077
152,78,0.011693138
152,79,0.011272066
152,80,0.01460377
152,81,0.013803671
152,82,0.012740963
152,83,0.015892814
152,84,0.014135725
152,85,0.014531881
152,86,0.020707653
152,87,0.015942074
152,88,0.021292147
152,89,0.021606154
152,90,0.018087664
152,91,0.016638286
152,92,0.019476674
152,93,0.0185687
152,94,0.02068556
152,95,0.020568029
152,96,0.018665946
152,97,0.020903011
152,98,0.022405908
152,99,0.020163381
152,100,0.020980922
152,101,0.018212911
152,102,0.01778435
152,103,0.02178871
152,104,0.017907135
152,105,0.016589212
152,106,0.017484601
152,107,0.016776843
152,108,0.017069995
152,109,0.016188148
152,110,0.016452288
152,111,0.017895123
152,112,0.01637985
152,113,0.013761943
152,114,0.013729172
152,115,0.013853927
152,116,0.014816698
152,117,0.013418843
152,118,0.016596564
152,119,0.009757634
152,120,0.008308243
152,121,0.008363445
152,122,0.008805629
152,123,0.011266895
152,124,0.009723583
152,125,0.008769434
152,126,0.006516508
152,127,0.005694571
152,128,0.00540154
152,129,0.004589053
152,130,0.004613779
152,131,0.007835043
152,132,0.005516553
152,133,0.005978791
152,134,0.00431907
152,135,0.006618262
152,136,0.004845752
152,137,0.005725784
152,138,0.00609384
152,139,0.004161056
152,140,0.002860231
152,141,0.002965036
152,142,0.002821361
152,143,0.002581009
152,144,0.002212694
152,145,0.002921223
152,146,0.003660868
152,147,0.001968423
152,148,0.001505587
152,149,0.001865016
152,150,0.001353994
152,151,0.001197829
152,152,0.001194704
152,153,0.001256711
152,154,0.001065956
152,155,0.001058632
152,156,0.001008769
152,157,0.001223317
152,158,0.000990985
152,159,0.001411401
152,160,0.000963457
152,161,0.000732889
152,162,0.000687286
152,163,0.000634397
152,164,0.000645344
152,165,0.000899857
152,166,0.00100065
152,167,0.00055708
152,168,0.000608402
152,169,0.001694704
152,170,0.001257029
152,171,0.000633546
152,172,0.000905813
152,173,0.000319601
152,174,0.00031389
152,175,0.00046654
152,176,0.000420889
152,177,0.000695613
152,178,0.000270747
152,179,0.000265552
152,180,0.000205109
152,181,0.000144246
152,182,0.000247401
152,183,0.000110026
152,184,3.69374E-05
152,185,7.69735E-06
152,186,7.62112E-30
152,187,7.76623E-30
152,188,7.73599E-30
152,189,7.11359E-30
152,190,7.11397E-30
152,191,8.18863E-30
152,192,8.43775E-30
152,193,8.63202E-30
152,194,1.19402E-29
152,195,9.19286E-30
152,196,6.95716E-30
152,197,6.81044E-30
152,198,9.19178E-30
152,199,1.05177E-29
153,0,5.96853E-30
153,1,8.78038E-30
153,2,8.83655E-30
153,3,8.41267E-30
153,4,7.79405E-30
153,5,9.97369E-30
153,6,1.08267E-29
153,7,9.11355E-30
153,8,9.59245E-30
153,9,9.92549E-30
153,10,9.37862E-30
153,11,1.01316E-29
153,12,9.45691E-30
153,13,1.22543E-29
153,14,1.02871E-29
153,15,2.46012E-05
153,16,9.05188E-05
153,17,0.000103974
153,18,0.000133217
153,19,0.000152398
153,20,0.000207248
153,21,0.000156614
153,22,0.00026296
153,23,0.000268857
153,24,0.000275467
153,25,0.000372372
153,26,0.000481116
153,27,0.000389981
153,28,0.000568021
153,29,0.000797871
153,30,0.000536486
153,31,0.000546664
153,32,0.00050616
153,33,0.000487343
153,34,0.00103339
153,35,0.00060768
153,36,0.000636869
153,37,0.000634005
153,38,0.000753432
153,39,0.000764063
153,40,0.000793288
153,41,0.00206691
153,42,0.000926446
153,43,0.000993465
153,44,0.001052042
153,45,0.002890584
153,46,0.001959722
153,47,0.002723265
153,48,0.001625212
153,49,0.001708064
153,50,0.002546948
153,51,0.002879086
153,52,0.005509122
153,53,0.005151973
153,54,0.004326609
153,55,0.003261539
153,56,0.003528622
153,57,0.00361098
153,58,0.003439393
153,59,0.004025446
153,60,0.003093291
153,61,0.005006397
153,62,0.00455055
153,63,0.003071616
153,64,0.003951767
153,65,0.005590625
153,66,0.006739209
153,67,0.007335763
153,68,0.007050635
153,69,0.00613062
153,70,0.005427039
153,71,0.007645386
153,72,0.008508133
153,73,0.006801571
153,74,0.008790333
153,75,0.011353527
153,76,0.012914645
153,77,0.012660202
153,78,0.010523581
153,79,0.014057036
153,80,0.01486561
153,81,0.012781507
153,82,0.010565977
153,83,0.012251077
153,84,0.012005799
153,85,0.013176067
153,86,0.015788595
153,87,0.017346095
153,88,0.016546036
153,89,0.015448727
153,90,0.019616291
153,91,0.019544985
153,92,0.019775251
153,93,0.018893675
153,94,0.020343425
153,95,0.02524067
153,96,0.020223844
153,97,0.020348846
153,98,0.020067414
153,99,0.01976096
153,100,0.021847551
153,101,0.020366899
153,102,0.021030772
153,103,0.021398168
153,104,0.017409911
153,105,0.018140966
153,106,0.015506642
153,107,0.016595734
153,108,0.015900083
153,109,0.016234111
153,110,0.021573008
153,111,0.016138589
153,112,0.01294999
153,113,0.013628116
153,114,0.017588115
153,115,0.014416199
153,116,0.012819739
153,117,0.014218297
153,118,0.012398053
153,119,0.012130356
153,120,0.009611117
153,121,0.011866856
153,122,0.00885407
153,123,0.008389245
153,124,0.010962059
153,125,0.006935532
153,126,0.005398875
153,127,0.005516828
153,128,0.00594568
153,129,0.004840159
153,130,0.00709486
153,131,0.005583421
153,132,0.005805064
153,133,0.007534842
153,134,0.006944403
153,135,0.005581439
153,136,0.004793785
153,137,0.006094743
153,138,0.004229893
153,139,0.003461093
153,140,0.003065712
153,141,0.00264034
153,142,0.002138277
153,143,0.002620695
153,144,0.00272766
153,145,0.00347129
153,146,0.00220473
153,147,0.002156704
153,148,0.002707472
153,149,0.002711118
153,150,0.002097549
153,151,0.001254609
153,152,0.001147919
153,153,0.001304498
153,154,0.001084619
153,155,0.001305558
153,156,0.001577335
153,157,0.001371001
153,158,0.001273148
153,159,0.001337369
153,160,0.001031899
153,161,0.000707819
153,162,0.000574358
153,163,0.00058738
153,164,0.000572611
153,165,0.001981316
153,166,0.000824267
153,167,0.000891012
153,168,0.000816231
153,169,0.001822604
153,170,0.000998266
153,171,0.000407552
153,172,0.000367057
153,173,0.000350877
153,174,0.000268505
153,175,0.000891617
153,176,0.000339865
153,177,0.000552872
153,178,0.000269677
153,179,0.001053779
153,180,0.000956714
153,181,0.000147272
153,182,0.000123916
153,183,0.000106865
153,184,2.99629E-05
153,185,8.61507E-30
153,186,9.96012E-30
153,187,7.13216E-30
153,188,8.13051E-30
153,189,7.95814E-30
153,190,7.28894E-30
153,191,7.38457E-30
153,192,7.46158E-30
153,193,8.29958E-30
153,194,7.71501E-30
153,195,9.73398E-30
153,196,8.4482E-30
153,197,6.7709E-30
153,198,5.86734E-30
153,199,8.744E-30
154,0,6.76247E-30
154,1,1.05289E-29
154,2,7.50689E-30
154,3,7.00261E-30
154,4,7.52056E-30
154,5,8.42713E-30
154,6,8.4145E-30
154,7,7.94521E-30
154,8,9.06019E-30
154,9,8.60291E-30
154,10,7.91499E-30
154,11,8.29045E-30
154,12,1.21293E-29
154,13,1.1018E-29
154,14,1.09649E-29
154,15,3.75449E-08
154,16,3.63464E-05
154,17,9.0145E-05
154,18,0.000127091
154,19,0.000169514
154,20,0.0001873
154,21,0.000208987
154,22,0.000266832
154,23,0.000234215
154,24,0.00030391
154,25,0.000424697
154,26,0.001146449
154,27,0.000439003
154,28,0.00031729
154,29,0.000752877
154,30,0.000829248
154,31,0.00040946
154,32,0.000429327
154,33,0.00068026
154,34,0.000876102
154,35,0.000616009
154,36,0.000630065
154,37,0.000675929
154,38,0.001296518
154,39,0.001315409
154,40,0.001286143
154,41,0.001568384
154,42,0.001737677
154,43,0.001699086
154,44,0.001366579
154,45,0.001269789
154,46,0.001394626
154,47,0.001309048
154,48,0.001797575
154,49,0.001606962
154,50,0.002190379
154,51,0.002826971
154,52,0.00247267
154,53,0.004371581
154,54,0.004712921
154,55,0.003440281
154,56,0.00359753
154,57,0.002135238
154,58,0.003471287
154,59,0.003478647
154,60,0.003654776
154,61,0.004133447
154,62,0.005009543
154,63,0.004281076
154,64,0.003898202
154,65,0.004871034
154,66,0.006004696
154,67,0.00548051
154,68,0.006265714
154,69,0.004764897
154,70,0.005366439
154,71,0.006647605
154,72,0.008372876
154,73,0.007347109
154,74,0.008680349
154,75,0.010039188
154,76,0.009649017
154,77,0.010691598
154,78,0.011013869
154,79,0.011310546
154,80,0.014651885
154,81,0.010526769
154,82,0.011098257
154,83,0.012684098
154,84,0.018065433
154,85,0.015633292
154,86,0.015750833
154,87,0.01899782
154,88,0.016408791
154,89,0.020788616
154,90,0.018416604
154,91,0.016103782
154,92,0.014852824
154,93,0.017263344
154,94,0.020566079
154,95,0.021684165
154,96,0.021941419
154,97,0.020239474
154,98,0.018702885
154,99,0.02067964
154,100,0.0248238
154,101,0.019918476
154,102,0.021791615
154,103,0.017700302
154,104,0.018075589
154,105,0.019116232
154,106,0.016949544
154,107,0.014627414
154,108,0.014765248
154,109,0.016499105
154,110,0.015797398
154,111,0.016223478
154,112,0.014825842
154,113,0.014326666
154,114,0.013977796
154,115,0.013634809
154,116,0.011546474
154,117,0.01506608
154,118,0.010853612
154,119,0.009456976
154,120,0.012035167
154,121,0.010120508
154,122,0.010682165
154,123,0.011418605
154,124,0.008916759
154,125,0.009615996
154,126,0.006712871
154,127,0.009313343
154,128,0.006641134
154,129,0.006219576
154,130,0.006342779
154,131,0.006235227
154,132,0.005301327
154,133,0.006665601
154,134,0.005187011
154,135,0.005710057
154,136,0.004128197
154,137,0.004440003
154,138,0.003224415
154,139,0.003806386
154,140,0.002846516
154,141,0.004192923
154,142,0.002624775
154,143,0.003732825
154,144,0.00196673
154,145,0.002072202
154,146,0.002948182
154,147,0.002612686
154,148,0.004076838
154,149,0.00228452
154,150,0.001946904
154,151,0.001568998
154,152,0.001371538
154,153,0.001603121
154,154,0.002587582
154,155,0.001124995
154,156,0.001254149
154,157,0.001792973
154,158,0.002264827
154,159,0.001833591
154,160,0.00140847
154,161,0.000692131
154,162,0.000607314
154,163,0.00171411
154,164,0.000747454
154,165,0.001547215
154,166,0.000644884
154,167,0.000642537
154,168,0.000660586
154,169,0.001097038
154,170,0.000470535
154,171,0.000904015
154,172,0.002095921
154,173,0.000506259
154,174,0.000280045
154,175,0.001714526
154,176,0.000741572
154,177,0.000320364
154,178,0.000385521
154,179,0.001232219
154,180,0.000731311
154,181,0.000124945
154,182,8.64399E-05
154,183,4.46902E-05
154,184,6.15837E-07
154,185,9.26549E-30
154,186,1.06895E-29
154,187,9.58493E-30
154,188,9.45655E-30
154,189,9.83438E-30
154,190,8.69344E-30
154,191,7.39547E-30
154,192,7.52933E-30
154,193,8.002E-30
154,194,7.78935E-30
154,195,7.54287E-30
154,196,7.89267E-30
154,197,7.71467E-30
154,198,7.08346E-30
154,199,5.47256E-30
155,0,1.20161E-29
155,1,8.66416E-30
155,2,7.19807E-30
155,3,8.99645E-30
155,4,9.83067E-30
155,5,7.26648E-30
155,6,9.09184E-30
155,7,8.04723E-30
155,8,8.82795E-30
155,9,8.28629E-30
155,10,1.03951E-29
155,11,1.23249E-29
155,12,9.77346E-30
155,13,1.10775E-29
155,14,1.14914E-29
155,15,1.13869E-29
155,16,4.41346E-06
155,17,4.24084E-05
155,18,0.000122887
155,19,0.000180342
155,20,0.000150224
155,21,0.000181484
155,22,0.00022368
155,23,0.000208154
155,24,0.000250051
155,25,0.000397881
155,26,0.000648991
155,27,0.000309717
155,28,0.000370257
155,29,0.000408417
155,30,0.000708788
155,31,0.000443048
155,32,0.000518387
155,33,0.000573734
155,34,0.000574541
155,35,0.001276467
155,36,0.000976646
155,37,0.00076351
155,38,0.000657305
155,39,0.001111096
155,40,0.001610577
155,41,0.001226001
155,42,0.001055806
155,43,0.00116565
155,44,0.001473649
155,45,0.001515243
155,46,0.003197668
155,47,0.001453289
155,48,0.00260395
155,49,0.002170756
155,50,0.002628172
155,51,0.002858696
155,52,0.003171854
155,53,0.004751989
155,54,0.003542504
155,55,0.004730839
155,56,0.003846637
155,57,0.002863093
155,58,0.003613313
155,59,0.003421567
155,60,0.003661365
155,61,0.004746613
155,62,0.002968259
155,63,0.004165008
155,64,0.004767961
155,65,0.005618248
155,66,0.006952703
155,67,0.007914649
155,68,0.005558274
155,69,0.005780233
155,70,0.005251238
155,71,0.005971021
155,72,0.009628293
155,73,0.00756153
155,74,0.008865446
155,75,0.007547423
155,76,0.008617561
155,77,0.009231119
155,78,0.010160532
155,79,0.011836135
155,80,0.012474541
155,81,0.011758274
155,82,0.011010264
155,83,0.015762332
155,84,0.014285921
155,85,0.016863774
155,86,0.013378502
155,87,0.013296841
155,88,0.019773018
155,89,0.016300968
155,90,0.017143326
155,91,0.016893155
155,92,0.018666275
155,93,0.021530862
155,94,0.022784194
155,95,0.021394846
155,96,0.017583819
155,97,0.020802579
155,98,0.022034613
155,99,0.021150468
155,100,0.022252166
155,101,0.02174997
155,102,0.019981539
155,103,0.019335854
155,104,0.019328459
155,105,0.017488099
155,106,0.020225882
155,107,0.019264166
155,108,0.020187196
155,109,0.018663701
155,110,0.015119166
155,111,0.017515032
155,112,0.016676445
155,113,0.014206754
155,114,0.012825933
155,115,0.012232067
155,116,0.010735539
155,117,0.010577777
155,118,0.01304607
155,119,0.009346219
155,120,0.011120951
155,121,0.01318462
155,122,0.01018687
155,123,0.012101222
155,124,0.009101791
155,125,0.006626167
155,126,0.006591825
155,127,0.007320495
155,128,0.00770605
155,129,0.006333403
155,130,0.008923731
155,131,0.006073342
155,132,0.007084876
155,133,0.005427799
155,134,0.005483613
155,135,0.004902317
155,136,0.003185278
155,137,0.003451414
155,138,0.002910902
155,139,0.003009231
155,140,0.003250385
155,141,0.00261782
155,142,0.003270194
155,143,0.003777629
155,144,0.00322919
155,145,0.002876988
155,146,0.002342986
155,147,0.001886055
155,148,0.002807683
155,149,0.002183084
155,150,0.00446674
155,151,0.002462509
155,152,0.001264617
155,153,0.003427168
155,154,0.002744874
155,155,0.001479621
155,156,0.001168978
155,157,0.002012591
155,158,0.001912557
155,159,0.00148931
155,160,0.002201363
155,161,0.000985944
155,162,0.000649973
155,163,0.002074744
155,164,0.001232557
155,165,0.000864123
155,166,0.001010409
155,167,0.000835117
155,168,0.002174233
155,169,0.00126691
155,170,0.000579858
155,171,0.00065283
155,172,0.000265979
155,173,0.000349039
155,174,0.000337551
155,175,0.000329013
155,176,0.000945551
155,177,0.000501983
155,178,0.000211147
155,179,0.00024245
155,180,0.000184026
155,181,0.000156648
155,182,8.57675E-05
155,183,2.82201E-06
155,184,1.1964E-29
155,185,1.28585E-29
155,186,9.32488E-30
155,187,1.11961E-29
155,188,1.00754E-29
155,189,9.20319E-30
155,190,9.64069E-30
155,191,8.00942E-30
155,192,7.40575E-30
155,193,6.49724E-30
155,194,7.60239E-30
155,195,7.9862E-30
155,196,8.06053E-30
155,197,7.37663E-30
155,198,6.4035E-30
155,199,6.87199E-30
156,0,9.38826E-30
156,1,6.41808E-30
156,2,9.35194E-30
156,3,9.19087E-30
156,4,7.16679E-30
156,5,7.7567E-30
156,6,1.04866E-29
156,7,1.21791E-29
156,8,1.02233E-29
156,9,1.07749E-29
156,10,1.10083E-29
156,11,9.91697E-30
156,12,9.22474E-30
156,13,1.097E-29
156,14,1.04352E-29
156,15,1.17885E-29
156,16,1.16804E-29
156,17,3.34306E-05
156,18,0.000111601
156,19,0.00011416
156,20,0.000130366
156,21,0.000188267
156,22,0.000170524
156,23,0.001159837
156,24,0.000299844
156,25,0.000339424
156,26,0.000365752
156,27,0.00086047
156,28,0.000391851
156,29,0.000423187
156,30,0.000467983
156,31,0.000795374
156,32,0.00046714
156,33,0.000540487
156,34,0.001041032
156,35,0.001487922
156,36,0.000706181
156,37,0.000653702
156,38,0.000771676
156,39,0.000935304
156,40,0.001001335
156,41,0.0011252
156,42,0.00153308
156,43,0.001371252
156,44,0.00184234
156,45,0.00340936
156,46,0.00398634
156,47,0.00342717
156,48,0.004278463
156,49,0.002407973
156,50,0.002900406
156,51,0.002723791
156,52,0.004827538
156,53,0.003330934
156,54,0.002132255
156,55,0.002012633
156,56,0.002521498
156,57,0.003706831
156,58,0.005017148
156,59,0.003702791
156,60,0.004519499
156,61,0.005161584
156,62,0.004853261
156,63,0.004059081
156,64,0.004647136
156,65,0.004519648
156,66,0.005652025
156,67,0.005607909
156,68,0.005544716
156,69,0.005547226
156,70,0.005047222
156,71,0.008078222
156,72,0.010227925
156,73,0.00782467
156,74,0.010722827
156,75,0.010903684
156,76,0.010311827
156,77,0.009235457
156,78,0.008895918
156,79,0.010947795
156,80,0.014644174
156,81,0.013714775
156,82,0.013387463
156,83,0.012845442
156,84,0.013670628
156,85,0.014444724
156,86,0.013977784
156,87,0.01528231
156,88,0.018263237
156,89,0.016126898
156,90,0.01620871
156,91,0.016263139
156,92,0.017209088
156,93,0.018297304
156,94,0.014368009
156,95,0.020415431
156,96,0.02120604
156,97,0.017227619
156,98,0.019410051
156,99,0.021079241
156,100,0.022252595
156,101,0.022012097
156,102,0.025251997
156,103,0.017353562
156,104,0.016770968
156,105,0.020461967
156,106,0.024396595
156,107,0.016586005
156,108,0.018421986
156,109,0.015553899
156,110,0.019466368
156,111,0.016172027
156,112,0.015066474
156,113,0.013570935
156,114,0.015130045
156,115,0.012433427
156,116,0.01391273
156,117,0.013120731
156,118,0.012532719
156,119,0.014063013
156,120,0.008591415
156,121,0.008363519
156,122,0.008332511
156,123,0.008282335
156,124,0.006815335
156,125,0.009482779
156,126,0.007307462
156,127,0.006419869
156,128,0.0068476
156,129,0.007816257
156,130,0.006683824
156,131,0.006200594
156,132,0.005632704
156,133,0.005298299
156,134,0.006358774
156,135,0.004327026
156,136,0.003527008
156,137,0.002998402
156,138,0.002719431
156,139,0.00273642
156,140,0.002473919
156,141,0.003506429
156,142,0.003270009
156,143,0.003658158
156,144,0.002405176
156,145,0.002837772
156,146,0.001996358
156,147,0.002079639
156,148,0.001581638
156,149,0.001615057
156,150,0.001556418
156,151,0.001851764
156,152,0.001248367
156,153,0.002041526
156,154,0.003026845
156,155,0.001560991
156,156,0.001679379
156,157,0.002478686
156,158,0.001618885
156,159,0.001096296
156,160,0.000752213
156,161,0.000797574
156,162,0.000764652
156,163,0.001394886
156,164,0.000936145
156,165,0.000594703
156,166,0.000466555
156,167,0.001054252
156,168,0.000721957
156,169,0.000411161
156,170,0.000484219
156,171,0.000398907
156,172,0.000350078
156,173,0.000302858
156,174,0.001353375
156,175,0.000533945
156,176,0.000790095
156,177,0.000177094
156,178,0.000197934
156,179,0.000198225
156,180,0.000175041
156,181,0.000196197
156,182,2.20235E-05
156,183,1.21774E-29
156,184,9.7519E-30
156,185,1.10524E-29
156,186,1.11338E-29
156,187,9.50516E-30
156,188,7.92733E-30
156,189,7.83684E-30
156,190,8.15545E-30
156,191,8.65862E-30
156,192,7.29866E-30
156,193,7.73922E-30
156,194,7.01065E-30
156,195,7.62725E-30
156,196,7.87563E-30
156,197,7.16203E-30
156,198,6.918E-30
156,199,8.13837E-30
157,0,5.57404E-30
157,1,7.42805E-30
157,2,7.53989E-30
157,3,6.31136E-30
157,4,8.75396E-30
157,5,1.07673E-29
157,6,1.19405E-29
157,7,9.44664E-30
157,8,1.06929E-29
157,9,1.10676E-29
157,10,1.16618E-29
157,11,9.62291E-30
157,12,8.15881E-30
157,13,1.07407E-29
157,14,1.0512E-29
157,15,1.17869E-29
157,16,1.03199E-29
157,17,3.97309E-07
157,18,4.57691E-05
157,19,8.51258E-05
157,20,0.000117737
157,21,0.00014543
157,22,0.000175788
157,23,0.000989952
157,24,0.00035311
157,25,0.000359326
157,26,0.000332639
157,27,0.000806876
157,28,0.000445782
157,29,0.000457432
157,30,0.000395351
157,31,0.000411109
157,32,0.000498149
157,33,0.000592523
157,34,0.000622498
157,35,0.000653491
157,36,0.000622998
157,37,0.000765657
157,38,0.000831719
157,39,0.00088029
157,40,0.000970037
157,41,0.001614691
157,42,0.000920274
157,43,0.001347022
157,44,0.001360362
157,45,0.003474204
157,46,0.001572407
157,47,0.002026049
157,48,0.001737071
157,49,0.00217251
157,50,0.002626434
157,51,0.002971745
157,52,0.001755519
157,53,0.002560782
157,54,0.002486752
157,55,0.002529964
157,56,0.001939368
157,57,0.003720631
157,58,0.002580774
157,59,0.004650239
157,60,0.004284045
157,61,0.003482273
157,62,0.004414454
157,63,0.009035555
157,64,0.006509583
157,65,0.006547614
157,66,0.005382895
157,67,0.006382675
157,68,0.005990228
157,69,0.006217742
157,70,0.006688488
157,71,0.008450886
157,72,0.007130056
157,73,0.008812081
157,74,0.00827142
157,75,0.008370326
157,76,0.007503017
157,77,0.00857384
157,78,0.010543113
157,79,0.012558898
157,80,0.013338431
157,81,0.011500155
157,82,0.015301339
157,83,0.013354393
157,84,0.013377759
157,85,0.013618967
157,86,0.016280375
157,87,0.01559332
157,88,0.01736061
157,89,0.013725541
157,90,0.016553735
157,91,0.018819356
157,92,0.020691087
157,93,0.018327025
157,94,0.019208202
157,95,0.017311618
157,96,0.018161172
157,97,0.023003424
157,98,0.018569278
157,99,0.019457028
157,100,0.023123674
157,101,0.022716824
157,102,0.020823088
157,103,0.018246585
157,104,0.01533855
157,105,0.019197823
157,106,0.020035949
157,107,0.021955808
157,108,0.017162276
157,109,0.015259044
157,110,0.020625013
157,111,0.01596894
157,112,0.015635384
157,113,0.014807597
157,114,0.013423828
157,115,0.010728069
157,116,0.011474047
157,117,0.013978797
157,118,0.011057804
157,119,0.012993225
157,120,0.010493326
157,121,0.010520907
157,122,0.008711249
157,123,0.013447815
157,124,0.010187347
157,125,0.010263218
157,126,0.009739666
157,127,0.007441134
157,128,0.007042379
157,129,0.006087213
157,130,0.006668953
157,131,0.005373519
157,132,0.004532615
157,133,0.006642864
157,134,0.00552814
157,135,0.004502521
157,136,0.00367853
157,137,0.003006943
157,138,0.003080687
157,139,0.003665366
157,140,0.002697959
157,141,0.003354101
157,142,0.002953187
157,143,0.004806359
157,144,0.003828314
157,145,0.002503352
157,146,0.00191715
157,147,0.001907125
157,148,0.001889508
157,149,0.002127627
157,150,0.004405481
157,151,0.002375765
157,152,0.001755733
157,153,0.001115402
157,154,0.001407748
157,155,0.001202683
157,156,0.002156258
157,157,0.001222845
157,158,0.000837699
157,159,0.00094461
157,160,0.000840156
157,161,0.000605707
157,162,0.000807955
157,163,0.000683248
157,164,0.000674694
157,165,0.000612014
157,166,0.000593499
157,167,0.001825044
157,168,0.000561661
157,169,0.000461464
157,170,0.000459785
157,171,0.000551102
157,172,0.000350135
157,173,0.000297719
157,174,0.00040195
157,175,0.001140475
157,176,0.001196949
157,177,0.000128733
157,178,0.000158809
157,179,0.000134593
157,180,0.00013385
157,181,5.32329E-05
157,182,5.47564E-07
157,183,1.04073E-29
157,184,9.39243E-30
157,185,9.28308E-30
157,186,9.16197E-30
157,187,9.88675E-30
157,188,1.06005E-29
157,189,9.23826E-30
157,190,7.86109E-30
157,191,8.42148E-30
157,192,7.90403E-30
157,193,6.69453E-30
157,194,6.90217E-30
157,195,5.48339E-30
157,196,7.20129E-30
157,197,1.01678E-29
157,198,1.02842E-29
157,199,7.70087E-30
158,0,7.45773E-30
158,1,8.33682E-30
158,2,7.98354E-30
158,3,8.15561E-30
158,4,7.78073E-30
158,5,8.07747E-30
158,6,1.15069E-29
158,7,9.44613E-30
158,8,8.3784E-30
158,9,9.80279E-30
158,10,8.78303E-30
158,11,7.12119E-30
158,12,1.04028E-29
158,13,1.29997E-29
158,14,1.27075E-29
158,15,1.22363E-29
158,16,1.4435E-29
158,17,1.33615E-29
158,18,5.67671E-06
158,19,4.55069E-05
158,20,7.88394E-05
158,21,0.000127799
158,22,0.000214776
158,23,0.000294606
158,24,0.000329624
158,25,0.000234857
158,26,0.000869222
158,27,0.001328398
158,28,0.001851064
158,29,0.000526515
158,30,0.001065362
158,31,0.001416658
158,32,0.001148948
158,33,0.000784189
158,34,0.0006096
158,35,0.0006586
158,36,0.00063171
158,37,0.000955399
158,38,0.000795126
158,39,0.001044768
158,40,0.000970573
158,41,0.001799636
158,42,0.000958375
158,43,0.001370451
158,44,0.001565101
158,45,0.001867953
158,46,0.001273105
158,47,0.001467984
158,48,0.003401106
158,49,0.003777918
158,50,0.001756159
158,51,0.002492047
158,52,0.001840016
158,53,0.002571864
158,54,0.00240408
158,55,0.002575076
158,56,0.003126888
158,57,0.004522127
158,58,0.003777389
158,59,0.003278908
158,60,0.006467831
158,61,0.003384293
158,62,0.005886189
158,63,0.004501595
158,64,0.006535532
158,65,0.00541595
158,66,0.007468973
158,67,0.009621366
158,68,0.006249226
158,69,0.006259017
158,70,0.007962541
158,71,0.008078761
158,72,0.007423623
158,73,0.007960102
158,74,0.008157587
158,75,0.008500185
158,76,0.007777426
158,77,0.008649609
158,78,0.014746351
158,79,0.011272392
158,80,0.011738322
158,81,0.010544326
158,82,0.015030087
158,83,0.015462157
158,84,0.019314576
158,85,0.016901683
158,86,0.013471714
158,87,0.015694175
158,88,0.015657308
158,89,0.019214497
158,90,0.016355303
158,91,0.021062237
158,92,0.018304807
158,93,0.018969838
158,94,0.018938806
158,95,0.020222387
158,96,0.019943187
158,97,0.021479202
158,98,0.020367815
158,99,0.020638399
158,100,0.025266672
158,101,0.021029384
158,102,0.021187898
158,103,0.020241026
158,104,0.019685949
158,105,0.018356602
158,106,0.017618101
158,107,0.020331809
158,108,0.018162969
158,109,0.014413235
158,110,0.016391212
158,111,0.015600323
158,112,0.015828994
158,113,0.015107601
158,114,0.015724469
158,115,0.015196063
158,116,0.012744968
158,117,0.012802613
158,118,0.013936438
158,119,0.013662077
158,120,0.012648676
158,121,0.011591776
158,122,0.009119424
158,123,0.009323645
158,124,0.010575804
158,125,0.009882647
158,126,0.008885064
158,127,0.008060816
158,128,0.007347368
158,129,0.006664799
158,130,0.008263681
158,131,0.007025212
158,132,0.00596698
158,133,0.003832092
158,134,0.005836974
158,135,0.003438182
158,136,0.003241017
158,137,0.004049919
158,138,0.003799314
158,139,0.002737568
158,140,0.004676894
158,141,0.003454607
158,142,0.004294173
158,143,0.003411475
158,144,0.003212439
158,145,0.003376351
158,146,0.00309068
158,147,0.002251575
158,148,0.002112518
158,149,0.002193073
158,150,0.001634348
158,151,0.001640149
158,152,0.002879311
158,153,0.001627111
158,154,0.001112584
158,155,0.001870344
158,156,0.001056392
158,157,0.001035087
158,158,0.001451551
158,159,0.00165284
158,160,0.000891374
158,161,0.000778201
158,162,0.000588999
158,163,0.001572862
158,164,0.000742517
158,165,0.000615277
158,166,0.000593026
158,167,0.000476917
158,168,0.000426011
158,169,0.000438935
158,170,0.000368329
158,171,0.00039859
158,172,0.000459108
158,173,0.00032893
158,174,0.000291338
158,175,0.000277103
158,176,0.00027357
158,177,0.000208392
158,178,8.88303E-05
158,179,0.000114856
158,180,7.10674E-05
158,181,4.22882E-06
158,182,1.36504E-29
158,183,1.19177E-29
158,184,1.05698E-29
158,185,9.1397E-30
158,186,9.54211E-30
158,187,8.92128E-30
158,188,8.54722E-30
158,189,9.3813E-30
158,190,8.19935E-30
158,191,9.54069E-30
158,192,8.42959E-30
158,193,7.90691E-30
158,194,6.96217E-30
158,195,9.72323E-30
158,196,7.64027E-30
158,197,7.3865E-30
158,198,6.89771E-30
158,199,6.82828E-30
159,0,9.56717E-30
159,1,7.56253E-30
159,2,6.55E-30
159,3,7.2919E-30
159,4,7.4045E-30
159,5,9.49816E-30
159,6,1.08011E-29
159,7,7.01673E-30
159,8,1.01467E-29
159,9,7.98156E-30
159,10,6.96958E-30
159,11,8.82528E-30
159,12,1.04198E-29
159,13,1.32666E-29
159,14,1.40946E-29
159,15,1.44353E-29
159,16,1.19722E-29
159,17,9.8344E-30
159,18,1.30455E-29
159,19,1.30053E-05
159,20,8.32969E-05
159,21,0.000124483
159,22,0.000231485
159,23,0.000246987
159,24,0.000232809
159,25,0.000222837
159,26,0.000490266
159,27,0.000670842
159,28,0.000560841
159,29,0.000385762
159,30,0.000460777
159,31,0.000797311
159,32,0.001218145
159,33,0.000553897
159,34,0.000697192
159,35,0.000563896
159,36,0.000688418
159,37,0.00085181
159,38,0.000772312
159,39,0.001596934
159,40,0.001139752
159,41,0.000824169
159,42,0.001125941
159,43,0.001660562
159,44,0.001049251
159,45,0.00140977
159,46,0.001519883
159,47,0.001346772
159,48,0.001485378
159,49,0.002173641
159,50,0.002210186
159,51,0.001924807
159,52,0.003030435
159,53,0.00189285
159,54,0.00252938
159,55,0.002561957
159,56,0.004331019
159,57,0.003608599
159,58,0.003539116
159,59,0.004665195
159,60,0.006629668
159,61,0.005073565
159,62,0.003826526
159,63,0.005755332
159,64,0.006108331
159,65,0.00605015
159,66,0.005151259
159,67,0.005120563
159,68,0.008065593
159,69,0.0072757
159,70,0.006800669
159,71,0.006194967
159,72,0.00687798
159,73,0.00794408
159,74,0.009199185
159,75,0.010535399
159,76,0.008972712
159,77,0.010237055
159,78,0.011813393
159,79,0.010611001
159,80,0.010572064
159,81,0.01274443
159,82,0.01227458
159,83,0.015782899
159,84,0.016902269
159,85,0.013102293
159,86,0.014709014
159,87,0.014290819
159,88,0.0159306
159,89,0.015273712
159,90,0.017473722
159,91,0.020045235
159,92,0.016980682
159,93,0.0187345
159,94,0.018455728
159,95,0.01854122
159,96,0.016753019
159,97,0.020016342
159,98,0.026191283
159,99,0.021302072
159,100,0.0240788
159,101,0.018022743
159,102,0.01943393
159,103,0.023695464
159,104,0.018356041
159,105,0.021010196
159,106,0.018262772
159,107,0.016934867
159,108,0.017232492
159,109,0.017404051
159,110,0.01588267
159,111,0.016671483
159,112,0.013321785
159,113,0.016633094
159,114,0.016054929
159,115,0.014129151
159,116,0.013030319
159,117,0.011291777
159,118,0.014880825
159,119,0.010894479
159,120,0.01145357
159,121,0.008877726
159,122,0.0130529
159,123,0.011231146
159,124,0.00712734
159,125,0.013061665
159,126,0.00790933
159,127,0.007800826
159,128,0.006113031
159,129,0.00613968
159,130,0.004920449
159,131,0.005108382
159,132,0.0079973
159,133,0.004902031
159,134,0.006286231
159,135,0.004875807
159,136,0.003418666
159,137,0.002983753
159,138,0.003448037
159,139,0.003503126
159,140,0.005553869
159,141,0.003937112
159,142,0.003224828
159,143,0.002996049
159,144,0.002570648
159,145,0.002291783
159,146,0.001627068
159,147,0.001662948
159,148,0.00161545
159,149,0.001680329
159,150,0.001476914
159,151,0.001570573
159,152,0.002161407
159,153,0.001802168
159,154,0.001078612
159,155,0.001741196
159,156,0.000965002
159,157,0.001771688
159,158,0.002413059
159,159,0.001326168
159,160,0.001863105
159,161,0.001907872
159,162,0.000732533
159,163,0.001573221
159,164,0.000952936
159,165,0.000598887
159,166,0.000564363
159,167,0.001064899
159,168,0.000612086
159,169,0.00045207
159,170,0.00032805
159,171,0.00028385
159,172,0.000812848
159,173,0.000792213
159,174,0.000349966
159,175,0.000250757
159,176,0.000188398
159,177,0.000241866
159,178,0.00015112
159,179,5.59027E-05
159,180,1.41164E-05
159,181,1.41655E-29
159,182,1.29879E-29
159,183,1.27339E-29
159,184,1.1985E-29
159,185,1.03637E-29
159,186,1.03375E-29
159,187,9.44185E-30
159,188,1.00545E-29
159,189,8.71032E-30
159,190,7.94672E-30
159,191,5.6805E-30
159,192,9.79279E-30
159,193,1.0313E-29
159,194,1.14453E-29
159,195,8.72069E-30
159,196,8.58583E-30
159,197,5.36893E-30
159,198,8.4505E-30
159,199,6.53577E-30
160,0,6.7005E-30
160,1,7.20086E-30
160,2,7.3575E-30
160,3,8.05994E-30
160,4,1.04937E-29
160,5,1.15126E-29
160,6,8.98847E-30
160,7,9.24485E-30
160,8,8.23728E-30
160,9,6.90002E-30
160,10,8.3543E-30
160,11,1.12393E-29
160,12,1.42581E-29
160,13,1.57927E-29
160,14,1.22441E-29
160,15,1.11616E-29
160,16,1.02999E-29
160,17,1.25586E-29
160,18,1.49851E-29
160,19,1.50796E-29
160,20,3.93836E-05
160,21,0.000142379
160,22,0.000160321
160,23,0.000202448
160,24,0.000220618
160,25,0.000280907
160,26,0.001673694
160,27,0.000752669
160,28,0.000356031
160,29,0.001543057
160,30,0.000586864
160,31,0.000466585
160,32,0.001855697
160,33,0.000802792
160,34,0.000614215
160,35,0.000563524
160,36,0.000731388
160,37,0.00077465
160,38,0.000779664
160,39,0.001264614
160,40,0.001082242
160,41,0.00078773
160,42,0.001124403
160,43,0.001356145
160,44,0.001792084
160,45,0.00144891
160,46,0.001718387
160,47,0.001436643
160,48,0.001981418
160,49,0.001692716
160,50,0.001793598
160,51,0.002081384
160,52,0.001885413
160,53,0.002002971
160,54,0.002838257
160,55,0.002454357
160,56,0.002276179
160,57,0.002781698
160,58,0.003179669
160,59,0.006405004
160,60,0.005619312
160,61,0.004108574
160,62,0.005384686
160,63,0.005870624
160,64,0.00546982
160,65,0.005433156
160,66,0.007148237
160,67,0.005756916
160,68,0.00600671
160,69,0.007318573
160,70,0.008991824
160,71,0.005779198
160,72,0.006521118
160,73,0.010406356
160,74,0.014192856
160,75,0.011646716
160,76,0.009747785
160,77,0.008437987
160,78,0.009172709
160,79,0.01076589
160,80,0.009732123
160,81,0.011584839
160,82,0.011787594
160,83,0.013219354
160,84,0.014846623
160,85,0.01184255
160,86,0.014958433
160,87,0.015053431
160,88,0.016362924
160,89,0.015427485
160,90,0.017505254
160,91,0.017697777
160,92,0.017120927
160,93,0.018195132
160,94,0.016450438
160,95,0.019773305
160,96,0.021616697
160,97,0.021454262
160,98,0.01916794
160,99,0.023959672
160,100,0.022254403
160,101,0.018378555
160,102,0.018401142
160,103,0.020475668
160,104,0.019797121
160,105,0.018690623
160,106,0.016095274
160,107,0.020159357
160,108,0.017485905
160,109,0.020903206
160,110,0.014948107
160,111,0.01371537
160,112,0.014075096
160,113,0.017156263
160,114,0.016599897
160,115,0.011295006
160,116,0.011312139
160,117,0.011635252
160,118,0.011189247
160,119,0.013565132
160,120,0.013102459
160,121,0.012594543
160,122,0.0092438
160,123,0.009129125
160,124,0.009091534
160,125,0.011390342
160,126,0.01103672
160,127,0.007047891
160,128,0.007852506
160,129,0.005841485
160,130,0.006134924
160,131,0.004043787
160,132,0.005836634
160,133,0.007770948
160,134,0.007184477
160,135,0.005123087
160,136,0.003482401
160,137,0.005262853
160,138,0.003511479
160,139,0.004510374
160,140,0.004553567
160,141,0.003520607
160,142,0.003103064
160,143,0.004382212
160,144,0.002816399
160,145,0.001956261
160,146,0.001910693
160,147,0.001963535
160,148,0.001802383
160,149,0.001444145
160,150,0.001667955
160,151,0.001433401
160,152,0.001467521
160,153,0.001710844
160,154,0.001459999
160,155,0.001330565
160,156,0.001108484
160,157,0.001015334
160,158,0.001023111
160,159,0.000709391
160,160,0.003932571
160,161,0.002327085
160,162,0.002355977
160,163,0.000957762
160,164,0.000956664
160,165,0.00066193
160,166,0.000853486
160,167,0.000742261
160,168,0.001073864
160,169,0.000766722
160,170,0.000390758
160,171,0.000295933
160,172,0.000261064
160,173,0.000613517
160,174,0.000258256
160,175,0.000214709
160,176,0.00020371
160,177,0.000163835
160,178,0.000248718
160,179,4.04846E-05
160,180,1.39415E-29
160,181,1.46343E-29
160,182,1.55876E-29
160,183,1.32802E-29
160,184,1.20543E-29
160,185,1.04525E-29
160,186,9.57335E-30
160,187,9.65937E-30
160,188,9.78788E-30
160,189,1.10478E-29
160,190,1.09891E-29
160,191,8.59976E-30
160,192,7.93851E-30
160,193,1.03185E-29
160,194,8.572E-30
160,195,1.02401E-29
160,196,1.05356E-29
160,197,1.14432E-29
160,198,7.24774E-30
160,199,1.12941E-29
161,0,8.71537E-30
161,1,6.75464E-30
161,2,8.55366E-30
161,3,9.84587E-30
161,4,1.17426E-29
161,5,9.10747E-30
161,6,8.95745E-30
161,7,9.4573E-30
161,8,7.90839E-30
161,9,9.00841E-30
161,10,1.17524E-29
161,11,1.4468E-29
161,12,1.22576E-29
161,13,1.06772E-29
161,14,9.27024E-30
161,15,1.01178E-29
161,16,1.09292E-29
161,17,1.45258E-29
161,18,1.75927E-29
161,19,1.34142E-29
161,20,1.75743E-07
161,21,4.80977E-05
161,22,0.000156343
161,23,0.000174714
161,24,0.000115241
161,25,0.000248419
161,26,0.000269804
161,27,0.000328354
161,28,0.000398387
161,29,0.000389807
161,30,0.000422048
161,31,0.000813713
161,32,0.001289405
161,33,0.000836435
161,34,0.000518765
161,35,0.000640341
161,36,0.000761914
161,37,0.000728609
161,38,0.000963548
161,39,0.000831565
161,40,0.002651285
161,41,0.001827675
161,42,0.001943838
161,43,0.001711679
161,44,0.00125662
161,45,0.001151305
161,46,0.001402895
161,47,0.00190402
161,48,0.001935524
161,49,0.003456987
161,50,0.002532192
161,51,0.001649124
161,52,0.001885569
161,53,0.002985411
161,54,0.002689234
161,55,0.002105969
161,56,0.002350695
161,57,0.003164143
161,58,0.003789906
161,59,0.00386068
161,60,0.007493488
161,61,0.003401208
161,62,0.004518494
161,63,0.004037575
161,64,0.005649815
161,65,0.005103164
161,66,0.006949285
161,67,0.008302931
161,68,0.007466489
161,69,0.005497148
161,70,0.005885926
161,71,0.006974299
161,72,0.007286033
161,73,0.008733076
161,74,0.008735924
161,75,0.011125385
161,76,0.008578186
161,77,0.008292332
161,78,0.009497628
161,79,0.011147283
161,80,0.013466369
161,81,0.010408314
161,82,0.012661371
161,83,0.013563245
161,84,0.013490167
161,85,0.016087786
161,86,0.013699277
161,87,0.015090319
161,88,0.017720178
161,89,0.018273429
161,90,0.018165008
161,91,0.016869472
161,92,0.018073624
161,93,0.016682405
161,94,0.017395875
161,95,0.013644219
161,96,0.015607855
161,97,0.020824409
161,98,0.019379577
161,99,0.019814135
161,100,0.017999744
161,101,0.020509704
161,102,0.017860723
161,103,0.015461735
161,104,0.018737331
161,105,0.018233302
161,106,0.018646153
161,107,0.017249821
161,108,0.018681677
161,109,0.017110525
161,110,0.015393273
161,111,0.014916355
161,112,0.014014193
161,113,0.016219087
161,114,0.014537875
161,115,0.013722498
161,116,0.015325941
161,117,0.015034557
161,118,0.013708013
161,119,0.012111086
161,120,0.01122292
161,121,0.008827936
161,122,0.010644688
161,123,0.007482679
161,124,0.009145076
161,125,0.007946614
161,126,0.007883095
161,127,0.007882769
161,128,0.007404914
161,129,0.007483469
161,130,0.004736059
161,131,0.005520636
161,132,0.005693913
161,133,0.005195235
161,134,0.004720656
161,135,0.007100575
161,136,0.004267165
161,137,0.003499378
161,138,0.004082792
161,139,0.003810476
161,140,0.004243573
161,141,0.003843769
161,142,0.003156345
161,143,0.002551355
161,144,0.003305294
161,145,0.002086484
161,146,0.001809423
161,147,0.001920029
161,148,0.001662258
161,149,0.0014186
161,150,0.001841523
161,151,0.001965069
161,152,0.00212704
161,153,0.001745278
161,154,0.001555711
161,155,0.001482133
161,156,0.000937527
161,157,0.001600747
161,158,0.001048644
161,159,0.000879558
161,160,0.001509406
161,161,0.000907216
161,162,0.002033524
161,163,0.001116551
161,164,0.00116745
161,165,0.000543242
161,166,0.00053857
161,167,0.000525676
161,168,0.001371023
161,169,0.001235678
161,170,0.000372311
161,171,0.000618023
161,172,0.000458488
161,173,0.000688205
161,174,0.000304033
161,175,0.000204579
161,176,0.00017678
161,177,0.000139311
161,178,7.43342E-05
161,179,9.21013E-07
161,180,1.21989E-29
161,181,1.31571E-29
161,182,1.42699E-29
161,183,1.57761E-29
161,184,1.26247E-29
161,185,1.22495E-29
161,186,9.70115E-30
161,187,1.07971E-29
161,188,1.16268E-29
161,189,1.27494E-29
161,190,1.48425E-29
161,191,1.3507E-29
161,192,8.05871E-30
161,193,7.61462E-30
161,194,8.36989E-30
161,195,5.62657E-30
161,196,6.8599E-30
161,197,7.14954E-30
161,198,7.94259E-30
161,199,5.91871E-30
162,0,6.8805E-30
162,1,1.04403E-29
162,2,1.10156E-29
162,3,1.29226E-29
162,4,9.46718E-30
162,5,9.38524E-30
162,6,9.90502E-30
162,7,8.54668E-30
162,8,9.48497E-30
162,9,1.08597E-29
162,10,1.442E-29
162,11,1.38195E-29
162,12,1.16433E-29
162,13,1.37347E-29
162,14,1.40683E-29
162,15,1.27901E-29
162,16,1.34152E-29
162,17,1.54548E-29
162,18,1.2872E-29
162,19,1.31456E-29
162,20,1.38581E-29
162,21,4.53462E-06
162,22,8.46712E-05
162,23,0.000120025
162,24,0.000426843
162,25,0.000258764
162,26,0.00027104
162,27,0.000405345
162,28,0.000336778
162,29,0.000433116
162,30,0.000402178
162,31,0.001012817
162,32,0.001122662
162,33,0.000519444
162,34,0.000591883
162,35,0.000624723
162,36,0.000657938
162,37,0.000795815
162,38,0.000836078
162,39,0.00122801
162,40,0.001501026
162,41,0.001373582
162,42,0.000993309
162,43,0.000898999
162,44,0.001615981
162,45,0.001748981
162,46,0.001356792
162,47,0.002477913
162,48,0.00307339
162,49,0.003254011
162,50,0.001668821
162,51,0.002531137
162,52,0.002255695
162,53,0.002866773
162,54,0.004663975
162,55,0.002651027
162,56,0.002618199
162,57,0.003543664
162,58,0.002995005
162,59,0.003461174
162,60,0.003893418
162,61,0.005511128
162,62,0.004312995
162,63,0.004604117
162,64,0.005187265
162,65,0.004059605
162,66,0.006290519
162,67,0.006539479
162,68,0.005249503
162,69,0.006326769
162,70,0.006372801
162,71,0.008115193
162,72,0.007311444
162,73,0.008020056
162,74,0.007864148
162,75,0.008511643
162,76,0.010172427
162,77,0.009169952
162,78,0.010539988
162,79,0.010113037
162,80,0.010761644
162,81,0.011739625
162,82,0.01207933
162,83,0.013345628
162,84,0.013288954
162,85,0.013143883
162,86,0.017922111
162,87,0.014806566
162,88,0.016126952
162,89,0.015542394
162,90,0.015265703
162,91,0.01682349
162,92,0.017848406
162,93,0.018234048
162,94,0.019015087
162,95,0.017011606
162,96,0.016742072
162,97,0.016538465
162,98,0.019143656
162,99,0.015391854
162,100,0.01855024
162,101,0.017605024
162,102,0.019176288
162,103,0.020848908
162,104,0.018894837
162,105,0.01735915
162,106,0.020264487
162,107,0.015672067
162,108,0.018707089
162,109,0.015178084
162,110,0.015976063
162,111,0.017132956
162,112,0.014127413
162,113,0.015024308
162,114,0.013542588
162,115,0.013000973
162,116,0.013430879
162,117,0.015433993
162,118,0.010753112
162,119,0.013556852
162,120,0.011015323
162,121,0.011739569
162,122,0.009545312
162,123,0.008602973
162,124,0.011460388
162,125,0.008414295
162,126,0.00733768
162,127,0.010382106
162,128,0.00817611
162,129,0.006670167
162,130,0.004508847
162,131,0.005043571
162,132,0.005572204
162,133,0.005138391
162,134,0.004129415
162,135,0.005547323
162,136,0.003917889
162,137,0.004251685
162,138,0.00467583
162,139,0.009097161
162,140,0.003388394
162,141,0.004465543
162,142,0.003719902
162,143,0.002963467
162,144,0.002254996
162,145,0.00269944
162,146,0.003072975
162,147,0.002708894
162,148,0.00200041
162,149,0.002038303
162,150,0.00213731
162,151,0.003764818
162,152,0.002765534
162,153,0.002068955
162,154,0.001881094
162,155,0.001859921
162,156,0.001844175
162,157,0.001336976
162,158,0.001146977
162,159,0.002237948
162,160,0.000978378
162,161,0.000771344
162,162,0.00306405
162,163,0.001903188
162,164,0.000855481
162,165,0.000599338
162,166,0.000503111
162,167,0.000489295
162,168,0.00064764
162,169,0.001290129
162,170,0.000374813
162,171,0.000343052
162,172,0.000242685
162,173,0.000351386
162,174,0.000271339
162,175,0.000211974
162,176,0.000122342
162,177,7.95132E-05
162,178,6.28223E-06
162,179,1.26923E-29
162,180,1.30335E-29
162,181,1.49748E-29
162,182,1.53262E-29
162,183,1.62259E-29
162,184,1.78884E-29
162,185,1.33429E-29
162,186,1.27712E-29
162,187,1.13502E-29
162,188,9.73617E-30
162,189,9.47364E-30
162,190,1.041E-29
162,191,1.21031E-29
162,192,1.10328E-29
162,193,6.20719E-30
162,194,7.99387E-30
162,195,9.10677E-30
162,196,6.75637E-30
162,197,7.65087E-30
162,198,7.9101E-30
162,199,7.17043E-30
163,0,8.03838E-30
163,1,1.03118E-29
163,2,1.08191E-29
163,3,1.24012E-29
163,4,1.01133E-29
163,5,1.26283E-29
163,6,1.00512E-29
163,7,1.18418E-29
163,8,9.63803E-30
163,9,1.25439E-29
163,10,1.19175E-29
163,11,1.05257E-29
163,12,1.03824E-29
163,13,1.28477E-29
163,14,1.04401E-29
163,15,1.13598E-29
163,16,1.49946E-29
163,17,1.46898E-29
163,18,1.4526E-29
163,19,1.27471E-29
163,20,1.39196E-29
163,21,1.34392E-29
163,22,1.29171E-05
163,23,7.4906E-05
163,24,0.00018926
163,25,0.000172861
163,26,0.000188851
163,27,0.000300937
163,28,0.000303003
163,29,0.000431031
163,30,0.000418673
163,31,0.00086815
163,32,0.000637975
163,33,0.000515389
163,34,0.00059378
163,35,0.000689406
163,36,0.000635629
163,37,0.000737503
163,38,0.000862814
163,39,0.000911723
163,40,0.00112846
163,41,0.001019249
163,42,0.000915141
163,43,0.001042318
163,44,0.00106876
163,45,0.001851553
163,46,0.001783626
163,47,0.00203749
163,48,0.001912213
163,49,0.00189428
163,50,0.002390655
163,51,0.001921332
163,52,0.003137215
163,53,0.002798906
163,54,0.00359285
163,55,0.00250497
163,56,0.004275759
163,57,0.002981639
163,58,0.002893437
163,59,0.002919766
163,60,0.004629727
163,61,0.003534454
163,62,0.004157284
163,63,0.004489426
163,64,0.00368861
163,65,0.003713585
163,66,0.005144508
163,67,0.006132081
163,68,0.005752031
163,69,0.005954478
163,70,0.006160947
163,71,0.007369126
163,72,0.005848135
163,73,0.006795439
163,74,0.007122223
163,75,0.007547739
163,76,0.008561207
163,77,0.008953519
163,78,0.010379611
163,79,0.010572879
163,80,0.010893915
163,81,0.015655913
163,82,0.014307936
163,83,0.013221652
163,84,0.017683792
163,85,0.015213054
163,86,0.018324664
163,87,0.015022987
163,88,0.017560963
163,89,0.016366262
163,90,0.013729609
163,91,0.01926731
163,92,0.020540625
163,93,0.018523962
163,94,0.018926893
163,95,0.017191369
163,96,0.017738769
163,97,0.016896542
163,98,0.018440747
163,99,0.018192205
163,100,0.021509602
163,101,0.01819698
163,102,0.017819762
163,103,0.016529785
163,104,0.015643934
163,105,0.016138733
163,106,0.019064918
163,107,0.017184664
163,108,0.015420411
163,109,0.015289852
163,110,0.014745634
163,111,0.014914215
163,112,0.014815502
163,113,0.016777869
163,114,0.014046686
163,115,0.017146867
163,116,0.014094698
163,117,0.013541383
163,118,0.010430346
163,119,0.0119047
163,120,0.009830981
163,121,0.009177702
163,122,0.009429238
163,123,0.009272783
163,124,0.00910189
163,125,0.007717109
163,126,0.006597287
163,127,0.007182218
163,128,0.008476251
163,129,0.007224879
163,130,0.00558215
163,131,0.005369513
163,132,0.004519564
163,133,0.0057576
163,134,0.003601134
163,135,0.004321798
163,136,0.004018482
163,137,0.005747433
163,138,0.004492169
163,139,0.004659266
163,140,0.003834397
163,141,0.003469941
163,142,0.00301127
163,143,0.002287201
163,144,0.002471619
163,145,0.001872057
163,146,0.001891333
163,147,0.002045352
163,148,0.00197537
163,149,0.001711892
163,150,0.001888239
163,151,0.001766582
163,152,0.00138354
163,153,0.001386282
163,154,0.00152658
163,155,0.001888568
163,156,0.003383607
163,157,0.001784651
163,158,0.00123881
163,159,0.001258201
163,160,0.000969264
163,161,0.000866625
163,162,0.001675524
163,163,0.000744536
163,164,0.001370135
163,165,0.000561869
163,166,0.000647845
163,167,0.000460601
163,168,0.000457723
163,169,0.000469939
163,170,0.000446744
163,171,0.000357903
163,172,0.000252341
163,173,0.000214446
163,174,0.000182729
163,175,0.000209921
163,176,8.35665E-05
163,177,1.14181E-05
163,178,3.53641E-29
163,179,1.77237E-29
163,180,1.26837E-29
163,181,1.23762E-29
163,182,1.29585E-29
163,183,1.60781E-29
163,184,1.6023E-29
163,185,1.59029E-29
163,186,1.5066E-29
163,187,1.21294E-29
163,188,1.0328E-29
163,189,9.04002E-30
163,190,7.92284E-30
163,191,1.02156E-29
163,192,1.17612E-29
163,193,1.03924E-29
163,194,7.31678E-30
163,195,7.90609E-30
163,196,8.71371E-30
163,197,6.58074E-30
163,198,7.05115E-30
163,199,7.93965E-30
164,0,1.12788E-29
164,1,1.0156E-29
164,2,1.22442E-29
164,3,6.82962E-30
164,4,7.50321E-30
164,5,9.06978E-30
164,6,9.71589E-30
164,7,8.03716E-30
164,8,1.22008E-29
164,9,1.32881E-29
164,10,1.36964E-29
164,11,1.02884E-29
164,12,1.28632E-29
164,13,1.17251E-29
164,14,1.25982E-29
164,15,1.45832E-29
164,16,1.62057E-29
164,17,1.40923E-29
164,18,1.08357E-29
164,19,1.33543E-29
164,20,1.11667E-29
164,21,1.43242E-29
164,22,1.37683E-29
164,23,4.36983E-05
164,24,0.000103993
164,25,9.26085E-05
164,26,0.000240038
164,27,0.00028443
164,28,0.000345223
164,29,0.000501503
164,30,0.000598661
164,31,0.000884965
164,32,0.000700174
164,33,0.000597074
164,34,0.000563292
164,35,0.000571767
164,36,0.000670989
164,37,0.001518754
164,38,0.001218982
164,39,0.001365882
164,40,0.000895717
164,41,0.001290329
164,42,0.001005347
164,43,0.000847376
164,44,0.001163275
164,45,0.001156154
164,46,0.00146353
164,47,0.001263216
164,48,0.001497178
164,49,0.001464673
164,50,0.001655614
164,51,0.001869874
164,52,0.003692725
164,53,0.002459727
164,54,0.003190942
164,55,0.003892127
164,56,0.003295117
164,57,0.002903123
164,58,0.002784555
164,59,0.003485274
164,60,0.00463473
164,61,0.004572805
164,62,0.005028507
164,63,0.00547061
164,64,0.004160321
164,65,0.004233094
164,66,0.004325305
164,67,0.005302197
164,68,0.004442425
164,69,0.004562343
164,70,0.006962628
164,71,0.006255004
164,72,0.008753329
164,73,0.006263769
164,74,0.006583747
164,75,0.007001776
164,76,0.008996093
164,77,0.011907952
164,78,0.011072596
164,79,0.010930911
164,80,0.011133531
164,81,0.016569263
164,82,0.014048866
164,83,0.012705411
164,84,0.011218338
164,85,0.015099941
164,86,0.015674301
164,87,0.017906002
164,88,0.0173343
164,89,0.012867485
164,90,0.016925321
164,91,0.022898717
164,92,0.023345548
164,93,0.021095039
164,94,0.021196154
164,95,0.018337387
164,96,0.014808363
164,97,0.019111802
164,98,0.017680251
164,99,0.015551602
164,100,0.019083408
164,101,0.017326216
164,102,0.020205744
164,103,0.015821077
164,104,0.018103116
164,105,0.018663935
164,106,0.016374148
164,107,0.01311998
164,108,0.015585315
164,109,0.014804475
164,110,0.014101176
164,111,0.014473882
164,112,0.016247063
164,113,0.016226174
164,114,0.019141135
164,115,0.019451167
164,116,0.012507943
164,117,0.013783388
164,118,0.012590772
164,119,0.011672616
164,120,0.011641343
164,121,0.010096457
164,122,0.012688432
164,123,0.009482301
164,124,0.009481269
164,125,0.009739916
164,126,0.008131418
164,127,0.008852127
164,128,0.00902863
164,129,0.005893351
164,130,0.006589167
164,131,0.005988991
164,132,0.004955628
164,133,0.005000676
164,134,0.003903715
164,135,0.004829846
164,136,0.003949479
164,137,0.007101427
164,138,0.005000215
164,139,0.004638341
164,140,0.002733756
164,141,0.00421192
164,142,0.005983979
164,143,0.002419406
164,144,0.002301775
164,145,0.001968901
164,146,0.001797761
164,147,0.002057091
164,148,0.001886048
164,149,0.00286627
164,150,0.002136804
164,151,0.002480678
164,152,0.002884911
164,153,0.003469446
164,154,0.003703851
164,155,0.002276755
164,156,0.001216727
164,157,0.003124052
164,158,0.001895109
164,159,0.001802221
164,160,0.001153099
164,161,0.001094904
164,162,0.002586508
164,163,0.001472689
164,164,0.00115361
164,165,0.00065666
164,166,0.00055348
164,167,0.00057971
164,168,0.000358336
164,169,0.000478901
164,170,0.000426172
164,171,0.000352223
164,172,0.000224498
164,173,0.000204753
164,174,0.000136558
164,175,0.000129502
164,176,4.42925E-05
164,177,1.89242E-29
164,178,3.21512E-29
164,179,1.72004E-29
164,180,1.26353E-29
164,181,1.0584E-29
164,182,1.14747E-29
164,183,1.29664E-29
164,184,1.73103E-29
164,185,1.66402E-29
164,186,1.35808E-29
164,187,1.41224E-29
164,188,1.02788E-29
164,189,9.53181E-30
164,190,9.64757E-30
164,191,8.65337E-30
164,192,9.45083E-30
164,193,1.11658E-29
164,194,9.23686E-30
164,195,9.13109E-30
164,196,9.1323E-30
164,197,9.92108E-30
164,198,8.1094E-30
164,199,6.12807E-30
165,0,8.59328E-30
165,1,9.34315E-30
165,2,6.90881E-30
165,3,6.66086E-30
165,4,8.37531E-30
165,5,9.70281E-30
165,6,6.44996E-30
165,7,8.68671E-30
165,8,1.15361E-29
165,9,1.23825E-29
165,10,9.67898E-30
165,11,1.45793E-29
165,12,1.38752E-29
165,13,1.49742E-29
165,14,1.47131E-29
165,15,1.34721E-29
165,16,1.2921E-29
165,17,1.21219E-29
165,18,1.35418E-29
165,19,1.32633E-29
165,20,1.36322E-29
165,21,1.51814E-29
165,22,1.82421E-29
165,23,1.60517E-29
165,24,1.09811E-05
165,25,0.000116315
165,26,0.000240489
165,27,0.000268258
165,28,0.000255297
165,29,0.000329974
165,30,0.000447106
165,31,0.000434536
165,32,0.00041712
165,33,0.000639642
165,34,0.000795002
165,35,0.000844899
165,36,0.000589603
165,37,0.000696903
165,38,0.000753777
165,39,0.00084258
165,40,0.002257671
165,41,0.001725393
165,42,0.002960329
165,43,0.0017775
165,44,0.001508538
165,45,0.00132691
165,46,0.001737978
165,47,0.002010579
165,48,0.002259624
165,49,0.001498941
165,50,0.002086779
165,51,0.001619226
165,52,0.003154567
165,53,0.002747235
165,54,0.003309235
165,55,0.004113699
165,56,0.003172111
165,57,0.004653299
165,58,0.003581459
165,59,0.003169216
165,60,0.00345747
165,61,0.005135829
165,62,0.005831456
165,63,0.004343673
165,64,0.007876213
165,65,0.004011112
165,66,0.006098505
165,67,0.005820592
165,68,0.00464168
165,69,0.005773726
165,70,0.004832895
165,71,0.0057063
165,72,0.007588106
165,73,0.007051055
165,74,0.007941068
165,75,0.01006374
165,76,0.007058629
165,77,0.008639036
165,78,0.010880995
165,79,0.011851908
165,80,0.013801891
165,81,0.01370879
165,82,0.01341876
165,83,0.014215693
165,84,0.013417727
165,85,0.017496814
165,86,0.014311088
165,87,0.015493951
165,88,0.011752977
165,89,0.013820458
165,90,0.014870383
165,91,0.015423867
165,92,0.017762197
165,93,0.015632094
165,94,0.018063916
165,95,0.017739546
165,96,0.019556662
165,97,0.019818874
165,98,0.017505258
165,99,0.018448241
165,100,0.018958855
165,101,0.018596518
165,102,0.021636155
165,103,0.019321349
165,104,0.019857286
165,105,0.018015519
165,106,0.017373861
165,107,0.015885618
165,108,0.015054349
165,109,0.015523842
165,110,0.014731075
165,111,0.015026215
165,112,0.01738972
165,113,0.012592469
165,114,0.014133383
165,115,0.017595243
165,116,0.013939051
165,117,0.013122246
165,118,0.013549004
165,119,0.009903936
165,120,0.009115633
165,121,0.010372795
165,122,0.010857027
165,123,0.008153973
165,124,0.008894672
165,125,0.011422317
165,126,0.008427675
165,127,0.007372242
165,128,0.01026515
165,129,0.008345268
165,130,0.008988536
165,131,0.009741016
165,132,0.004957589
165,133,0.006688715
165,134,0.005873552
165,135,0.00399073
165,136,0.006641781
165,137,0.004187049
165,138,0.006387077
165,139,0.003796175
165,140,0.002816469
165,141,0.002544121
165,142,0.003546488
165,143,0.002274572
165,144,0.002517619
165,145,0.003250917
165,146,0.001973551
165,147,0.002657818
165,148,0.00245729
165,149,0.001769563
165,150,0.001479044
165,151,0.001972119
165,152,0.002246014
165,153,0.001970164
165,154,0.002330072
165,155,0.001784599
165,156,0.001042338
165,157,0.001647291
165,158,0.002123743
165,159,0.001261141
165,160,0.000844201
165,161,0.001235429
165,162,0.001013327
165,163,0.00135493
165,164,0.000564501
165,165,0.000483346
165,166,0.00050937
165,167,0.000587169
165,168,0.000547212
165,169,0.000344146
165,170,0.000316898
165,171,0.000347128
165,172,0.000218589
165,173,0.000176317
165,174,0.000119728
165,175,2.47811E-05
165,176,1.76202E-29
165,177,1.66234E-29
165,178,3.31902E-29
165,179,1.8799E-29
165,180,1.68275E-29
165,181,1.52037E-29
165,182,1.34422E-29
165,183,1.24703E-29
165,184,1.32208E-29
165,185,1.60331E-29
165,186,1.44192E-29
165,187,1.41327E-29
165,188,1.59377E-29
165,189,1.11568E-29
165,190,8.72278E-30
165,191,9.89702E-30
165,192,1.11809E-29
165,193,1.02179E-29
165,194,1.01341E-29
165,195,7.87571E-30
165,196,8.30292E-30
165,197,7.68328E-30
165,198,8.31595E-30
165,199,8.05365E-30
166,0,8.64226E-30
166,1,7.60171E-30
166,2,8.2668E-30
166,3,8.54193E-30
166,4,7.46475E-30
166,5,8.24563E-30
166,6,8.37633E-30
166,7,1.07475E-29
166,8,1.19616E-29
166,9,9.73454E-30
166,10,1.10634E-29
166,11,1.03513E-29
166,12,1.03375E-29
166,13,1.35627E-29
166,14,1.3431E-29
166,15,1.62042E-29
166,16,1.5468E-29
166,17,1.40279E-29
166,18,1.56025E-29
166,19,1.44031E-29
166,20,1.60738E-29
166,21,1.68506E-29
166,22,1.74033E-29
166,23,1.65244E-29
166,24,1.78807E-29
166,25,7.49471E-05
166,26,0.000143994
166,27,0.000186379
166,28,0.000219011
166,29,0.000347108
166,30,0.000412502
166,31,0.000426421
166,32,0.000443612
166,33,0.000707323
166,34,0.000642158
166,35,0.000542676
166,36,0.000610247
166,37,0.001458769
166,38,0.000722131
166,39,0.001085102
166,40,0.002829401
166,41,0.000840784
166,42,0.001384408
166,43,0.001961732
166,44,0.001265796
166,45,0.001967619
166,46,0.002833282
166,47,0.001768411
166,48,0.001982337
166,49,0.001396241
166,50,0.001605778
166,51,0.002074813
166,52,0.002854475
166,53,0.002509753
166,54,0.002048611
166,55,0.003084071
166,56,0.004908614
166,57,0.003801594
166,58,0.003897423
166,59,0.002682849
166,60,0.003791504
166,61,0.005684128
166,62,0.006550737
166,63,0.004769527
166,64,0.005017576
166,65,0.005252037
166,66,0.005528263
166,67,0.007076241
166,68,0.006212037
166,69,0.005697413
166,70,0.006874154
166,71,0.005787071
166,72,0.006516867
166,73,0.006474251
166,74,0.007575309
166,75,0.009371985
166,76,0.009518011
166,77,0.00963054
166,78,0.012894015
166,79,0.010633118
166,80,0.009810721
166,81,0.013812305
166,82,0.015530873
166,83,0.016301569
166,84,0.013831254
166,85,0.013830807
166,86,0.01375125
166,87,0.011651671
166,88,0.010789545
166,89,0.014806125
166,90,0.014300901
166,91,0.015639938
166,92,0.016962589
166,93,0.019922244
166,94,0.016051836
166,95,0.017359474
166,96,0.019454367
166,97,0.017322131
166,98,0.020563793
166,99,0.018744094
166,100,0.026094953
166,101,0.022414588
166,102,0.018396199
166,103,0.018557024
166,104,0.016494839
166,105,0.018522709
166,106,0.019165375
166,107,0.017037605
166,108,0.014663847
166,109,0.014410122
166,110,0.01691047
166,111,0.013878798
166,112,0.013897378
166,113,0.011370696
166,114,0.010698818
166,115,0.015101996
166,116,0.014022179
166,117,0.013127862
166,118,0.009725741
166,119,0.009117828
166,120,0.008894074
166,121,0.009928755
166,122,0.012530527
166,123,0.008801754
166,124,0.008426529
166,125,0.007404538
166,126,0.006665347
166,127,0.009762059
166,128,0.008561869
166,129,0.009830783
166,130,0.007887236
166,131,0.006963879
166,132,0.006373608
166,133,0.005931169
166,134,0.004670988
166,135,0.007514346
166,136,0.008839823
166,137,0.004830919
166,138,0.004219113
166,139,0.003030331
166,140,0.003374846
166,141,0.002756607
166,142,0.00392996
166,143,0.003227525
166,144,0.00349178
166,145,0.003698165
166,146,0.004930548
166,147,0.002789732
166,148,0.003237613
166,149,0.002573477
166,150,0.002051817
166,151,0.002659887
166,152,0.0019888
166,153,0.002428508
166,154,0.002540646
166,155,0.001953963
166,156,0.001618729
166,157,0.001024992
166,158,0.0014221
166,159,0.001668317
166,160,0.001974753
166,161,0.000885682
166,162,0.000839586
166,163,0.000797143
166,164,0.000613034
166,165,0.000460166
166,166,0.000465388
166,167,0.000479811
166,168,0.00053128
166,169,0.000380254
166,170,0.000330973
166,171,0.000293458
166,172,0.000254238
166,173,0.000156041
166,174,5.41817E-05
166,175,4.04967E-08
166,176,1.64411E-29
166,177,1.51057E-29
166,178,1.80392E-29
166,179,3.52733E-29
166,180,2.14433E-29
166,181,1.50883E-29
166,182,1.4428E-29
166,183,1.11401E-29
166,184,1.25528E-29
166,185,1.52173E-29
166,186,1.52105E-29
166,187,1.19832E-29
166,188,1.35122E-29
166,189,1.38794E-29
166,190,1.20008E-29
166,191,8.52464E-30
166,192,9.50766E-30
166,193,9.3026E-30
166,194,1.11522E-29
166,195,8.65658E-30
166,196,7.56944E-30
166,197,7.74717E-30
166,198,7.55176E-30
166,199,8.46633E-30
167,0,7.88145E-30
167,1,9.78255E-30
167,2,6.30896E-30
167,3,7.208E-30
167,4,8.46265E-30
167,5,8.97157E-30
167,6,1.04327E-29
167,7,1.26876E-29
167,8,9.12773E-30
167,9,1.08526E-29
167,10,9.6359E-30
167,11,1.20898E-29
167,12,1.13937E-29
167,13,1.29492E-29
167,14,1.40782E-29
167,15,1.32025E-29
167,16,1.2855E-29
167,17,1.55892E-29
167,18,1.8998E-29
167,19,1.72014E-29
167,20,1.93755E-29
167,21,2.10981E-29
167,22,2.03754E-29
167,23,2.05122E-29
167,24,1.80877E-29
167,25,1.03569E-06
167,26,4.78076E-05
167,27,7.79149E-05
167,28,0.000270229
167,29,0.000334638
167,30,0.00035915
167,31,0.000310277
167,32,0.000395393
167,33,0.001063375
167,34,0.00056126
167,35,0.000722176
167,36,0.001415506
167,37,0.001009803
167,38,0.001129139
167,39,0.001094405
167,40,0.001109683
167,41,0.001425302
167,42,0.002437832
167,43,0.002276908
167,44,0.001800704
167,45,0.002131908
167,46,0.001425661
167,47,0.001504184
167,48,0.001395086
167,49,0.001642224
167,50,0.002456698
167,51,0.00257766
167,52,0.002032782
167,53,0.003377219
167,54,0.003313011
167,55,0.004611775
167,56,0.003620409
167,57,0.00331216
167,58,0.003298678
167,59,0.004522741
167,60,0.006114991
167,61,0.004996038
167,62,0.005052283
167,63,0.004574897
167,64,0.005320244
167,65,0.005739385
167,66,0.004300906
167,67,0.005262299
167,68,0.006461452
167,69,0.006313176
167,70,0.005839895
167,71,0.005743885
167,72,0.006910286
167,73,0.008320809
167,74,0.008853624
167,75,0.008300529
167,76,0.009601197
167,77,0.012446153
167,78,0.011646494
167,79,0.010271285
167,80,0.008431645
167,81,0.013368932
167,82,0.012846742
167,83,0.015618145
167,84,0.01557939
167,85,0.014431096
167,86,0.012904249
167,87,0.012492158
167,88,0.0129127
167,89,0.013308229
167,90,0.016937292
167,91,0.016654137
167,92,0.015040552
167,93,0.017469082
167,94,0.0186074
167,95,0.015765082
167,96,0.021050373
167,97,0.01658553
167,98,0.018923071
167,99,0.018216942
167,100,0.018036468
167,101,0.018072756
167,102,0.01484399
167,103,0.018932659
167,104,0.019680989
167,105,0.022780413
167,106,0.017605038
167,107,0.01730303
167,108,0.016197187
167,109,0.015041517
167,110,0.011943107
167,111,0.01677898
167,112,0.015908424
167,113,0.013680101
167,114,0.011108665
167,115,0.013982455
167,116,0.012057902
167,117,0.011644681
167,118,0.011109773
167,119,0.010130274
167,120,0.007825832
167,121,0.007603786
167,122,0.010488086
167,123,0.007839507
167,124,0.008761872
167,125,0.009055222
167,126,0.008633797
167,127,0.009425076
167,128,0.007445716
167,129,0.006086042
167,130,0.007089796
167,131,0.008758305
167,132,0.00667979
167,133,0.004850671
167,134,0.003829937
167,135,0.004350836
167,136,0.005396099
167,137,0.003835883
167,138,0.003209235
167,139,0.003567565
167,140,0.002565077
167,141,0.00296407
167,142,0.00368016
167,143,0.003094592
167,144,0.004048407
167,145,0.003764668
167,146,0.002257854
167,147,0.001908849
167,148,0.001983827
167,149,0.002061271
167,150,0.002555308
167,151,0.002987569
167,152,0.002869722
167,153,0.002445087
167,154,0.001678228
167,155,0.001088189
167,156,0.000982993
167,157,0.00104677
167,158,0.001508363
167,159,0.002504132
167,160,0.001041065
167,161,0.000760893
167,162,0.000898748
167,163,0.00129439
167,164,0.001086554
167,165,0.001951384
167,166,0.000438578
167,167,0.000448617
167,168,0.001653527
167,169,0.000769303
167,170,0.000351598
167,171,0.000225166
167,172,0.000206227
167,173,6.51356E-05
167,174,2.41413E-06
167,175,2.42924E-29
167,176,2.01604E-29
167,177,2.37931E-29
167,178,1.72892E-29
167,179,3.44778E-29
167,180,1.73825E-29
167,181,1.80007E-29
167,182,1.42683E-29
167,183,1.31794E-29
167,184,1.01753E-29
167,185,1.22194E-29
167,186,1.46101E-29
167,187,1.39568E-29
167,188,1.02268E-29
167,189,1.20514E-29
167,190,1.23185E-29
167,191,1.01827E-29
167,192,8.03613E-30
167,193,9.85308E-30
167,194,9.1093E-30
167,195,1.12754E-29
167,196,7.60438E-30
167,197,9.24685E-30
167,198,9.94655E-30
167,199,9.35503E-30
168,0,9.32598E-30
168,1,5.96281E-30
168,2,8.93977E-30
168,3,8.20085E-30
168,4,6.02369E-30
168,5,1.08871E-29
168,6,1.1818E-29
168,7,1.11616E-29
168,8,1.15155E-29
168,9,1.28007E-29
168,10,1.61088E-29
168,11,1.49012E-29
168,12,1.43904E-29
168,13,1.94225E-29
168,14,1.63312E-29
168,15,1.55769E-29
168,16,1.59966E-29
168,17,1.63329E-29
168,18,1.18865E-29
168,19,1.78412E-29
168,20,1.77502E-29
168,21,1.46586E-29
168,22,1.86777E-29
168,23,1.80397E-29
168,24,2.05366E-29
168,25,2.15866E-29
168,26,8.64317E-07
168,27,6.38499E-05
168,28,0.000236374
168,29,0.000412627
168,30,0.000265008
168,31,0.000318718
168,32,0.000641188
168,33,0.000490611
168,34,0.000517222
168,35,0.000598975
168,36,0.001436094
168,37,0.000735159
168,38,0.000936405
168,39,0.000913699
168,40,0.001943108
168,41,0.000952429
168,42,0.00124979
168,43,0.001410067
168,44,0.001407425
168,45,0.001929149
168,46,0.00149386
168,47,0.001723442
168,48,0.001616347
168,49,0.001677054
168,50,0.003285889
168,51,0.002826937
168,52,0.002510142
168,53,0.003702964
168,54,0.003859956
168,55,0.004363298
168,56,0.002502125
168,57,0.004128283
168,58,0.002842428
168,59,0.003247596
168,60,0.004007828
168,61,0.004186174
168,62,0.003716139
168,63,0.004328492
168,64,0.004686528
168,65,0.004081591
168,66,0.005340571
168,67,0.00521586
168,68,0.004902196
168,69,0.006201697
168,70,0.006161611
168,71,0.006972368
168,72,0.00682958
168,73,0.00647939
168,74,0.0080603
168,75,0.009890825
168,76,0.012443418
168,77,0.014747721
168,78,0.015400768
168,79,0.012200853
168,80,0.00861241
168,81,0.009614775
168,82,0.012685329
168,83,0.014068814
168,84,0.014979509
168,85,0.013791633
168,86,0.017825993
168,87,0.015608851
168,88,0.013555243
168,89,0.014210275
168,90,0.014374172
168,91,0.01429792
168,92,0.012584936
168,93,0.018024309
168,94,0.016624859
168,95,0.013828749
168,96,0.017287533
168,97,0.016066598
168,98,0.018400467
168,99,0.01775801
168,100,0.018722639
168,101,0.017513808
168,102,0.020136933
168,103,0.021362304
168,104,0.018794427
168,105,0.017832374
168,106,0.01680777
168,107,0.015849497
168,108,0.015873766
168,109,0.012822801
168,110,0.012079049
168,111,0.01244229
168,112,0.016596063
168,113,0.019024478
168,114,0.011663176
168,115,0.013017394
168,116,0.010752183
168,117,0.010494942
168,118,0.013263344
168,119,0.010780343
168,120,0.011481315
168,121,0.013873705
168,122,0.010563663
168,123,0.008709289
168,124,0.008463146
168,125,0.00985558
168,126,0.008951388
168,127,0.007632492
168,128,0.012871494
168,129,0.009710407
168,130,0.007638449
168,131,0.005912371
168,132,0.005893615
168,133,0.00540827
168,134,0.004915141
168,135,0.006753855
168,136,0.00768122
168,137,0.004962796
168,138,0.004619056
168,139,0.003529021
168,140,0.002487407
168,141,0.002643195
168,142,0.00310449
168,143,0.004565191
168,144,0.003752917
168,145,0.003244266
168,146,0.002324713
168,147,0.001752208
168,148,0.002262876
168,149,0.003467982
168,150,0.002268068
168,151,0.003209788
168,152,0.002962723
168,153,0.00250629
168,154,0.001263454
168,155,0.001320351
168,156,0.001007922
168,157,0.001040765
168,158,0.002073723
168,159,0.002837125
168,160,0.001633184
168,161,0.001898756
168,162,0.001191038
168,163,0.001593074
168,164,0.00078973
168,165,0.000570541
168,166,0.000635705
168,167,0.000467736
168,168,0.000380165
168,169,0.001645021
168,170,0.000300562
168,171,0.000222855
168,172,7.67198E-05
168,173,7.18983E-07
168,174,1.901E-29
168,175,2.0575E-29
168,176,1.84248E-29
168,177,1.82371E-29
168,178,1.97125E-29
168,179,3.81025E-29
168,180,2.01444E-29
168,181,2.43502E-29
168,182,1.99564E-29
168,183,1.97998E-29
168,184,1.79811E-29
168,185,1.6265E-29
168,186,1.90145E-29
168,187,1.68923E-29
168,188,1.38238E-29
168,189,1.03342E-29
168,190,1.07669E-29
168,191,1.20965E-29
168,192,1.11777E-29
168,193,1.10682E-29
168,194,9.41716E-30
168,195,1.10508E-29
168,196,1.1903E-29
168,197,7.71715E-30
168,198,7.63981E-30
168,199,8.3479E-30
169,0,9.22301E-30
169,1,1.11685E-29
169,2,1.11492E-29
169,3,1.05691E-29
169,4,1.15539E-29
169,5,1.64664E-29
169,6,1.40437E-29
169,7,1.18209E-29
169,8,1.30786E-29
169,9,1.22954E-29
169,10,1.12086E-29
169,11,1.01248E-29
169,12,1.35759E-29
169,13,1.39282E-29
169,14,1.32007E-29
169,15,1.43678E-29
169,16,1.47264E-29
169,17,1.49273E-29
169,18,1.65334E-29
169,19,1.51478E-29
169,20,1.26417E-29
169,21,1.5477E-29
169,22,1.57542E-29
169,23,1.62302E-29
169,24,1.86216E-29
169,25,1.69187E-29
169,26,1.99817E-29
169,27,6.25699E-06
169,28,9.01521E-05
169,29,0.000198483
169,30,0.000261304
169,31,0.000373132
169,32,0.000424831
169,33,0.000412942
169,34,0.000371957
169,35,0.000963054
169,36,0.000722268
169,37,0.000732426
169,38,0.001109821
169,39,0.001119416
169,40,0.000743337
169,41,0.000889432
169,42,0.000998872
169,43,0.002249499
169,44,0.001584211
169,45,0.001482296
169,46,0.001701657
169,47,0.001337108
169,48,0.002057067
169,49,0.003889474
169,50,0.002394109
169,51,0.002181679
169,52,0.003789627
169,53,0.003058462
169,54,0.002919977
169,55,0.003766074
169,56,0.002384004
169,57,0.002540015
169,58,0.005973307
169,59,0.003808081
169,60,0.00332609
169,61,0.004348233
169,62,0.004308173
169,63,0.006423045
169,64,0.007091925
169,65,0.005107646
169,66,0.003801319
169,67,0.004553442
169,68,0.005199595
169,69,0.007655979
169,70,0.006522048
169,71,0.006428312
169,72,0.006602766
169,73,0.009688378
169,74,0.007281379
169,75,0.007834028
169,76,0.012404336
169,77,0.011927245
169,78,0.007904726
169,79,0.009887885
169,80,0.011985015
169,81,0.011703094
169,82,0.015542043
169,83,0.015853385
169,84,0.014655604
169,85,0.013669369
169,86,0.014393338
169,87,0.01607317
169,88,0.018277704
169,89,0.014023246
169,90,0.014362891
169,91,0.014097024
169,92,0.017571635
169,93,0.020155655
169,94,0.014355686
169,95,0.015365161
169,96,0.015093582
169,97,0.01451551
169,98,0.01478306
169,99,0.016755473
169,100,0.01754189
169,101,0.018590399
169,102,0.018137637
169,103,0.01717752
169,104,0.018099457
169,105,0.014223501
169,106,0.014195309
169,107,0.016473597
169,108,0.015224232
169,109,0.013177901
169,110,0.018519735
169,111,0.014178288
169,112,0.015798977
169,113,0.014751835
169,114,0.012546504
169,115,0.014210282
169,116,0.014714777
169,117,0.012957238
169,118,0.011920993
169,119,0.011234568
169,120,0.008403358
169,121,0.014470022
169,122,0.011206534
169,123,0.01014985
169,124,0.008852111
169,125,0.008684444
169,126,0.009566587
169,127,0.009624445
169,128,0.007998172
169,129,0.008410039
169,130,0.007050251
169,131,0.00638811
169,132,0.007638203
169,133,0.004765072
169,134,0.006221498
169,135,0.006007546
169,136,0.00596248
169,137,0.006300044
169,138,0.003109621
169,139,0.003275382
169,140,0.003181953
169,141,0.00262375
169,142,0.003858042
169,143,0.005687345
169,144,0.005397753
169,145,0.00218233
169,146,0.002238959
169,147,0.003035766
169,148,0.004039524
169,149,0.002506432
169,150,0.002586861
169,151,0.00164613
169,152,0.001435732
169,153,0.001754207
169,154,0.002130005
169,155,0.001074105
169,156,0.000987402
169,157,0.001557151
169,158,0.001013353
169,159,0.000743759
169,160,0.002398194
169,161,0.001793503
169,162,0.000806882
169,163,0.000609216
169,164,0.001181095
169,165,0.000566361
169,166,0.000884782
169,167,0.000382371
169,168,0.000402548
169,169,0.000870218
169,170,0.000244743
169,171,0.000117625
169,172,3.0786E-06
169,173,2.09167E-29
169,174,2.02573E-29
169,175,2.04272E-29
169,176,1.89617E-29
169,177,1.56233E-29
169,178,1.52201E-29
169,179,3.09587E-29
169,180,1.74402E-29
169,181,1.49563E-29
169,182,1.77575E-29
169,183,1.26511E-29
169,184,1.30646E-29
169,185,1.26003E-29
169,186,1.09537E-29
169,187,1.7568E-29
169,188,1.9552E-29
169,189,2.05038E-29
169,190,1.65292E-29
169,191,1.69412E-29
169,192,1.46152E-29
169,193,1.4381E-29
169,194,1.56789E-29
169,195,1.34054E-29
169,196,1.42701E-29
169,197,9.78499E-30
169,198,7.44158E-30
169,199,7.82331E-30
170,0,1.01143E-29
170,1,9.14879E-30
170,2,8.29224E-30
170,3,8.08155E-30
170,4,1.33322E-29
170,5,1.31441E-29
170,6,1.09394E-29
170,7,1.17217E-29
170,8,9.61556E-30
170,9,1.13759E-29
170,10,1.11639E-29
170,11,1.36594E-29
170,12,1.35869E-29
170,13,1.56714E-29
170,14,1.43069E-29
170,15,1.65942E-29
170,16,1.32597E-29
170,17,1.28882E-29
170,18,1.50419E-29
170,19,1.31969E-29
170,20,1.47298E-29
170,21,1.63008E-29
170,22,1.58049E-29
170,23,1.78792E-29
170,24,1.499E-29
170,25,1.7862E-29
170,26,1.94083E-29
170,27,2.34784E-29
170,28,8.20849E-06
170,29,7.30651E-05
170,30,0.000371031
170,31,0.000287848
170,32,0.000432256
170,33,0.000315462
170,34,0.000433586
170,35,0.000820256
170,36,0.000710312
170,37,0.000689279
170,38,0.000995251
170,39,0.001317202
170,40,0.001095455
170,41,0.002156117
170,42,0.000964558
170,43,0.001218781
170,44,0.002626309
170,45,0.001517878
170,46,0.001517135
170,47,0.00130783
170,48,0.002000873
170,49,0.002655067
170,50,0.002829872
170,51,0.00211028
170,52,0.003339351
170,53,0.003577186
170,54,0.002709746
170,55,0.002881261
170,56,0.00231687
170,57,0.002413132
170,58,0.002951492
170,59,0.003989573
170,60,0.003566924
170,61,0.005650936
170,62,0.003915259
170,63,0.004730308
170,64,0.006319727
170,65,0.003810286
170,66,0.00431979
170,67,0.005212828
170,68,0.006123208
170,69,0.006062205
170,70,0.007554623
170,71,0.005403568
170,72,0.006244047
170,73,0.008023272
170,74,0.007761861
170,75,0.009039633
170,76,0.009519954
170,77,0.010338276
170,78,0.008524243
170,79,0.011796002
170,80,0.009537594
170,81,0.013053136
170,82,0.012607685
170,83,0.011995785
170,84,0.010234939
170,85,0.013105584
170,86,0.013623941
170,87,0.011797635
170,88,0.014480996
170,89,0.018937427
170,90,0.014140133
170,91,0.012625054
170,92,0.014066225
170,93,0.018492411
170,94,0.015740972
170,95,0.016164382
170,96,0.014126952
170,97,0.016665421
170,98,0.02107361
170,99,0.019075988
170,100,0.016747071
170,101,0.020887203
170,102,0.017606621
170,103,0.018908013
170,104,0.01776313
170,105,0.017923466
170,106,0.018033481
170,107,0.015571353
170,108,0.015753806
170,109,0.014234022
170,110,0.015900971
170,111,0.011632643
170,112,0.012311807
170,113,0.014495692
170,114,0.01491049
170,115,0.015009787
170,116,0.011882522
170,117,0.010613844
170,118,0.011999485
170,119,0.011585329
170,120,0.012073982
170,121,0.011769259
170,122,0.010641012
170,123,0.008303174
170,124,0.008761333
170,125,0.007687959
170,126,0.008916713
170,127,0.007195746
170,128,0.007377507
170,129,0.007408618
170,130,0.00803878
170,131,0.0073375
170,132,0.007723963
170,133,0.006066429
170,134,0.005551987
170,135,0.006412389
170,136,0.006664494
170,137,0.00629146
170,138,0.005303792
170,139,0.004158619
170,140,0.003607476
170,141,0.005170634
170,142,0.004209283
170,143,0.003118256
170,144,0.00376206
170,145,0.002406773
170,146,0.003619226
170,147,0.002423339
170,148,0.003231962
170,149,0.002377656
170,150,0.001615137
170,151,0.001952033
170,152,0.001791957
170,153,0.001456996
170,154,0.00174221
170,155,0.004067923
170,156,0.000899992
170,157,0.001028998
170,158,0.001030781
170,159,0.000774839
170,160,0.00207365
170,161,0.00123015
170,162,0.000892402
170,163,0.000996406
170,164,0.000439433
170,165,0.001387622
170,166,0.000444556
170,167,0.000312593
170,168,0.000414215
170,169,0.001186942
170,170,0.000106891
170,171,4.92446E-06
170,172,2.34191E-29
170,173,1.98751E-29
170,174,1.63437E-29
170,175,1.73027E-29
170,176,2.09846E-29
170,177,1.97313E-29
170,178,1.76689E-29
170,179,2.92433E-29
170,180,1.51092E-29
170,181,1.78167E-29
170,182,1.82122E-29
170,183,1.68835E-29
170,184,1.32622E-29
170,185,1.25089E-29
170,186,1.20468E-29
170,187,1.20331E-29
170,188,1.34902E-29
170,189,1.29462E-29
170,190,1.32066E-29
170,191,1.07753E-29
170,192,1.20993E-29
170,193,9.61705E-30
170,194,8.76789E-30
170,195,9.66601E-30
170,196,1.02678E-29
170,197,1.58188E-29
170,198,1.36884E-29
170,199,1.20889E-29
171,0,9.49627E-30
171,1,9.52543E-30
171,2,7.80271E-30
171,3,1.13186E-29
171,4,1.00848E-29
171,5,1.29307E-29
171,6,9.84325E-30
171,7,8.33078E-30
171,8,1.10502E-29
171,9,1.10067E-29
171,10,1.2794E-29
171,11,1.21778E-29
171,12,1.55112E-29
171,13,1.75791E-29
171,14,1.52005E-29
171,15,1.02744E-29
171,16,1.19883E-29
171,17,1.51976E-29
171,18,1.36496E-29
171,19,1.27348E-29
171,20,1.48686E-29
171,21,1.45369E-29
171,22,1.66979E-29
171,23,1.74883E-29
171,24,1.63599E-29
171,25,1.62308E-29
171,26,2.27065E-29
171,27,2.42076E-29
171,28,2.20114E-29
171,29,2.09755E-06
171,30,0.000103673
171,31,0.000234461
171,32,0.001015584
171,33,0.000317075
171,34,0.000491556
171,35,0.000504199
171,36,0.001264201
171,37,0.000593321
171,38,0.000611754
171,39,0.001675535
171,40,0.001433705
171,41,0.001163226
171,42,0.001139006
171,43,0.001395676
171,44,0.00109674
171,45,0.001227652
171,46,0.002087313
171,47,0.001777916
171,48,0.001648807
171,49,0.001542167
171,50,0.001496198
171,51,0.001979986
171,52,0.001609567
171,53,0.003112566
171,54,0.00314406
171,55,0.002659042
171,56,0.002481448
171,57,0.00239657
171,58,0.002903074
171,59,0.003853733
171,60,0.003534901
171,61,0.003480898
171,62,0.004813715
171,63,0.007322454
171,64,0.006535687
171,65,0.005411339
171,66,0.006043867
171,67,0.006154748
171,68,0.006093826
171,69,0.007781721
171,70,0.007550757
171,71,0.007183319
171,72,0.007088171
171,73,0.007496156
171,74,0.006615077
171,75,0.007293881
171,76,0.00867719
171,77,0.008367367
171,78,0.009192991
171,79,0.007219276
171,80,0.009613859
171,81,0.011514967
171,82,0.014032794
171,83,0.012613192
171,84,0.010844452
171,85,0.012538801
171,86,0.013204904
171,87,0.013346297
171,88,0.013131206
171,89,0.015987225
171,90,0.015517377
171,91,0.018653666
171,92,0.018609669
171,93,0.015589782
171,94,0.014648363
171,95,0.014772868
171,96,0.014509907
171,97,0.013714026
171,98,0.016878326
171,99,0.02213938
171,100,0.015429873
171,101,0.016481873
171,102,0.017612681
171,103,0.017834389
171,104,0.014583846
171,105,0.018133965
171,106,0.017435581
171,107,0.016623407
171,108,0.014809763
171,109,0.015314462
171,110,0.012183163
171,111,0.014057325
171,112,0.012321261
171,113,0.011875638
171,114,0.014969691
171,115,0.01503254
171,116,0.01305033
171,117,0.012263567
171,118,0.012841447
171,119,0.012461061
171,120,0.012138258
171,121,0.009450145
171,122,0.009236687
171,123,0.012727919
171,124,0.007265484
171,125,0.008272434
171,126,0.007918488
171,127,0.008180241
171,128,0.006641924
171,129,0.007097419
171,130,0.008237444
171,131,0.005963016
171,132,0.005127446
171,133,0.006346148
171,134,0.00407109
171,135,0.00615204
171,136,0.005015803
171,137,0.005656413
171,138,0.003764445
171,139,0.004816972
171,140,0.00439047
171,141,0.002768785
171,142,0.002782115
171,143,0.004216048
171,144,0.00439094
171,145,0.002724301
171,146,0.001876096
171,147,0.002016431
171,148,0.002751729
171,149,0.002020242
171,150,0.001965746
171,151,0.001819437
171,152,0.002269914
171,153,0.00177009
171,154,0.001235813
171,155,0.001683511
171,156,0.001458314
171,157,0.000990429
171,158,0.001131496
171,159,0.000781978
171,160,0.000743282
171,161,0.000675961
171,162,0.000747261
171,163,0.000613108
171,164,0.000409653
171,165,0.00043036
171,166,0.00085519
171,167,0.000256901
171,168,0.000493721
171,169,0.000129206
171,170,8.35706E-06
171,171,2.27597E-29
171,172,2.19776E-29
171,173,2.07179E-29
171,174,1.9454E-29
171,175,1.72701E-29
171,176,1.72676E-29
171,177,2.16065E-29
171,178,2.09491E-29
171,179,3.38385E-29
171,180,1.24411E-29
171,181,1.54483E-29
171,182,1.60127E-29
171,183,1.86822E-29
171,184,1.54345E-29
171,185,1.23283E-29
171,186,1.34409E-29
171,187,1.30291E-29
171,188,1.35813E-29
171,189,1.21217E-29
171,190,1.36428E-29
171,191,1.14462E-29
171,192,1.16461E-29
171,193,9.94353E-30
171,194,1.10587E-29
171,195,8.00606E-30
171,196,9.69844E-30
171,197,1.04777E-29
171,198,1.06843E-29
171,199,8.33828E-30
172,0,7.13273E-30
172,1,6.0586E-30
172,2,8.72741E-30
172,3,1.06019E-29
172,4,1.14415E-29
172,5,9.67419E-30
172,6,8.00725E-30
172,7,9.25593E-30
172,8,9.87243E-30
172,9,1.24703E-29
172,10,1.52344E-29
172,11,1.81261E-29
172,12,1.64316E-29
172,13,1.47594E-29
172,14,1.15616E-29
172,15,1.27706E-29
172,16,1.48202E-29
172,17,1.44743E-29
172,18,1.37116E-29
172,19,1.46391E-29
172,20,1.46635E-29
172,21,1.88674E-29
172,22,1.95693E-29
172,23,1.50632E-29
172,24,1.88176E-29
172,25,2.07507E-29
172,26,2.22952E-29
172,27,2.40025E-29
172,28,2.4534E-29
172,29,4.27006E-29
172,30,2.11026E-06
172,31,0.000105014
172,32,0.000207094
172,33,0.000333978
172,34,0.000472899
172,35,0.000679753
172,36,0.000802695
172,37,0.001295736
172,38,0.000642373
172,39,0.001609573
172,40,0.00213607
172,41,0.001494659
172,42,0.001464548
172,43,0.000947728
172,44,0.001332266
172,45,0.001410417
172,46,0.002536901
172,47,0.003337694
172,48,0.001435437
172,49,0.002099811
172,50,0.001684887
172,51,0.001562524
172,52,0.003204112
172,53,0.002364364
172,54,0.002630126
172,55,0.003813468
172,56,0.004235198
172,57,0.003007167
172,58,0.004032128
172,59,0.004535058
172,60,0.003949459
172,61,0.003908157
172,62,0.003723476
172,63,0.008131269
172,64,0.004653973
172,65,0.004611145
172,66,0.006126493
172,67,0.005274068
172,68,0.007681944
172,69,0.006431649
172,70,0.007163751
172,71,0.007546009
172,72,0.007302229
172,73,0.007735792
172,74,0.007108023
172,75,0.00854778
172,76,0.008399734
172,77,0.009691959
172,78,0.009545372
172,79,0.009851038
172,80,0.011200768
172,81,0.013762967
172,82,0.012046093
172,83,0.010745473
172,84,0.01225645
172,85,0.013697424
172,86,0.013504882
172,87,0.010103978
172,88,0.01177312
172,89,0.012445194
172,90,0.014588494
172,91,0.01410232
172,92,0.014490797
172,93,0.015222333
172,94,0.013905681
172,95,0.014808753
172,96,0.012652556
172,97,0.017052977
172,98,0.01796136
172,99,0.016483364
172,100,0.019148446
172,101,0.01849835
172,102,0.01838526
172,103,0.014494095
172,104,0.018762414
172,105,0.017510664
172,106,0.015365539
172,107,0.015705304
172,108,0.017275679
172,109,0.014570284
172,110,0.016784402
172,111,0.016876755
172,112,0.012170649
172,113,0.011639964
172,114,0.015171627
172,115,0.016457347
172,116,0.01429713
172,117,0.012862802
172,118,0.011954929
172,119,0.012645097
172,120,0.011793806
172,121,0.011151512
172,122,0.010151866
172,123,0.009228494
172,124,0.009034141
172,125,0.008928287
172,126,0.008740844
172,127,0.009111959
172,128,0.006112266
172,129,0.007861442
172,130,0.008966757
172,131,0.008136598
172,132,0.005154
172,133,0.004895037
172,134,0.005191401
172,135,0.008127609
172,136,0.006082769
172,137,0.00567678
172,138,0.004701274
172,139,0.00502841
172,140,0.003384382
172,141,0.002527088
172,142,0.004512183
172,143,0.003791993
172,144,0.004535729
172,145,0.003464915
172,146,0.002402783
172,147,0.002525516
172,148,0.002971772
172,149,0.003944619
172,150,0.002445634
172,151,0.00163303
172,152,0.001818771
172,153,0.001260069
172,154,0.001142941
172,155,0.001485418
172,156,0.000990352
172,157,0.000809245
172,158,0.001368973
172,159,0.001274648
172,160,0.000739588
172,161,0.00065604
172,162,0.000609884
172,163,0.000533861
172,164,0.000476349
172,165,0.000341595
172,166,0.001037677
172,167,0.000195718
172,168,6.24519E-05
172,169,4.25387E-06
172,170,2.25277E-29
172,171,1.79104E-29
172,172,2.11474E-29
172,173,2.27634E-29
172,174,2.16359E-29
172,175,1.70839E-29
172,176,1.63629E-29
172,177,1.65044E-29
172,178,1.96633E-29
172,179,2.15379E-29
172,180,3.18193E-29
172,181,1.45102E-29
172,182,1.64988E-29
172,183,1.66117E-29
172,184,1.92543E-29
172,185,1.4955E-29
172,186,1.13163E-29
172,187,1.05589E-29
172,188,1.3411E-29
172,189,1.42691E-29
172,190,1.14838E-29
172,191,1.26274E-29
172,192,9.86289E-30
172,193,1.15499E-29
172,194,8.73296E-30
172,195,1.0633E-29
172,196,7.0458E-30
172,197,8.1875E-30
172,198,1.1225E-29
172,199,1.01374E-29
173,0,5.95436E-30
173,1,8.25285E-30
173,2,1.03021E-29
173,3,1.07274E-29
173,4,8.58827E-30
173,5,8.47132E-30
173,6,8.62537E-30
173,7,1.09633E-29
173,8,1.47807E-29
173,9,1.73198E-29
173,10,1.50233E-29
173,11,1.40093E-29
173,12,1.45802E-29
173,13,1.17795E-29
173,14,1.28302E-29
173,15,1.3608E-29
173,16,1.48479E-29
173,17,1.33873E-29
173,18,1.29253E-29
173,19,1.54557E-29
173,20,1.66449E-29
173,21,1.92997E-29
173,22,1.50654E-29
173,23,1.57454E-29
173,24,1.61793E-29
173,25,2.25827E-29
173,26,2.56217E-29
173,27,2.58876E-29
173,28,2.97348E-29
173,29,3.67996E-29
173,30,2.46789E-29
173,31,1.81734E-06
173,32,0.000114863
173,33,0.000263426
173,34,0.000309151
173,35,0.000431826
173,36,0.000486587
173,37,0.000666173
173,38,0.000637749
173,39,0.00081174
173,40,0.001331283
173,41,0.00194138
173,42,0.002028584
173,43,0.000966323
173,44,0.001212164
173,45,0.001443292
173,46,0.002427868
173,47,0.001962233
173,48,0.001834018
173,49,0.001778974
173,50,0.001960768
173,51,0.002098819
173,52,0.001847749
173,53,0.001997102
173,54,0.002943548
173,55,0.002349274
173,56,0.002652358
173,57,0.002481367
173,58,0.004839312
173,59,0.004920809
173,60,0.002825795
173,61,0.005708663
173,62,0.003395153
173,63,0.003862247
173,64,0.003800619
173,65,0.004741164
173,66,0.005460806
173,67,0.004374915
173,68,0.007471215
173,69,0.00653843
173,70,0.006125963
173,71,0.008574063
173,72,0.009491093
173,73,0.011150842
173,74,0.006627798
173,75,0.009258127
173,76,0.0081172
173,77,0.009509096
173,78,0.009672287
173,79,0.008891814
173,80,0.010548178
173,81,0.011732986
173,82,0.010443723
173,83,0.010300072
173,84,0.011813021
173,85,0.011330543
173,86,0.010903134
173,87,0.010309814
173,88,0.010239402
173,89,0.012736099
173,90,0.012849797
173,91,0.014857288
173,92,0.015529064
173,93,0.014920578
173,94,0.014388509
173,95,0.01436482
173,96,0.015580413
173,97,0.015326829
173,98,0.016714469
173,99,0.014601613
173,100,0.013805081
173,101,0.019399438
173,102,0.013858089
173,103,0.015118772
173,104,0.013771496
173,105,0.016993857
173,106,0.01546203
173,107,0.015083743
173,108,0.015039472
173,109,0.013293428
173,110,0.014340377
173,111,0.013994072
173,112,0.012496041
173,113,0.01204998
173,114,0.015007178
173,115,0.015685142
173,116,0.011738301
173,117,0.014805587
173,118,0.011487146
173,119,0.01290024
173,120,0.011103035
173,121,0.010592851
173,122,0.010022736
173,123,0.012829262
173,124,0.009424623
173,125,0.006490315
173,126,0.009908164
173,127,0.009976061
173,128,0.005962953
173,129,0.009248371
173,130,0.005938252
173,131,0.008212346
173,132,0.006109784
173,133,0.005534002
173,134,0.005506009
173,135,0.005607047
173,136,0.005251248
173,137,0.003897388
173,138,0.006160568
173,139,0.004076248
173,140,0.003866224
173,141,0.003106792
173,142,0.004281928
173,143,0.003683605
173,144,0.004410552
173,145,0.002952046
173,146,0.003953022
173,147,0.003063018
173,148,0.002592629
173,149,0.001752446
173,150,0.001577424
173,151,0.001445903
173,152,0.001314415
173,153,0.001364661
173,154,0.001066488
173,155,0.000974634
173,156,0.001345383
173,157,0.001090211
173,158,0.001234569
173,159,0.000782924
173,160,0.000695186
173,161,0.000630189
173,162,0.000539994
173,163,0.000478732
173,164,0.00042396
173,165,0.00023634
173,166,0.000507786
173,167,7.8064E-05
173,168,2.70144E-29
173,169,3.46581E-29
173,170,3.86423E-29
173,171,3.54619E-29
173,172,3.07695E-29
173,173,3.09549E-29
173,174,3.17477E-29
173,175,3.36589E-29
173,176,3.12988E-29
173,177,2.71227E-29
173,178,1.78154E-29
173,179,2.08124E-29
173,180,3.8737E-29
173,181,1.61421E-29
173,182,1.57795E-29
173,183,1.42448E-29
173,184,1.55966E-29
173,185,1.52956E-29
173,186,1.22559E-29
173,187,1.21525E-29
173,188,1.05338E-29
173,189,1.35805E-29
173,190,1.39097E-29
173,191,1.21763E-29
173,192,1.21944E-29
173,193,1.06049E-29
173,194,1.01785E-29
173,195,1.01751E-29
173,196,1.02182E-29
173,197,9.57325E-30
173,198,7.83377E-30
173,199,1.19236E-29
174,0,9.38211E-30
174,1,1.04489E-29
174,2,1.11732E-29
174,3,9.75253E-30
174,4,7.82427E-30
174,5,1.00353E-29
174,6,1.32779E-29
174,7,1.45069E-29
174,8,1.55752E-29
174,9,1.24529E-29
174,10,1.40139E-29
174,11,1.66481E-29
174,12,1.16937E-29
174,13,1.09255E-29
174,14,1.52697E-29
174,15,1.47114E-29
174,16,1.49694E-29
174,17,1.18631E-29
174,18,1.48959E-29
174,19,1.48121E-29
174,20,1.75622E-29
174,21,1.45653E-29
174,22,1.36508E-29
174,23,1.57074E-29
174,24,2.29203E-29
174,25,2.43734E-29
174,26,2.45672E-29
174,27,2.76937E-29
174,28,1.89733E-29
174,29,4.09941E-29
174,30,2.77266E-29
174,31,3.00403E-29
174,32,4.45073E-06
174,33,7.1869E-05
174,34,0.000158379
174,35,0.000448382
174,36,0.000440644
174,37,0.000642542
174,38,0.000646227
174,39,0.000677696
174,40,0.000974565
174,41,0.001374071
174,42,0.002096178
174,43,0.002154189
174,44,0.001259725
174,45,0.00131314
174,46,0.001885367
174,47,0.003099021
174,48,0.002103017
174,49,0.001664333
174,50,0.001603283
174,51,0.001913564
174,52,0.002279439
174,53,0.002169048
174,54,0.002142583
174,55,0.002766863
174,56,0.003143003
174,57,0.002462317
174,58,0.003842442
174,59,0.00246003
174,60,0.002627127
174,61,0.003919361
174,62,0.003567545
174,63,0.003832242
174,64,0.004046768
174,65,0.006153693
174,66,0.006538496
174,67,0.006716961
174,68,0.005950565
174,69,0.006733958
174,70,0.005684112
174,71,0.008661772
174,72,0.007349619
174,73,0.00748101
174,74,0.007687613
174,75,0.006945681
174,76,0.007932712
174,77,0.008200192
174,78,0.011160869
174,79,0.009552144
174,80,0.011108689
174,81,0.011653263
174,82,0.012376846
174,83,0.009844673
174,84,0.011967338
174,85,0.010874472
174,86,0.013623881
174,87,0.013044507
174,88,0.014167626
174,89,0.014099397
174,90,0.014623007
174,91,0.013446297
174,92,0.014912326
174,93,0.014542877
174,94,0.014850544
174,95,0.01666245
174,96,0.016345007
174,97,0.016557074
174,98,0.013181311
174,99,0.017361921
174,100,0.014743254
174,101,0.015012684
174,102,0.012997217
174,103,0.013030773
174,104,0.017373746
174,105,0.015568101
174,106,0.013170607
174,107,0.013569413
174,108,0.014605376
174,109,0.012437418
174,110,0.014120911
174,111,0.012879197
174,112,0.011437416
174,113,0.013497508
174,114,0.013942511
174,115,0.013072034
174,116,0.012414695
174,117,0.012683564
174,118,0.009076549
174,119,0.010536265
174,120,0.009756053
174,121,0.009787429
174,122,0.01100591
174,123,0.009882446
174,124,0.009750153
174,125,0.008281633
174,126,0.007249224
174,127,0.008638367
174,128,0.009370189
174,129,0.008199386
174,130,0.008027791
174,131,0.005471176
174,132,0.007300059
174,133,0.006021293
174,134,0.004835349
174,135,0.007206362
174,136,0.005272323
174,137,0.004505606
174,138,0.005056716
174,139,0.003200382
174,140,0.004643277
174,141,0.004514574
174,142,0.004345548
174,143,0.002827148
174,144,0.002375749
174,145,0.003092747
174,146,0.003913653
174,147,0.002562507
174,148,0.004975279
174,149,0.00155701
174,150,0.001598464
174,151,0.001774702
174,152,0.001839003
174,153,0.001326957
174,154,0.001239077
174,155,0.001291119
174,156,0.001068762
174,157,0.0024955
174,158,0.000739232
174,159,0.000713237
174,160,0.000684661
174,161,0.000598578
174,162,0.001422933
174,163,0.000474242
174,164,0.000378356
174,165,0.000282537
174,166,5.80196E-05
174,167,4.19609E-29
174,168,3.02974E-29
174,169,2.09282E-29
174,170,2.23186E-29
174,171,2.53714E-29
174,172,2.3212E-29
174,173,2.39388E-29
174,174,2.0763E-29
174,175,1.9991E-29
174,176,1.92582E-29
174,177,2.35546E-29
174,178,3.00633E-29
174,179,2.86822E-29
174,180,4.64477E-29
174,181,3.0124E-29
174,182,2.68224E-29
174,183,2.94478E-29
174,184,2.61543E-29
174,185,3.02138E-29
174,186,1.92874E-29
174,187,1.18364E-29
174,188,1.22144E-29
174,189,1.1554E-29
174,190,1.34776E-29
174,191,1.33292E-29
174,192,1.19543E-29
174,193,1.20533E-29
174,194,1.10031E-29
174,195,8.88139E-30
174,196,9.3818E-30
174,197,7.19028E-30
174,198,9.97009E-30
174,199,7.86454E-30
175,0,9.54658E-30
175,1,9.72685E-30
175,2,8.96625E-30
175,3,7.79815E-30
175,4,1.02031E-29
175,5,1.37851E-29
175,6,1.2308E-29
175,7,1.39787E-29
175,8,1.30178E-29
175,9,1.40067E-29
175,10,1.6062E-29
175,11,1.0271E-29
175,12,9.98532E-30
175,13,1.19353E-29
175,14,1.45211E-29
175,15,1.42701E-29
175,16,1.0167E-29
175,17,1.43726E-29
175,18,1.55663E-29
175,19,1.48648E-29
175,20,1.80823E-29
175,21,1.73125E-29
175,22,1.55119E-29
175,23,1.93402E-29
175,24,2.35628E-29
175,25,2.97036E-29
175,26,3.67871E-29
175,27,2.63987E-29
175,28,3.25282E-29
175,29,4.72797E-29
175,30,3.08571E-29
175,31,2.23658E-29
175,32,2.70623E-29
175,33,2.32029E-29
175,34,7.48056E-05
175,35,0.000288128
175,36,0.000353841
175,37,0.0005512
175,38,0.000879236
175,39,0.00056411
175,40,0.000800771
175,41,0.001276548
175,42,0.001029902
175,43,0.001365562
175,44,0.001019441
175,45,0.001153219
175,46,0.00149559
175,47,0.001633012
175,48,0.001880552
175,49,0.001532635
175,50,0.002347942
175,51,0.002862434
175,52,0.001773179
175,53,0.002044504
175,54,0.002094651
175,55,0.002536419
175,56,0.003687796
175,57,0.002669146
175,58,0.002761525
175,59,0.002697624
175,60,0.005003696
175,61,0.0043043
175,62,0.003333901
175,63,0.003689637
175,64,0.004244209
175,65,0.006804646
175,66,0.004518681
175,67,0.004942613
175,68,0.005532624
175,69,0.006658441
175,70,0.006474214
175,71,0.005494657
175,72,0.008154179
175,73,0.007303545
175,74,0.008638355
175,75,0.009495151
175,76,0.009344652
175,77,0.008056672
175,78,0.008222179
175,79,0.010922697
175,80,0.011618514
175,81,0.011292185
175,82,0.013046265
175,83,0.013601448
175,84,0.009556471
175,85,0.013064923
175,86,0.013690729
175,87,0.014341555
175,88,0.012523098
175,89,0.012629164
175,90,0.012012104
175,91,0.01621145
175,92,0.017822616
175,93,0.013090849
175,94,0.013132525
175,95,0.014834043
175,96,0.015534742
175,97,0.01628424
175,98,0.014997797
175,99,0.016294823
175,100,0.015888895
175,101,0.013596713
175,102,0.013471121
175,103,0.013540018
175,104,0.013788241
175,105,0.017042094
175,106,0.014648204
175,107,0.014153201
175,108,0.012938808
175,109,0.013609105
175,110,0.01426248
175,111,0.011568136
175,112,0.010983581
175,113,0.015082318
175,114,0.013472174
175,115,0.013291993
175,116,0.010628537
175,117,0.009364659
175,118,0.010840564
175,119,0.010736463
175,120,0.007307011
175,121,0.00869528
175,122,0.007372792
175,123,0.010913316
175,124,0.011362601
175,125,0.008921918
175,126,0.009385926
175,127,0.011038319
175,128,0.008456673
175,129,0.009590618
175,130,0.008034455
175,131,0.005320694
175,132,0.006211546
175,133,0.00544374
175,134,0.007163675
175,135,0.005979268
175,136,0.007722082
175,137,0.004609555
175,138,0.003623101
175,139,0.003492924
175,140,0.002512593
175,141,0.002851817
175,142,0.003825913
175,143,0.002712285
175,144,0.002806234
175,145,0.003715996
175,146,0.003710652
175,147,0.004970956
175,148,0.002887805
175,149,0.002284008
175,150,0.003515926
175,151,0.001932887
175,152,0.003276623
175,153,0.002862266
175,154,0.0026527
175,155,0.001232449
175,156,0.001747689
175,157,0.001243823
175,158,0.001207806
175,159,0.000712829
175,160,0.000543878
175,161,0.001164753
175,162,0.000831024
175,163,0.001229172
175,164,0.000293398
175,165,0.000100052
175,166,9.08959E-08
175,167,4.41202E-29
175,168,3.00396E-29
175,169,2.23936E-29
175,170,2.21928E-29
175,171,1.97993E-29
175,172,2.33085E-29
175,173,2.06047E-29
175,174,2.19852E-29
175,175,1.85439E-29
175,176,1.82812E-29
175,177,1.58792E-29
175,178,1.79885E-29
175,179,1.94286E-29
175,180,3.38098E-29
175,181,1.84017E-29
175,182,1.9573E-29
175,183,1.55442E-29
175,184,1.94061E-29
175,185,1.52851E-29
175,186,2.41187E-29
175,187,2.43758E-29
175,188,2.34246E-29
175,189,2.37432E-29
175,190,2.43059E-29
175,191,2.54745E-29
175,192,2.39323E-29
175,193,2.27893E-29
175,194,2.3138E-29
175,195,1.11576E-29
175,196,8.65065E-30
175,197,9.07681E-30
175,198,7.01836E-30
175,199,9.26593E-30
176,0,9.50404E-30
176,1,9.56646E-30
176,2,1.29012E-29
176,3,1.07283E-29
176,4,1.13991E-29
176,5,1.29114E-29
176,6,1.30517E-29
176,7,1.5429E-29
176,8,1.26718E-29
176,9,1.50201E-29
176,10,1.1505E-29
176,11,8.43382E-30
176,12,1.10438E-29
176,13,1.23257E-29
176,14,1.40237E-29
176,15,1.07301E-29
176,16,1.3586E-29
176,17,1.68652E-29
176,18,1.26625E-29
176,19,2.59225E-29
176,20,2.29551E-29
176,21,2.07242E-29
176,22,2.29451E-29
176,23,3.06662E-29
176,24,2.91874E-29
176,25,3.22715E-29
176,26,2.18348E-29
176,27,2.02816E-29
176,28,2.92665E-29
176,29,3.9478E-29
176,30,2.08554E-29
176,31,2.60055E-29
176,32,2.38375E-29
176,33,2.83158E-29
176,34,3.29825E-29
176,35,6.10264E-05
176,36,0.000290641
176,37,0.001285486
176,38,0.001123859
176,39,0.000547957
176,40,0.000799128
176,41,0.001715125
176,42,0.000740505
176,43,0.001267037
176,44,0.000877014
176,45,0.001159506
176,46,0.001210322
176,47,0.001233497
176,48,0.002381502
176,49,0.001567044
176,50,0.001470766
176,51,0.002319748
176,52,0.002917657
176,53,0.002936417
176,54,0.001859029
176,55,0.004356219
176,56,0.003713557
176,57,0.002636055
176,58,0.00364682
176,59,0.004371155
176,60,0.006226567
176,61,0.005888822
176,62,0.004657023
176,63,0.004399404
176,64,0.006320251
176,65,0.006870449
176,66,0.007218845
176,67,0.004713641
176,68,0.007586846
176,69,0.006513133
176,70,0.006824622
176,71,0.005754056
176,72,0.007979377
176,73,0.007014525
176,74,0.006980507
176,75,0.008272539
176,76,0.007508081
176,77,0.006912994
176,78,0.007179187
176,79,0.010308032
176,80,0.010490713
176,81,0.014030564
176,82,0.011096101
176,83,0.012616123
176,84,0.011583311
176,85,0.011812159
176,86,0.010667647
176,87,0.01247278
176,88,0.014727678
176,89,0.011427328
176,90,0.012521293
176,91,0.012895699
176,92,0.015523073
176,93,0.013976208
176,94,0.013094263
176,95,0.018028849
176,96,0.01677639
176,97,0.021250194
176,98,0.013572572
176,99,0.014580827
176,100,0.013361227
176,101,0.015291742
176,102,0.017919838
176,103,0.012885882
176,104,0.014169338
176,105,0.019415153
176,106,0.016831437
176,107,0.016607722
176,108,0.014003638
176,109,0.012237867
176,110,0.015207254
176,111,0.012771825
176,112,0.017446492
176,113,0.012060013
176,114,0.012456139
176,115,0.011828486
176,116,0.012168221
176,117,0.011420645
176,118,0.008231445
176,119,0.009786545
176,120,0.008277858
176,121,0.007960604
176,122,0.009162183
176,123,0.011076156
176,124,0.009983167
176,125,0.009974426
176,126,0.00840919
176,127,0.006477529
176,128,0.008254562
176,129,0.009658809
176,130,0.008513777
176,131,0.006083002
176,132,0.006129435
176,133,0.005262613
176,134,0.007169422
176,135,0.005882643
176,136,0.005159959
176,137,0.003465236
176,138,0.006210546
176,139,0.004618307
176,140,0.003319144
176,141,0.003743696
176,142,0.002701247
176,143,0.003197039
176,144,0.002666521
176,145,0.004159733
176,146,0.002078725
176,147,0.003055279
176,148,0.002484679
176,149,0.001985625
176,150,0.001503906
176,151,0.001875186
176,152,0.003927882
176,153,0.001514036
176,154,0.001419772
176,155,0.001160661
176,156,0.000815492
176,157,0.000903614
176,158,0.000803948
176,159,0.000635015
176,160,0.00135635
176,161,0.00074722
176,162,0.000483553
176,163,0.00057189
176,164,6.84015E-05
176,165,2.93006E-29
176,166,2.94251E-29
176,167,4.51032E-29
176,168,3.11941E-29
176,169,2.89608E-29
176,170,2.03336E-29
176,171,2.2081E-29
176,172,1.99313E-29
176,173,2.0128E-29
176,174,2.13109E-29
176,175,2.05728E-29
176,176,1.98513E-29
176,177,1.54879E-29
176,178,1.73252E-29
176,179,1.91301E-29
176,180,3.75462E-29
176,181,1.7599E-29
176,182,1.73467E-29
176,183,1.98642E-29
176,184,1.62116E-29
176,185,1.87689E-29
176,186,1.75255E-29
176,187,1.70416E-29
176,188,1.2826E-29
176,189,1.29777E-29
176,190,1.34198E-29
176,191,1.55396E-29
176,192,1.57543E-29
176,193,1.30176E-29
176,194,1.35315E-29
176,195,2.31837E-29
176,196,2.32857E-29
176,197,1.99061E-29
176,198,2.02967E-29
176,199,1.949E-29
177,0,1.21646E-29
177,1,1.24812E-29
177,2,7.10824E-30
177,3,9.90538E-30
177,4,1.19867E-29
177,5,1.22726E-29
177,6,1.5106E-29
177,7,9.71286E-30
177,8,1.42514E-29
177,9,1.21337E-29
177,10,7.97887E-30
177,11,1.28387E-29
177,12,1.21174E-29
177,13,2.11687E-29
177,14,2.34108E-29
177,15,2.19936E-29
177,16,2.41949E-29
177,17,1.88173E-29
177,18,2.58944E-29
177,19,1.4795E-29
177,20,1.48058E-29
177,21,1.51611E-29
177,22,2.22651E-29
177,23,2.14059E-29
177,24,2.98576E-29
177,25,2.45469E-29
177,26,1.9642E-29
177,27,2.49369E-29
177,28,2.5336E-29
177,29,4.05668E-29
177,30,2.60994E-29
177,31,3.01047E-29
177,32,2.92771E-29
177,33,3.38291E-29
177,34,3.29264E-29
177,35,2.84533E-29
177,36,4.67252E-05
177,37,0.000257502
177,38,0.00114262
177,39,0.00053723
177,40,0.000688695
177,41,0.000657416
177,42,0.000778587
177,43,0.000823866
177,44,0.000951967
177,45,0.001198075
177,46,0.001519032
177,47,0.001656072
177,48,0.002276017
177,49,0.002640363
177,50,0.001576613
177,51,0.001577189
177,52,0.002556399
177,53,0.00367331
177,54,0.002157999
177,55,0.002452655
177,56,0.002162136
177,57,0.002963203
177,58,0.002575023
177,59,0.004604756
177,60,0.008331869
177,61,0.002860716
177,62,0.004933869
177,63,0.004858272
177,64,0.004498251
177,65,0.005441156
177,66,0.008693946
177,67,0.008181754
177,68,0.007528512
177,69,0.007301831
177,70,0.006930256
177,71,0.007089038
177,72,0.007732427
177,73,0.010333284
177,74,0.006790076
177,75,0.006684694
177,76,0.010784316
177,77,0.007324086
177,78,0.009308585
177,79,0.009502096
177,80,0.00963536
177,81,0.010467866
177,82,0.009304935
177,83,0.011061278
177,84,0.012127688
177,85,0.012990513
177,86,0.014347833
177,87,0.01237039
177,88,0.013090287
177,89,0.014136139
177,90,0.010515395
177,91,0.011284554
177,92,0.012921117
177,93,0.013931744
177,94,0.015871336
177,95,0.014608812
177,96,0.016165727
177,97,0.015477764
177,98,0.017729977
177,99,0.018119149
177,100,0.014864604
177,101,0.015578644
177,102,0.01561963
177,103,0.015143099
177,104,0.015682345
177,105,0.017223807
177,106,0.013159152
177,107,0.016235855
177,108,0.014219692
177,109,0.013651326
177,110,0.01466535
177,111,0.013638485
177,112,0.013998826
177,113,0.012940603
177,114,0.011192214
177,115,0.011468926
177,116,0.009028771
177,117,0.01617764
177,118,0.010759723
177,119,0.00926482
177,120,0.010581355
177,121,0.010309916
177,122,0.010123827
177,123,0.010129996
177,124,0.00909018
177,125,0.008425962
177,126,0.007512623
177,127,0.008001377
177,128,0.007334851
177,129,0.005844877
177,130,0.005123241
177,131,0.005868964
177,132,0.005715566
177,133,0.005479145
177,134,0.00665025
177,135,0.004921898
177,136,0.003293092
177,137,0.003901737
177,138,0.004444984
177,139,0.003681377
177,140,0.002687518
177,141,0.002688262
177,142,0.00339873
177,143,0.002755461
177,144,0.005307477
177,145,0.004301206
177,146,0.002437459
177,147,0.002860019
177,148,0.002150448
177,149,0.002005255
177,150,0.001493023
177,151,0.001386338
177,152,0.002568924
177,153,0.001652406
177,154,0.001082462
177,155,0.001155654
177,156,0.000783667
177,157,0.000764577
177,158,0.000944525
177,159,0.000600405
177,160,0.000538459
177,161,0.001419635
177,162,0.00025728
177,163,3.89735E-05
177,164,3.03565E-29
177,165,3.22305E-29
177,166,3.08607E-29
177,167,3.87417E-29
177,168,3.31061E-29
177,169,2.88662E-29
177,170,2.67963E-29
177,171,2.14808E-29
177,172,2.04487E-29
177,173,2.11485E-29
177,174,1.89708E-29
177,175,2.1509E-29
177,176,1.98328E-29
177,177,1.88495E-29
177,178,1.25971E-29
177,179,1.47831E-29
177,180,3.40467E-29
177,181,1.68597E-29
177,182,1.84005E-29
177,183,1.92243E-29
177,184,1.88089E-29
177,185,1.86666E-29
177,186,1.74303E-29
177,187,1.68126E-29
177,188,1.37096E-29
177,189,1.10999E-29
177,190,1.07375E-29
177,191,1.10229E-29
177,192,1.46304E-29
177,193,1.47956E-29
177,194,1.19835E-29
177,195,1.48393E-29
177,196,1.21601E-29
177,197,1.19834E-29
177,198,8.17365E-30
177,199,8.52052E-30
178,0,1.10271E-29
178,1,9.85975E-30
178,2,9.67177E-30
178,3,9.13428E-30
178,4,1.38972E-29
178,5,1.44951E-29
178,6,1.0638E-29
178,7,1.80889E-29
178,8,1.98435E-29
178,9,1.66565E-29
178,10,2.06073E-29
178,11,1.92367E-29
178,12,2.23363E-29
178,13,1.52813E-29
178,14,1.45575E-29
178,15,1.45561E-29
178,16,1.30698E-29
178,17,1.58128E-29
178,18,1.46048E-29
178,19,1.57345E-29
178,20,1.58289E-29
178,21,2.00287E-29
178,22,2.14065E-29
178,23,2.90588E-29
178,24,2.40397E-29
178,25,2.29441E-29
178,26,2.50089E-29
178,27,2.90388E-29
178,28,2.77831E-29
178,29,3.82606E-29
178,30,2.36764E-29
178,31,2.75146E-29
178,32,2.9877E-29
178,33,3.02634E-29
178,34,2.5572E-29
178,35,2.84827E-29
178,36,3.04085E-29
178,37,1.84704E-05
178,38,0.000150764
178,39,0.000386022
178,40,0.000499073
178,41,0.000564244
178,42,0.000723397
178,43,0.000781052
178,44,0.001041493
178,45,0.001081467
178,46,0.001144177
178,47,0.001652806
178,48,0.001494817
178,49,0.001273148
178,50,0.001702597
178,51,0.001582583
178,52,0.002324672
178,53,0.002004434
178,54,0.002019934
178,55,0.002130225
178,56,0.002396697
178,57,0.003002289
178,58,0.002225009
178,59,0.004576931
178,60,0.004709804
178,61,0.00375384
178,62,0.006098498
178,63,0.003804095
178,64,0.005818737
178,65,0.004734257
178,66,0.00529465
178,67,0.006135059
178,68,0.00594843
178,69,0.008684891
178,70,0.005575334
178,71,0.007091625
178,72,0.009470816
178,73,0.005975228
178,74,0.007609296
178,75,0.007720441
178,76,0.010237242
178,77,0.00877866
178,78,0.01047563
178,79,0.011332696
178,80,0.010735254
178,81,0.009965678
178,82,0.011621697
178,83,0.010412471
178,84,0.008463242
178,85,0.010127801
178,86,0.011741827
178,87,0.013100824
178,88,0.010753988
178,89,0.011824175
178,90,0.013208767
178,91,0.011304772
178,92,0.01495231
178,93,0.018721024
178,94,0.015196503
178,95,0.013949383
178,96,0.016542009
178,97,0.016181284
178,98,0.012969543
178,99,0.016370323
178,100,0.020028633
178,101,0.013746268
178,102,0.017498326
178,103,0.01560269
178,104,0.016412225
178,105,0.015377873
178,106,0.013693536
178,107,0.015516137
178,108,0.014722398
178,109,0.014771179
178,110,0.01145849
178,111,0.011646245
178,112,0.01231093
178,113,0.014209259
178,114,0.016871193
178,115,0.012214766
178,116,0.010485178
178,117,0.016235577
178,118,0.012810836
178,119,0.010914276
178,120,0.011659219
178,121,0.009326784
178,122,0.010692607
178,123,0.012000694
178,124,0.009303497
178,125,0.008185165
178,126,0.006474067
178,127,0.006108248
178,128,0.005646213
178,129,0.004633066
178,130,0.005313932
178,131,0.005126153
178,132,0.008896963
178,133,0.005453612
178,134,0.004685829
178,135,0.005263648
178,136,0.00405267
178,137,0.005190381
178,138,0.004037628
178,139,0.004702065
178,140,0.002923366
178,141,0.003127586
178,142,0.002158048
178,143,0.002344861
178,144,0.00434942
178,145,0.002528321
178,146,0.002998273
178,147,0.002088562
178,148,0.001808254
178,149,0.001412734
178,150,0.002061708
178,151,0.00188181
178,152,0.001603956
178,153,0.001525271
178,154,0.001001683
178,155,0.001037576
178,156,0.000915188
178,157,0.000686613
178,158,0.000522068
178,159,0.000504852
178,160,0.000331211
178,161,0.000143942
178,162,1.9222E-05
178,163,3.6522E-29
178,164,3.24148E-29
178,165,2.9198E-29
178,166,4.40373E-29
178,167,2.85005E-29
178,168,3.03919E-29
178,169,2.69931E-29
178,170,2.86127E-29
178,171,2.41563E-29
178,172,2.03638E-29
178,173,1.98137E-29
178,174,1.98543E-29
178,175,1.96685E-29
178,176,2.05672E-29
178,177,1.90864E-29
178,178,1.51698E-29
178,179,1.19807E-29
178,180,1.79634E-29
178,181,2.89966E-29
178,182,1.33252E-29
178,183,1.47111E-29
178,184,1.82622E-29
178,185,1.90572E-29
178,186,2.07033E-29
178,187,1.6194E-29
178,188,1.63316E-29
178,189,1.13335E-29
178,190,1.19106E-29
178,191,9.91669E-30
178,192,1.10312E-29
178,193,1.36852E-29
178,194,1.41037E-29
178,195,9.31208E-30
178,196,1.33769E-29
178,197,1.17625E-29
178,198,1.09134E-29
178,199,7.58796E-30
179,0,9.76811E-30
179,1,1.36412E-29
179,2,1.73877E-29
179,3,1.9841E-29
179,4,2.38937E-29
179,5,1.84145E-29
179,6,2.02845E-29
179,7,1.72225E-29
179,8,1.36877E-29
179,9,1.35418E-29
179,10,1.32668E-29
179,11,1.33349E-29
179,12,1.34336E-29
179,13,1.42842E-29
179,14,1.36746E-29
179,15,1.12829E-29
179,16,1.28969E-29
179,17,1.52817E-29
179,18,1.44828E-29
179,19,1.68512E-29
179,20,1.77796E-29
179,21,2.40775E-29
179,22,3.00424E-29
179,23,2.48561E-29
179,24,2.66366E-29
179,25,2.06788E-29
179,26,2.44586E-29
179,27,2.41418E-29
179,28,2.34592E-29
179,29,3.7943E-29
179,30,2.798E-29
179,31,2.93109E-29
179,32,3.0311E-29
179,33,2.72562E-29
179,34,2.74796E-29
179,35,2.83163E-29
179,36,3.02067E-29
179,37,3.1782E-29
179,38,2.51322E-06
179,39,0.000123868
179,40,0.000317094
179,41,0.001027499
179,42,0.000614834
179,43,0.001191462
179,44,0.001047849
179,45,0.002105005
179,46,0.002049389
179,47,0.001415842
179,48,0.001554545
179,49,0.001029175
179,50,0.001726195
179,51,0.003292449
179,52,0.001653849
179,53,0.00316373
179,54,0.002292899
179,55,0.003159652
179,56,0.002003318
179,57,0.003124813
179,58,0.002494863
179,59,0.00361377
179,60,0.003991967
179,61,0.004453329
179,62,0.00393483
179,63,0.00481382
179,64,0.00484537
179,65,0.004417074
179,66,0.004964373
179,67,0.005741123
179,68,0.005516257
179,69,0.007345881
179,70,0.006865137
179,71,0.00693315
179,72,0.007112277
179,73,0.005911452
179,74,0.007329765
179,75,0.008900752
179,76,0.008761732
179,77,0.007579454
179,78,0.009260064
179,79,0.00894251
179,80,0.010920346
179,81,0.011245411
179,82,0.011868451
179,83,0.012231299
179,84,0.009953574
179,85,0.013089673
179,86,0.011612636
179,87,0.011660946
179,88,0.010092479
179,89,0.013175646
179,90,0.01217177
179,91,0.013338752
179,92,0.01355058
179,93,0.013859378
179,94,0.012688944
179,95,0.010634241
179,96,0.012269528
179,97,0.01409799
179,98,0.013951074
179,99,0.013346631
179,100,0.01611218
179,101,0.01634776
179,102,0.015754108
179,103,0.015139319
179,104,0.018127242
179,105,0.015739935
179,106,0.014359467
179,107,0.016871238
179,108,0.012283517
179,109,0.012064642
179,110,0.01379365
179,111,0.01572299
179,112,0.014967596
179,113,0.011680062
179,114,0.011714924
179,115,0.012149175
179,116,0.011823505
179,117,0.011523518
179,118,0.011465886
179,119,0.010555329
179,120,0.009623372
179,121,0.00925418
179,122,0.00791962
179,123,0.006707302
179,124,0.009755181
179,125,0.008987205
179,126,0.007398305
179,127,0.0073887
179,128,0.006989246
179,129,0.005457114
179,130,0.005433079
179,131,0.005009422
179,132,0.004424573
179,133,0.005254023
179,134,0.005859213
179,135,0.004653772
179,136,0.005008243
179,137,0.004648935
179,138,0.004859388
179,139,0.003994085
179,140,0.002830242
179,141,0.003381996
179,142,0.002612978
179,143,0.002569872
179,144,0.003224317
179,145,0.003441774
179,146,0.002048676
179,147,0.002512594
179,148,0.00327716
179,149,0.002222507
179,150,0.002237722
179,151,0.002652678
179,152,0.002111265
179,153,0.001642513
179,154,0.000912657
179,155,0.000813647
179,156,0.000799188
179,157,0.000618675
179,158,0.000466996
179,159,0.000331368
179,160,0.000118514
179,161,3.74174E-06
179,162,2.97986E-29
179,163,3.33396E-29
179,164,3.36751E-29
179,165,2.91973E-29
179,166,4.29388E-29
179,167,2.98124E-29
179,168,2.81478E-29
179,169,3.11519E-29
179,170,2.58539E-29
179,171,2.66069E-29
179,172,2.53983E-29
179,173,1.81619E-29
179,174,1.90729E-29
179,175,1.97332E-29
179,176,1.89271E-29
179,177,1.99341E-29
179,178,2.03836E-29
179,179,1.41005E-29
179,180,1.21438E-29
179,181,3.24096E-29
179,182,1.36841E-29
179,183,1.38676E-29
179,184,1.38509E-29
179,185,1.53377E-29
179,186,1.87821E-29
179,187,2.15769E-29
179,188,1.74856E-29
179,189,1.74225E-29
179,190,1.1185E-29
179,191,1.26872E-29
179,192,1.41106E-29
179,193,1.45007E-29
179,194,1.52463E-29
179,195,1.73767E-29
179,196,1.41713E-29
179,197,1.53294E-29
179,198,1.57907E-29
179,199,1.37074E-29
180,0,1.42043E-29
180,1,1.10062E-29
180,2,9.21646E-30
180,3,1.36184E-29
180,4,1.3294E-29
180,5,1.31859E-29
180,6,1.34558E-29
180,7,1.14296E-29
180,8,9.5459E-30
180,9,1.24192E-29
180,10,1.17271E-29
180,11,1.40059E-29
180,12,1.52998E-29
180,13,1.32568E-29
180,14,1.28737E-29
180,15,1.46096E-29
180,16,1.66338E-29
180,17,1.92351E-29
180,18,2.13593E-29
180,19,1.99977E-29
180,20,2.21967E-29
180,21,2.68161E-29
180,22,2.1575E-29
180,23,2.37449E-29
180,24,2.11279E-29
180,25,2.29136E-29
180,26,2.37469E-29
180,27,2.42702E-29
180,28,2.28699E-29
180,29,3.93374E-29
180,30,3.10941E-29
180,31,2.68888E-29
180,32,2.58916E-29
180,33,2.35555E-29
180,34,2.89901E-29
180,35,2.68127E-29
180,36,3.27665E-29
180,37,3.69013E-29
180,38,3.75453E-29
180,39,4.80503E-29
180,40,7.80535E-05
180,41,0.000382705
180,42,0.000405748
180,43,0.00173245
180,44,0.001047209
180,45,0.001561908
180,46,0.001142781
180,47,0.002789752
180,48,0.001116486
180,49,0.001886655
180,50,0.001504698
180,51,0.002131566
180,52,0.001643444
180,53,0.001658177
180,54,0.002039935
180,55,0.002901615
180,56,0.004276744
180,57,0.002155477
180,58,0.002348901
180,59,0.002648383
180,60,0.002459533
180,61,0.006127281
180,62,0.005427213
180,63,0.004847231
180,64,0.004395283
180,65,0.00538843
180,66,0.005853
180,67,0.005768876
180,68,0.006004646
180,69,0.004355556
180,70,0.006288106
180,71,0.006075028
180,72,0.006743438
180,73,0.007471546
180,74,0.008841134
180,75,0.007939119
180,76,0.008654016
180,77,0.007271794
180,78,0.009901982
180,79,0.010281656
180,80,0.011024922
180,81,0.009869262
180,82,0.011984578
180,83,0.011657261
180,84,0.014814411
180,85,0.01154538
180,86,0.012323669
180,87,0.013321597
180,88,0.018302713
180,89,0.018644367
180,90,0.012568808
180,91,0.013178539
180,92,0.015952678
180,93,0.017641307
180,94,0.012522102
180,95,0.012443579
180,96,0.012837963
180,97,0.016835981
180,98,0.014483618
180,99,0.01281149
180,100,0.01568743
180,101,0.014898709
180,102,0.016832922
180,103,0.011992327
180,104,0.014625093
180,105,0.013687058
180,106,0.014183158
180,107,0.014000922
180,108,0.01487909
180,109,0.014274263
180,110,0.012398501
180,111,0.011969885
180,112,0.013942466
180,113,0.010048349
180,114,0.012737106
180,115,0.011567653
180,116,0.011033092
180,117,0.010138483
180,118,0.012292179
180,119,0.011871077
180,120,0.010906609
180,121,0.00927028
180,122,0.007937478
180,123,0.008271035
180,124,0.007776528
180,125,0.008192607
180,126,0.007856821
180,127,0.006462829
180,128,0.006456205
180,129,0.006713926
180,130,0.008888184
180,131,0.006277197
180,132,0.007604261
180,133,0.005491545
180,134,0.004986666
180,135,0.005281946
180,136,0.006932962
180,137,0.004458284
180,138,0.004123564
180,139,0.00294906
180,140,0.004048192
180,141,0.004444464
180,142,0.003100855
180,143,0.00241567
180,144,0.002056294
180,145,0.003816546
180,146,0.002230813
180,147,0.002471873
180,148,0.003358866
180,149,0.001659982
180,150,0.001550881
180,151,0.001168032
180,152,0.001323113
180,153,0.001454338
180,154,0.001029298
180,155,0.001033803
180,156,0.000574547
180,157,0.000767659
180,158,0.000358097
180,159,6.38859E-05
180,160,4.1553E-29
180,161,4.40256E-29
180,162,3.48109E-29
180,163,3.34756E-29
180,164,3.5701E-29
180,165,3.38156E-29
180,166,4.51446E-29
180,167,3.52456E-29
180,168,3.26401E-29
180,169,3.01159E-29
180,170,3.17328E-29
180,171,2.88869E-29
180,172,3.18934E-29
180,173,2.64219E-29
180,174,2.18867E-29
180,175,1.89199E-29
180,176,2.25576E-29
180,177,2.33314E-29
180,178,2.24002E-29
180,179,2.05136E-29
180,180,1.73774E-29
180,181,3.41618E-29
180,182,1.71621E-29
180,183,1.62557E-29
180,184,1.78266E-29
180,185,1.73063E-29
180,186,1.83921E-29
180,187,2.07113E-29
180,188,2.36162E-29
180,189,2.09401E-29
180,190,1.90858E-29
180,191,1.63633E-29
180,192,1.24736E-29
180,193,1.19097E-29
180,194,1.20546E-29
180,195,1.11887E-29
180,196,1.18341E-29
180,197,1.19953E-29
180,198,9.70461E-30
180,199,1.07617E-29
181,0,8.33632E-30
181,1,1.05307E-29
181,2,1.51126E-29
181,3,1.2964E-29
181,4,1.31108E-29
181,5,9.73929E-30
181,6,1.08618E-29
181,7,1.01196E-29
181,8,1.10709E-29
181,9,1.18971E-29
181,10,1.24386E-29
181,11,1.37109E-29
181,12,1.42668E-29
181,13,1.3207E-29
181,14,1.71816E-29
181,15,1.65984E-29
181,16,1.80173E-29
181,17,1.74315E-29
181,18,1.63516E-29
181,19,1.70481E-29
181,20,2.79992E-29
181,21,2.27042E-29
181,22,2.35401E-29
181,23,2.63216E-29
181,24,2.19416E-29
181,25,2.46108E-29
181,26,2.71393E-29
181,27,2.44465E-29
181,28,2.49121E-29
181,29,4.56979E-29
181,30,2.74825E-29
181,31,2.48157E-29
181,32,2.67511E-29
181,33,3.23769E-29
181,34,2.92707E-29
181,35,4.14576E-29
181,36,4.81254E-29
181,37,3.86363E-29
181,38,4.86878E-29
181,39,3.53328E-29
181,40,4.57464E-29
181,41,3.08442E-05
181,42,0.000220196
181,43,0.000478403
181,44,0.000495859
181,45,0.000877553
181,46,0.000830811
181,47,0.00094497
181,48,0.001054494
181,49,0.001783448
181,50,0.001304168
181,51,0.001390075
181,52,0.001923537
181,53,0.003020993
181,54,0.002074756
181,55,0.001977532
181,56,0.002546133
181,57,0.002166827
181,58,0.002465925
181,59,0.002467995
181,60,0.003620096
181,61,0.007157483
181,62,0.004259441
181,63,0.00429273
181,64,0.004695157
181,65,0.0062533
181,66,0.006716151
181,67,0.005838577
181,68,0.005384915
181,69,0.004951189
181,70,0.005361331
181,71,0.007463282
181,72,0.005875135
181,73,0.007055462
181,74,0.008157365
181,75,0.009943199
181,76,0.009769523
181,77,0.00881541
181,78,0.012070237
181,79,0.009046432
181,80,0.011629556
181,81,0.009543117
181,82,0.012808787
181,83,0.011548742
181,84,0.010525189
181,85,0.013798099
181,86,0.01289875
181,87,0.013964815
181,88,0.013888906
181,89,0.014830946
181,90,0.01363901
181,91,0.012946519
181,92,0.014458745
181,93,0.015713584
181,94,0.01716521
181,95,0.017643958
181,96,0.016363108
181,97,0.014245651
181,98,0.011942572
181,99,0.013298647
181,100,0.015373563
181,101,0.012173888
181,102,0.013910587
181,103,0.012754029
181,104,0.013136277
181,105,0.013620185
181,106,0.014924978
181,107,0.015923141
181,108,0.014154981
181,109,0.01255971
181,110,0.014607775
181,111,0.011788991
181,112,0.011319451
181,113,0.013152138
181,114,0.010987654
181,115,0.010829222
181,116,0.013549526
181,117,0.013390045
181,118,0.014202287
181,119,0.010998679
181,120,0.009850264
181,121,0.010120401
181,122,0.007793901
181,123,0.007660295
181,124,0.007356833
181,125,0.009381769
181,126,0.006593534
181,127,0.007233961
181,128,0.006275969
181,129,0.005436799
181,130,0.007532934
181,131,0.006384594
181,132,0.005248097
181,133,0.006717994
181,134,0.005841699
181,135,0.005674018
181,136,0.004850946
181,137,0.004403534
181,138,0.004060584
181,139,0.003369023
181,140,0.003746381
181,141,0.003692055
181,142,0.003868951
181,143,0.001814017
181,144,0.002176697
181,145,0.002217405
181,146,0.001987955
181,147,0.001947527
181,148,0.002026584
181,149,0.001219347
181,150,0.001222852
181,151,0.001994979
181,152,0.001070855
181,153,0.000998209
181,154,0.00067865
181,155,0.000620561
181,156,0.000415235
181,157,0.000203232
181,158,2.40769E-05
181,159,4.16711E-29
181,160,3.78351E-29
181,161,4.79634E-29
181,162,3.72382E-29
181,163,3.21145E-29
181,164,3.38438E-29
181,165,3.20027E-29
181,166,4.48114E-29
181,167,3.12903E-29
181,168,3.30392E-29
181,169,2.78409E-29
181,170,3.29604E-29
181,171,2.70498E-29
181,172,2.68127E-29
181,173,3.48931E-29
181,174,2.41622E-29
181,175,2.42476E-29
181,176,2.58109E-29
181,177,2.50642E-29
181,178,2.68276E-29
181,179,2.30575E-29
181,180,2.07312E-29
181,181,3.54054E-29
181,182,1.96142E-29
181,183,1.65152E-29
181,184,1.75955E-29
181,185,1.76881E-29
181,186,1.80861E-29
181,187,1.93945E-29
181,188,2.01086E-29
181,189,2.12994E-29
181,190,2.21954E-29
181,191,1.71362E-29
181,192,1.58707E-29
181,193,1.64672E-29
181,194,1.65492E-29
181,195,1.72679E-29
181,196,1.33769E-29
181,197,1.1819E-29
181,198,1.19594E-29
181,199,9.79577E-30
182,0,1.08482E-29
182,1,1.22463E-29
182,2,1.18536E-29
182,3,1.20257E-29
182,4,1.04055E-29
182,5,1.06636E-29
182,6,1.06278E-29
182,7,1.11375E-29
182,8,1.53773E-29
182,9,1.42876E-29
182,10,1.49299E-29
182,11,1.59791E-29
182,12,1.24717E-29
182,13,1.24935E-29
182,14,1.44458E-29
182,15,1.59319E-29
182,16,1.75536E-29
182,17,1.46701E-29
182,18,1.65459E-29
182,19,2.54249E-29
182,20,2.25438E-29
182,21,2.28838E-29
182,22,2.24039E-29
182,23,2.13603E-29
182,24,2.32191E-29
182,25,2.19916E-29
182,26,2.54411E-29
182,27,2.39904E-29
182,28,3.06863E-29
182,29,4.61433E-29
182,30,2.77014E-29
182,31,3.49657E-29
182,32,3.97807E-29
182,33,4.00178E-29
182,34,3.85458E-29
182,35,3.87004E-29
182,36,3.12332E-29
182,37,3.42573E-29
182,38,3.42933E-29
182,39,3.42488E-29
182,40,5.6674E-29
182,41,3.74445E-29
182,42,1.18866E-06
182,43,0.000120684
182,44,0.000303607
182,45,0.000629724
182,46,0.000668856
182,47,0.000715463
182,48,0.000850883
182,49,0.001009248
182,50,0.001809411
182,51,0.003167013
182,52,0.001729971
182,53,0.002287555
182,54,0.001941751
182,55,0.002780512
182,56,0.002311475
182,57,0.002981433
182,58,0.004803366
182,59,0.00264089
182,60,0.003755037
182,61,0.003311849
182,62,0.003686774
182,63,0.004396534
182,64,0.005188172
182,65,0.00576427
182,66,0.005783914
182,67,0.006210147
182,68,0.004393934
182,69,0.004940534
182,70,0.004695783
182,71,0.007249149
182,72,0.005325406
182,73,0.00735354
182,74,0.008476971
182,75,0.008144828
182,76,0.010835043
182,77,0.008132005
182,78,0.009095188
182,79,0.009768666
182,80,0.010500529
182,81,0.012236698
182,82,0.009303449
182,83,0.013070951
182,84,0.010796254
182,85,0.014319807
182,86,0.012772139
182,87,0.012915353
182,88,0.016258255
182,89,0.011652058
182,90,0.014960787
182,91,0.013539921
182,92,0.014190374
182,93,0.015983079
182,94,0.01225318
182,95,0.014750748
182,96,0.018662315
182,97,0.012734344
182,98,0.012852124
182,99,0.011008095
182,100,0.013323526
182,101,0.015146646
182,102,0.015467421
182,103,0.013870198
182,104,0.012357839
182,105,0.012764707
182,106,0.016954778
182,107,0.015776033
182,108,0.012113348
182,109,0.01076731
182,110,0.012538732
182,111,0.012837739
182,112,0.011921343
182,113,0.012565561
182,114,0.010487715
182,115,0.009679891
182,116,0.012367292
182,117,0.011272908
182,118,0.009461017
182,119,0.010235841
182,120,0.009000434
182,121,0.009680156
182,122,0.00899565
182,123,0.009498321
182,124,0.008752784
182,125,0.006749416
182,126,0.005876973
182,127,0.00660846
182,128,0.004962057
182,129,0.006469211
182,130,0.005789162
182,131,0.006451431
182,132,0.005112086
182,133,0.006330763
182,134,0.00655595
182,135,0.004901906
182,136,0.005560724
182,137,0.004404229
182,138,0.004153713
182,139,0.007519316
182,140,0.003781231
182,141,0.002661547
182,142,0.002518627
182,143,0.003415867
182,144,0.002781618
182,145,0.00181344
182,146,0.001513691
182,147,0.001457583
182,148,0.00147002
182,149,0.001156971
182,150,0.001078867
182,151,0.000952546
182,152,0.00098224
182,153,0.000725571
182,154,0.000621168
182,155,0.000441825
182,156,0.000112221
182,157,2.61305E-06
182,158,4.91254E-29
182,159,4.95014E-29
182,160,4.22969E-29
182,161,4.62651E-29
182,162,3.9479E-29
182,163,3.07993E-29
182,164,3.28135E-29
182,165,3.85726E-29
182,166,3.24173E-29
182,167,2.96223E-29
182,168,2.98018E-29
182,169,2.7221E-29
182,170,2.41656E-29
182,171,2.74647E-29
182,172,2.11955E-29
182,173,2.37706E-29
182,174,2.86693E-29
182,175,1.8884E-29
182,176,1.51956E-29
182,177,2.04064E-29
182,178,2.18403E-29
182,179,2.1575E-29
182,180,1.80217E-29
182,181,3.36044E-29
182,182,1.43258E-29
182,183,1.56344E-29
182,184,1.25737E-29
182,185,1.55452E-29
182,186,1.45452E-29
182,187,1.38825E-29
182,188,1.46472E-29
182,189,1.81483E-29
182,190,1.55035E-29
182,191,1.81397E-29
182,192,1.52231E-29
182,193,1.16472E-29
182,194,1.17443E-29
182,195,1.27152E-29
182,196,1.56593E-29
182,197,1.65676E-29
182,198,1.85635E-29
182,199,1.51031E-29
183,0,1.10724E-29
183,1,1.1875E-29
183,2,1.19923E-29
183,3,1.01811E-29
183,4,1.4049E-29
183,5,1.36765E-29
183,6,1.38516E-29
183,7,1.60079E-29
183,8,1.135E-29
183,9,1.24147E-29
183,10,1.41086E-29
183,11,1.163E-29
183,12,1.23642E-29
183,13,1.37364E-29
183,14,1.57377E-29
183,15,1.65127E-29
183,16,1.5186E-29
183,17,1.8223E-29
183,18,2.31552E-29
183,19,2.42379E-29
183,20,2.2985E-29
183,21,2.30481E-29
183,22,2.45561E-29
183,23,2.50117E-29
183,24,2.51299E-29
183,25,2.77601E-29
183,26,2.07368E-29
183,27,3.02881E-29
183,28,3.84487E-29
183,29,5.21857E-29
183,30,3.54922E-29
183,31,3.00953E-29
183,32,2.82656E-29
183,33,2.5781E-29
183,34,3.06638E-29
183,35,3.27945E-29
183,36,3.11475E-29
183,37,3.74457E-29
183,38,3.51867E-29
183,39,4.34123E-29
183,40,5.373E-29
183,41,4.70757E-29
183,42,6.36739E-29
183,43,4.61138E-29
183,44,5.43028E-05
183,45,0.000273676
183,46,0.000490204
183,47,0.000585837
183,48,0.000740388
183,49,0.001134629
183,50,0.001085072
183,51,0.002059469
183,52,0.004291661
183,53,0.002349595
183,54,0.001679001
183,55,0.003682284
183,56,0.003317069
183,57,0.003016451
183,58,0.002241225
183,59,0.002047173
183,60,0.003138797
183,61,0.002786057
183,62,0.002973093
183,63,0.003888912
183,64,0.004345192
183,65,0.004066821
183,66,0.006974628
183,67,0.005587405
183,68,0.006173534
183,69,0.004593104
183,70,0.004626984
183,71,0.00650422
183,72,0.007504492
183,73,0.006198607
183,74,0.008061839
183,75,0.00884411
183,76,0.00959912
183,77,0.009967799
183,78,0.007856481
183,79,0.01036757
183,80,0.00962185
183,81,0.011352394
183,82,0.00937039
183,83,0.014538219
183,84,0.009763429
183,85,0.009647559
183,86,0.009357308
183,87,0.012080848
183,88,0.012094852
183,89,0.012294176
183,90,0.013125773
183,91,0.015361864
183,92,0.016236032
183,93,0.015039787
183,94,0.015540696
183,95,0.010964996
183,96,0.016297675
183,97,0.014930029
183,98,0.013073809
183,99,0.015877902
183,100,0.015713249
183,101,0.015896518
183,102,0.017343759
183,103,0.012127974
183,104,0.011755596
183,105,0.011595605
183,106,0.01502804
183,107,0.012505449
183,108,0.01267652
183,109,0.012276516
183,110,0.011658957
183,111,0.010444428
183,112,0.009884394
183,113,0.009010511
183,114,0.011962575
183,115,0.008749212
183,116,0.009803536
183,117,0.011485744
183,118,0.009013686
183,119,0.009068701
183,120,0.009167189
183,121,0.007999226
183,122,0.006540211
183,123,0.006129084
183,124,0.006847745
183,125,0.009265987
183,126,0.005914488
183,127,0.005687812
183,128,0.005691324
183,129,0.004553481
183,130,0.004428497
183,131,0.006044103
183,132,0.004414726
183,133,0.007344409
183,134,0.006066373
183,135,0.004272846
183,136,0.007141042
183,137,0.004609215
183,138,0.004484394
183,139,0.003077549
183,140,0.005420521
183,141,0.004822333
183,142,0.002926283
183,143,0.001939327
183,144,0.002366698
183,145,0.00179377
183,146,0.001840136
183,147,0.001321326
183,148,0.001440857
183,149,0.001701755
183,150,0.001003455
183,151,0.000783064
183,152,0.000694257
183,153,0.000557766
183,154,0.00031518
183,155,3.24619E-05
183,156,3.96908E-29
183,157,1.01367E-28
183,158,4.16693E-29
183,159,4.30605E-29
183,160,4.80893E-29
183,161,3.59276E-29
183,162,4.08364E-29
183,163,3.9765E-29
183,164,3.11323E-29
183,165,4.51988E-29
183,166,2.79607E-29
183,167,2.99226E-29
183,168,3.23339E-29
183,169,2.83899E-29
183,170,2.88526E-29
183,171,2.81583E-29
183,172,2.52711E-29
183,173,2.22308E-29
183,174,2.48368E-29
183,175,2.56952E-29
183,176,1.52194E-29
183,177,1.55049E-29
183,178,1.88117E-29
183,179,2.22725E-29
183,180,1.83857E-29
183,181,3.42711E-29
183,182,1.735E-29
183,183,1.41174E-29
183,184,1.3209E-29
183,185,1.25133E-29
183,186,1.51858E-29
183,187,1.4859E-29
183,188,1.51047E-29
183,189,1.40273E-29
183,190,1.74154E-29
183,191,1.58688E-29
183,192,1.62337E-29
183,193,1.60847E-29
183,194,1.34078E-29
183,195,1.10595E-29
183,196,1.27177E-29
183,197,1.1161E-29
183,198,1.24553E-29
183,199,1.56816E-29
184,0,1.36569E-29
184,1,1.48317E-29
184,2,1.22956E-29
184,3,1.09747E-29
184,4,1.23957E-29
184,5,1.1175E-29
184,6,1.20894E-29
184,7,1.05049E-29
184,8,1.09886E-29
184,9,1.33799E-29
184,10,1.21516E-29
184,11,1.19874E-29
184,12,1.1295E-29
184,13,1.45335E-29
184,14,1.8218E-29
184,15,2.00957E-29
184,16,1.92565E-29
184,17,2.33436E-29
184,18,2.5127E-29
184,19,2.43232E-29
184,20,2.0444E-29
184,21,2.00369E-29
184,22,2.14613E-29
184,23,2.39372E-29
184,24,3.02167E-29
184,25,3.24011E-29
184,26,3.46679E-29
184,27,3.58541E-29
184,28,2.77223E-29
184,29,3.82177E-29
184,30,2.37413E-29
184,31,2.62873E-29
184,32,2.56865E-29
184,33,2.63157E-29
184,34,3.29785E-29
184,35,3.18511E-29
184,36,3.51985E-29
184,37,3.83583E-29
184,38,4.18583E-29
184,39,4.35682E-29
184,40,5.12574E-29
184,41,5.38788E-29
184,42,4.45569E-29
184,43,4.46053E-29
184,44,5.09945E-29
184,45,4.3354E-06
184,46,0.000127245
184,47,0.000370728
184,48,0.000715806
184,49,0.001237911
184,50,0.000974673
184,51,0.001371738
184,52,0.001445191
184,53,0.001931791
184,54,0.001927028
184,55,0.001974217
184,56,0.001723194
184,57,0.002204437
184,58,0.002499472
184,59,0.002692808
184,60,0.004395966
184,61,0.003422287
184,62,0.004309171
184,63,0.003652594
184,64,0.003120608
184,65,0.004720915
184,66,0.006195455
184,67,0.008552971
184,68,0.006655928
184,69,0.005117567
184,70,0.006260222
184,71,0.006796503
184,72,0.006840965
184,73,0.007233522
184,74,0.008423327
184,75,0.008065235
184,76,0.008339023
184,77,0.009110356
184,78,0.00759647
184,79,0.008065253
184,80,0.014230965
184,81,0.011352335
184,82,0.011340393
184,83,0.012103475
184,84,0.008455556
184,85,0.010426727
184,86,0.010432394
184,87,0.011170879
184,88,0.012893095
184,89,0.012583633
184,90,0.012242132
184,91,0.013334488
184,92,0.014534467
184,93,0.012409399
184,94,0.012357517
184,95,0.012611333
184,96,0.015415881
184,97,0.015303777
184,98,0.013684856
184,99,0.013812178
184,100,0.015206912
184,101,0.01215594
184,102,0.013731572
184,103,0.012091043
184,104,0.012193903
184,105,0.010276967
184,106,0.013141086
184,107,0.011266815
184,108,0.014626879
184,109,0.015655386
184,110,0.012378577
184,111,0.010777866
184,112,0.010840199
184,113,0.012072106
184,114,0.011963784
184,115,0.009814295
184,116,0.008586032
184,117,0.009027067
184,118,0.010833341
184,119,0.011059891
184,120,0.008092189
184,121,0.008138159
184,122,0.006549669
184,123,0.00746783
184,124,0.008014763
184,125,0.008813081
184,126,0.006903384
184,127,0.008114882
184,128,0.005572524
184,129,0.005219431
184,130,0.004654014
184,131,0.005013644
184,132,0.005251584
184,133,0.007695687
184,134,0.006263126
184,135,0.004195642
184,136,0.003672665
184,137,0.003638093
184,138,0.00335904
184,139,0.002636527
184,140,0.002687533
184,141,0.002689765
184,142,0.003325661
184,143,0.002556646
184,144,0.001851364
184,145,0.002332861
184,146,0.00165959
184,147,0.001937235
184,148,0.001269967
184,149,0.001078088
184,150,0.000768321
184,151,0.000533738
184,152,0.000336443
184,153,0.000164506
184,154,3.20466E-06
184,155,4.37126E-29
184,156,4.56728E-29
184,157,9.90845E-29
184,158,4.54682E-29
184,159,3.50963E-29
184,160,4.7725E-29
184,161,4.15034E-29
184,162,4.3887E-29
184,163,3.60432E-29
184,164,3.8437E-29
184,165,4.87858E-29
184,166,3.15272E-29
184,167,2.90594E-29
184,168,3.17136E-29
184,169,2.64803E-29
184,170,2.87394E-29
184,171,2.64033E-29
184,172,2.72261E-29
184,173,2.26438E-29
184,174,2.45984E-29
184,175,2.49503E-29
184,176,2.37144E-29
184,177,1.50242E-29
184,178,1.72737E-29
184,179,1.99367E-29
184,180,2.15944E-29
184,181,2.15931E-29
184,182,2.88111E-29
184,183,1.75106E-29
184,184,1.67498E-29
184,185,1.35462E-29
184,186,1.39045E-29
184,187,1.56655E-29
184,188,1.53091E-29
184,189,1.27702E-29
184,190,1.54145E-29
184,191,1.50356E-29
184,192,1.56167E-29
184,193,1.39129E-29
184,194,1.54588E-29
184,195,1.59524E-29
184,196,1.29077E-29
184,197,1.15929E-29
184,198,9.40088E-30
184,199,1.23027E-29
185,0,1.25236E-29
185,1,8.86096E-30
185,2,9.66407E-30
185,3,1.07933E-29
185,4,1.23351E-29
185,5,1.07993E-29
185,6,1.11115E-29
185,7,1.08727E-29
185,8,1.51054E-29
185,9,1.49363E-29
185,10,1.39728E-29
185,11,1.47854E-29
185,12,1.80486E-29
185,13,1.77475E-29
185,14,1.85614E-29
185,15,1.69322E-29
185,16,1.94916E-29
185,17,2.20928E-29
185,18,2.05678E-29
185,19,1.76058E-29
185,20,2.8618E-29
185,21,2.7446E-29
185,22,3.41539E-29
185,23,3.08882E-29
185,24,2.58328E-29
185,25,2.36668E-29
185,26,2.46064E-29
185,27,2.73397E-29
185,28,2.37793E-29
185,29,3.67744E-29
185,30,2.46295E-29
185,31,2.82336E-29
185,32,3.08292E-29
185,33,3.68734E-29
185,34,3.61645E-29
185,35,3.44054E-29
185,36,3.41722E-29
185,37,3.44076E-29
185,38,3.84468E-29
185,39,4.25794E-29
185,40,4.638E-29
185,41,5.8536E-29
185,42,4.08567E-29
185,43,4.84455E-29
185,44,5.00121E-29
185,45,5.06302E-29
185,46,4.73596E-29
185,47,2.96959E-05
185,48,0.000420967
185,49,0.000519454
185,50,0.000841081
185,51,0.00094526
185,52,0.001103956
185,53,0.00149589
185,54,0.001983588
185,55,0.001902562
185,56,0.002094412
185,57,0.002505523
185,58,0.002515861
185,59,0.00379315
185,60,0.004807795
185,61,0.004192287
185,62,0.004272005
185,63,0.003058084
185,64,0.004429856
185,65,0.003596465
185,66,0.006244422
185,67,0.007088515
185,68,0.0056147
185,69,0.005573415
185,70,0.005635718
185,71,0.005427486
185,72,0.005878155
185,73,0.006117188
185,74,0.006402874
185,75,0.009464175
185,76,0.009641244
185,77,0.012615617
185,78,0.00773109
185,79,0.009165551
185,80,0.00876077
185,81,0.010571176
185,82,0.010879864
185,83,0.011491475
185,84,0.009693947
185,85,0.010483223
185,86,0.0115473
185,87,0.01295085
185,88,0.011936513
185,89,0.01040253
185,90,0.012164946
185,91,0.011037902
185,92,0.01191428
185,93,0.013910626
185,94,0.012390276
185,95,0.011845838
185,96,0.013778239
185,97,0.015286468
185,98,0.014088594
185,99,0.010896679
185,100,0.013263578
185,101,0.013749035
185,102,0.010898045
185,103,0.013960655
185,104,0.01312767
185,105,0.010853875
185,106,0.012776577
185,107,0.012293377
185,108,0.015218971
185,109,0.011926642
185,110,0.013922196
185,111,0.010806342
185,112,0.014236287
185,113,0.011359804
185,114,0.009485438
185,115,0.00768053
185,116,0.00984203
185,117,0.00965805
185,118,0.008875916
185,119,0.011178024
185,120,0.009653271
185,121,0.010235742
185,122,0.006092585
185,123,0.006620109
185,124,0.010945578
185,125,0.007790869
185,126,0.007828973
185,127,0.009001515
185,128,0.00702051
185,129,0.005312249
185,130,0.00500798
185,131,0.004732206
185,132,0.004136304
185,133,0.004301365
185,134,0.005358398
185,135,0.003856931
185,136,0.003581456
185,137,0.002952007
185,138,0.003309979
185,139,0.004161895
185,140,0.00454808
185,141,0.00339415
185,142,0.002966668
185,143,0.001715758
185,144,0.001524008
185,145,0.00264088
185,146,0.001412584
185,147,0.001091306
185,148,0.000968409
185,149,0.00089444
185,150,0.000521349
185,151,0.000201634
185,152,2.53425E-05
185,153,6.57912E-29
185,154,8.20421E-29
185,155,6.23941E-29
185,156,4.46586E-29
185,157,1.00458E-28
185,158,4.8108E-29
185,159,4.07109E-29
185,160,3.90954E-29
185,161,4.40557E-29
185,162,4.55323E-29
185,163,3.90853E-29
185,164,3.3616E-29
185,165,4.50458E-29
185,166,3.24498E-29
185,167,3.31126E-29
185,168,3.03742E-29
185,169,2.85038E-29
185,170,2.66766E-29
185,171,2.79177E-29
185,172,2.65091E-29
185,173,2.53569E-29
185,174,2.10771E-29
185,175,2.5081E-29
185,176,2.46415E-29
185,177,2.02131E-29
185,178,1.4375E-29
185,179,1.67516E-29
185,180,2.05093E-29
185,181,1.8301E-29
185,182,3.37854E-29
185,183,1.43224E-29
185,184,1.40384E-29
185,185,1.54483E-29
185,186,1.52184E-29
185,187,1.4722E-29
185,188,1.52182E-29
185,189,1.58404E-29
185,190,1.32905E-29
185,191,1.35199E-29
185,192,1.47047E-29
185,193,1.48338E-29
185,194,1.12597E-29
185,195,1.40235E-29
185,196,1.50368E-29
185,197,1.58514E-29
185,198,1.14249E-29
185,199,9.74902E-30
186,0,1.01509E-29
186,1,1.06413E-29
186,2,1.10568E-29
186,3,1.22589E-29
186,4,1.39222E-29
186,5,1.36099E-29
186,6,1.36456E-29
186,7,1.58585E-29
186,8,1.62048E-29
186,9,1.23033E-29
186,10,1.05192E-29
186,11,1.39344E-29
186,12,1.57677E-29
186,13,1.61333E-29
186,14,1.73476E-29
186,15,1.78818E-29
186,16,2.87413E-29
186,17,2.70661E-29
186,18,2.80663E-29
186,19,2.95949E-29
186,20,2.10172E-29
186,21,2.60213E-29
186,22,2.12442E-29
186,23,2.22274E-29
186,24,2.31282E-29
186,25,2.14108E-29
186,26,2.55506E-29
186,27,2.5761E-29
186,28,2.23971E-29
186,29,3.93871E-29
186,30,2.72965E-29
186,31,2.93666E-29
186,32,2.86214E-29
186,33,3.10562E-29
186,34,3.14868E-29
186,35,3.05827E-29
186,36,3.57417E-29
186,37,3.78157E-29
186,38,3.74722E-29
186,39,5.0959E-29
186,40,4.23649E-29
186,41,5.8687E-29
186,42,4.50725E-29
186,43,5.00119E-29
186,44,5.09995E-29
186,45,4.63391E-29
186,46,5.26742E-29
186,47,7.39349E-29
186,48,1.11265E-28
186,49,8.96565E-05
186,50,0.000404167
186,51,0.000639983
186,52,0.000889143
186,53,0.000871142
186,54,0.001157058
186,55,0.001458131
186,56,0.001582258
186,57,0.002286498
186,58,0.001798099
186,59,0.003232055
186,60,0.003165864
186,61,0.002878054
186,62,0.003047597
186,63,0.003810552
186,64,0.00327938
186,65,0.004152958
186,66,0.004711975
186,67,0.006446058
186,68,0.004536612
186,69,0.004405043
186,70,0.005668549
186,71,0.00580246
186,72,0.005838871
186,73,0.006100394
186,74,0.008117665
186,75,0.007179709
186,76,0.010017846
186,77,0.009478263
186,78,0.006758508
186,79,0.007457037
186,80,0.007474665
186,81,0.008253982
186,82,0.01049399
186,83,0.008938335
186,84,0.013255874
186,85,0.011243151
186,86,0.011498927
186,87,0.010244806
186,88,0.011243671
186,89,0.00992875
186,90,0.011500023
186,91,0.010555196
186,92,0.011496114
186,93,0.01338776
186,94,0.014324365
186,95,0.012867851
186,96,0.013559408
186,97,0.013156368
186,98,0.014257373
186,99,0.013281615
186,100,0.011556067
186,101,0.013556759
186,102,0.012945642
186,103,0.013028308
186,104,0.014792893
186,105,0.012295103
186,106,0.015017628
186,107,0.013670381
186,108,0.010593549
186,109,0.014424997
186,110,0.012101433
186,111,0.009458588
186,112,0.013955615
186,113,0.014534426
186,114,0.010308244
186,115,0.009586154
186,116,0.00910626
186,117,0.007725768
186,118,0.009373771
186,119,0.008746283
186,120,0.009473982
186,121,0.008090798
186,122,0.006055239
186,123,0.006221117
186,124,0.008014827
186,125,0.006350608
186,126,0.006861596
186,127,0.006089021
186,128,0.007138822
186,129,0.005116655
186,130,0.004849845
186,131,0.005442873
186,132,0.005526645
186,133,0.00637152
186,134,0.004622711
186,135,0.003166767
186,136,0.004319348
186,137,0.003233412
186,138,0.004227876
186,139,0.004498009
186,140,0.003327806
186,141,0.005368011
186,142,0.004958379
186,143,0.001687773
186,144,0.001379323
186,145,0.001566948
186,146,0.000870961
186,147,0.000952303
186,148,0.000762423
186,149,0.000456164
186,150,9.51712E-05
186,151,1.02986E-07
186,152,4.93357E-29
186,153,7.24865E-29
186,154,5.22045E-29
186,155,6.3747E-29
186,156,6.92059E-29
186,157,1.0148E-28
186,158,4.27605E-29
186,159,4.25793E-29
186,160,3.78981E-29
186,161,3.83863E-29
186,162,4.14712E-29
186,163,3.90339E-29
186,164,3.92654E-29
186,165,4.42335E-29
186,166,2.99121E-29
186,167,3.03179E-29
186,168,3.14448E-29
186,169,3.04769E-29
186,170,2.85134E-29
186,171,2.61604E-29
186,172,2.74321E-29
186,173,2.4729E-29
186,174,2.56061E-29
186,175,2.15287E-29
186,176,2.40487E-29
186,177,2.36007E-29
186,178,2.05471E-29
186,179,1.48037E-29
186,180,1.70036E-29
186,181,2.10676E-29
186,182,3.22822E-29
186,183,1.62594E-29
186,184,1.46443E-29
186,185,1.25376E-29
186,186,1.30152E-29
186,187,1.43293E-29
186,188,1.69521E-29
186,189,1.57982E-29
186,190,1.3582E-29
186,191,1.53721E-29
186,192,1.0844E-29
186,193,1.53539E-29
186,194,1.35983E-29
186,195,1.08559E-29
186,196,1.41481E-29
186,197,1.41285E-29
186,198,1.5026E-29
186,199,1.2114E-29
187,0,9.43706E-30
187,1,1.23278E-29
187,2,1.22571E-29
187,3,1.11274E-29
187,4,1.35118E-29
187,5,1.18068E-29
187,6,1.3223E-29
187,7,1.39494E-29
187,8,1.08389E-29
187,9,1.00173E-29
187,10,1.42958E-29
187,11,1.55344E-29
187,12,2.13713E-29
187,13,2.23371E-29
187,14,2.76057E-29
187,15,2.9555E-29
187,16,1.98582E-29
187,17,2.1705E-29
187,18,1.98753E-29
187,19,2.07276E-29
187,20,1.91713E-29
187,21,2.23942E-29
187,22,1.98731E-29
187,23,2.30992E-29
187,24,2.09814E-29
187,25,2.31977E-29
187,26,2.76073E-29
187,27,2.3572E-29
187,28,2.45384E-29
187,29,3.42852E-29
187,30,3.71967E-29
187,31,2.90141E-29
187,32,3.27775E-29
187,33,3.17404E-29
187,34,3.18583E-29
187,35,3.32881E-29
187,36,3.74949E-29
187,37,3.90807E-29
187,38,3.76261E-29
187,39,5.31017E-29
187,40,4.34737E-29
187,41,5.49624E-29
187,42,4.35636E-29
187,43,5.89359E-29
187,44,6.59598E-29
187,45,6.49494E-29
187,46,7.3102E-29
187,47,5.73632E-29
187,48,6.65898E-29
187,49,1.21475E-28
187,50,3.79979E-06
187,51,0.000147221
187,52,0.000467517
187,53,0.000596546
187,54,0.000921877
187,55,0.002229561
187,56,0.001640122
187,57,0.001657289
187,58,0.001850478
187,59,0.003935019
187,60,0.002419593
187,61,0.003109164
187,62,0.005371641
187,63,0.003721975
187,64,0.002962697
187,65,0.004401883
187,66,0.004140015
187,67,0.006082461
187,68,0.005245214
187,69,0.004221024
187,70,0.005267807
187,71,0.006595459
187,72,0.006216397
187,73,0.006686914
187,74,0.007883036
187,75,0.006832942
187,76,0.009109613
187,77,0.008529603
187,78,0.006586267
187,79,0.007757585
187,80,0.009459
187,81,0.009857035
187,82,0.008511938
187,83,0.008635925
187,84,0.014283713
187,85,0.015354934
187,86,0.009213189
187,87,0.010097008
187,88,0.01376976
187,89,0.011832325
187,90,0.01103805
187,91,0.011197815
187,92,0.011870391
187,93,0.011148283
187,94,0.011396904
187,95,0.013155695
187,96,0.011784884
187,97,0.013020813
187,98,0.012729527
187,99,0.014550423
187,100,0.011554162
187,101,0.015597176
187,102,0.01422796
187,103,0.014722357
187,104,0.011719551
187,105,0.013501704
187,106,0.011011966
187,107,0.012528628
187,108,0.01163154
187,109,0.011414693
187,110,0.014205335
187,111,0.011780601
187,112,0.012316586
187,113,0.013655541
187,114,0.011030761
187,115,0.010433619
187,116,0.00989761
187,117,0.008981807
187,118,0.009955683
187,119,0.010214021
187,120,0.00907737
187,121,0.009892941
187,122,0.006945205
187,123,0.006747248
187,124,0.007924192
187,125,0.00997403
187,126,0.007836547
187,127,0.006707141
187,128,0.005810884
187,129,0.005265752
187,130,0.004850423
187,131,0.004913302
187,132,0.004299509
187,133,0.004580285
187,134,0.006991943
187,135,0.003638277
187,136,0.003804222
187,137,0.003565929
187,138,0.002581174
187,139,0.002531366
187,140,0.002230885
187,141,0.002150832
187,142,0.00188277
187,143,0.001503828
187,144,0.001198342
187,145,0.001252399
187,146,0.000733014
187,147,0.000458661
187,148,0.000121143
187,149,5.97893E-06
187,150,6.14905E-29
187,151,5.45005E-29
187,152,5.15626E-29
187,153,7.22406E-29
187,154,4.93791E-29
187,155,4.54109E-29
187,156,4.88694E-29
187,157,1.32688E-28
187,158,4.94985E-29
187,159,4.28725E-29
187,160,4.00775E-29
187,161,4.03761E-29
187,162,4.19101E-29
187,163,3.49662E-29
187,164,4.99219E-29
187,165,4.19214E-29
187,166,2.98633E-29
187,167,2.74726E-29
187,168,3.25826E-29
187,169,2.69793E-29
187,170,2.66694E-29
187,171,3.04221E-29
187,172,2.61567E-29
187,173,2.55925E-29
187,174,2.42452E-29
187,175,2.25691E-29
187,176,2.267E-29
187,177,2.15691E-29
187,178,2.1666E-29
187,179,2.03019E-29
187,180,1.77623E-29
187,181,1.71347E-29
187,182,3.52742E-29
187,183,1.63702E-29
187,184,1.49954E-29
187,185,1.33605E-29
187,186,1.14778E-29
187,187,1.36748E-29
187,188,1.31678E-29
187,189,1.61387E-29
187,190,1.66951E-29
187,191,1.44787E-29
187,192,1.42735E-29
187,193,1.15047E-29
187,194,1.56115E-29
187,195,1.23427E-29
187,196,1.072E-29
187,197,1.35274E-29
187,198,1.47017E-29
187,199,1.27325E-29
188,0,1.24643E-29
188,1,1.22636E-29
188,2,1.00066E-29
188,3,1.14084E-29
188,4,1.35177E-29
188,5,1.20317E-29
188,6,1.28056E-29
188,7,1.16553E-29
188,8,1.51855E-29
188,9,2.07248E-29
188,10,2.3055E-29
188,11,2.45229E-29
188,12,1.53175E-29
188,13,1.68642E-29
188,14,2.5005E-29
188,15,1.89304E-29
188,16,2.17546E-29
188,17,1.92508E-29
188,18,2.05436E-29
188,19,1.94753E-29
188,20,2.25747E-29
188,21,2.21172E-29
188,22,2.40959E-29
188,23,2.30613E-29
188,24,2.45873E-29
188,25,2.77499E-29
188,26,2.45811E-29
188,27,2.61095E-29
188,28,2.4773E-29
188,29,2.81239E-29
188,30,4.0101E-29
188,31,3.18976E-29
188,32,2.93003E-29
188,33,2.92789E-29
188,34,2.94776E-29
188,35,3.47312E-29
188,36,3.9667E-29
188,37,3.64298E-29
188,38,3.90211E-29
188,39,6.34374E-29
188,40,6.77787E-29
188,41,5.33452E-29
188,42,6.33752E-29
188,43,5.8511E-29
188,44,5.24978E-29
188,45,5.32728E-29
188,46,5.9476E-29
188,47,7.21099E-29
188,48,8.57306E-29
188,49,8.85558E-29
188,50,6.42296E-29
188,51,7.24973E-29
188,52,1.12276E-05
188,53,0.000160827
188,54,0.000493431
188,55,0.000890701
188,56,0.001296757
188,57,0.001286231
188,58,0.001616427
188,59,0.002884597
188,60,0.00266717
188,61,0.00240807
188,62,0.002951134
188,63,0.002957668
188,64,0.003644869
188,65,0.004512917
188,66,0.003683276
188,67,0.006249693
188,68,0.005382268
188,69,0.004121515
188,70,0.004744819
188,71,0.003835349
188,72,0.006699718
188,73,0.006297647
188,74,0.00754364
188,75,0.008430334
188,76,0.007079838
188,77,0.007181445
188,78,0.00542383
188,79,0.008327148
188,80,0.008639186
188,81,0.009207551
188,82,0.010587848
188,83,0.011638311
188,84,0.009657222
188,85,0.012003076
188,86,0.011456644
188,87,0.013557037
188,88,0.011979652
188,89,0.010168787
188,90,0.009499613
188,91,0.011408503
188,92,0.009936344
188,93,0.010345998
188,94,0.014497054
188,95,0.012075123
188,96,0.010442569
188,97,0.01158687
188,98,0.014467556
188,99,0.013115873
188,100,0.011617756
188,101,0.01317761
188,102,0.010115761
188,103,0.013419892
188,104,0.010456974
188,105,0.01175808
188,106,0.011241536
188,107,0.012323069
188,108,0.011523151
188,109,0.009552414
188,110,0.011629482
188,111,0.012530606
188,112,0.009994296
188,113,0.009910368
188,114,0.010464799
188,115,0.008505218
188,116,0.007395664
188,117,0.007534505
188,118,0.008778872
188,119,0.010742744
188,120,0.009742201
188,121,0.00840796
188,122,0.007641711
188,123,0.007538084
188,124,0.005698795
188,125,0.006810204
188,126,0.005961136
188,127,0.005735502
188,128,0.005582295
188,129,0.004763042
188,130,0.006269778
188,131,0.004255042
188,132,0.003651123
188,133,0.004234342
188,134,0.004955831
188,135,0.004178997
188,136,0.002440581
188,137,0.002385368
188,138,0.002431818
188,139,0.002874712
188,140,0.00263541
188,141,0.001509291
188,142,0.001385904
188,143,0.001225926
188,144,0.000962049
188,145,0.000578084
188,146,0.000185489
188,147,1.41034E-05
188,148,7.48815E-29
188,149,5.59965E-29
188,150,5.87315E-29
188,151,5.71338E-29
188,152,7.20402E-29
188,153,5.23254E-29
188,154,4.98651E-29
188,155,4.73019E-29
188,156,4.3691E-29
188,157,1.05758E-28
188,158,6.72022E-29
188,159,5.75056E-29
188,160,3.85558E-29
188,161,3.85431E-29
188,162,4.44268E-29
188,163,3.26692E-29
188,164,5.04048E-29
188,165,3.56249E-29
188,166,3.94731E-29
188,167,3.08908E-29
188,168,2.85337E-29
188,169,2.7184E-29
188,170,2.78652E-29
188,171,2.67942E-29
188,172,2.82077E-29
188,173,2.80102E-29
188,174,2.57363E-29
188,175,2.38425E-29
188,176,2.2615E-29
188,177,2.19546E-29
188,178,2.1063E-29
188,179,1.9004E-29
188,180,1.92153E-29
188,181,1.81746E-29
188,182,3.61134E-29
188,183,1.74443E-29
188,184,1.67024E-29
188,185,1.58661E-29
188,186,1.20397E-29
188,187,1.09707E-29
188,188,1.34283E-29
188,189,1.46492E-29
188,190,1.50722E-29
188,191,1.48407E-29
188,192,1.59279E-29
188,193,1.14583E-29
188,194,1.34865E-29
188,195,1.43319E-29
188,196,1.12204E-29
188,197,1.13699E-29
188,198,1.29039E-29
188,199,1.3985E-29
189,0,1.22421E-29
189,1,8.57216E-30
189,2,1.0455E-29
189,3,1.17184E-29
189,4,1.49283E-29
189,5,2.12526E-29
189,6,2.24077E-29
189,7,2.09914E-29
189,8,1.72402E-29
189,9,1.41782E-29
189,10,1.7853E-29
189,11,1.4883E-29
189,12,1.78854E-29
189,13,2.74774E-29
189,14,2.00756E-29
189,15,2.18393E-29
189,16,1.94439E-29
189,17,1.78105E-29
189,18,1.83949E-29
189,19,1.94783E-29
189,20,2.44022E-29
189,21,2.0492E-29
189,22,2.16841E-29
189,23,2.43201E-29
189,24,2.22605E-29
189,25,2.64836E-29
189,26,2.41427E-29
189,27,2.44834E-29
189,28,2.66432E-29
189,29,2.63606E-29
189,30,4.70215E-29
189,31,2.9051E-29
189,32,2.93869E-29
189,33,2.84316E-29
189,34,3.50581E-29
189,35,5.28179E-29
189,36,4.96669E-29
189,37,4.73149E-29
189,38,5.56802E-29
189,39,4.89046E-29
189,40,6.80772E-29
189,41,4.74504E-29
189,42,5.28797E-29
189,43,5.58334E-29
189,44,5.44265E-29
189,45,5.71576E-29
189,46,6.3266E-29
189,47,7.45964E-29
189,48,5.68081E-29
189,49,6.80205E-29
189,50,9.40568E-29
189,51,7.26581E-29
189,52,6.41046E-29
189,53,7.14875E-29
189,54,1.82743E-05
189,55,0.000241935
189,56,0.000685571
189,57,0.000925969
189,58,0.001448727
189,59,0.001861976
189,60,0.001651301
189,61,0.002359313
189,62,0.002110325
189,63,0.002914385
189,64,0.002139492
189,65,0.003485691
189,66,0.003025973
189,67,0.003541726
189,68,0.004529996
189,69,0.004159304
189,70,0.004992005
189,71,0.006154642
189,72,0.004876214
189,73,0.005472157
189,74,0.006738223
189,75,0.00676398
189,76,0.006803813
189,77,0.007426703
189,78,0.007434463
189,79,0.010264762
189,80,0.008800114
189,81,0.011368055
189,82,0.007662608
189,83,0.011652522
189,84,0.00949049
189,85,0.010600678
189,86,0.008098635
189,87,0.008769072
189,88,0.00942408
189,89,0.00988026
189,90,0.010958906
189,91,0.012239115
189,92,0.011284839
189,93,0.015117752
189,94,0.010710662
189,95,0.011674762
189,96,0.011475774
189,97,0.012309278
189,98,0.013528643
189,99,0.011828874
189,100,0.012844898
189,101,0.011807961
189,102,0.010796829
189,103,0.01130643
189,104,0.009228749
189,105,0.0119598
189,106,0.011144749
189,107,0.01408209
189,108,0.012087124
189,109,0.009329919
189,110,0.011397127
189,111,0.010697024
189,112,0.010457345
189,113,0.008911197
189,114,0.011983778
189,115,0.009235938
189,116,0.007714095
189,117,0.007467715
189,118,0.009713477
189,119,0.008227563
189,120,0.007509004
189,121,0.007379553
189,122,0.009593078
189,123,0.006968582
189,124,0.006098274
189,125,0.006979184
189,126,0.006460153
189,127,0.006392975
189,128,0.006194226
189,129,0.005748754
189,130,0.004437908
189,131,0.003346877
189,132,0.004870273
189,133,0.003239527
189,134,0.003397865
189,135,0.003543992
189,136,0.003458765
189,137,0.003071179
189,138,0.002265421
189,139,0.00181461
189,140,0.001877178
189,141,0.001099927
189,142,0.001321862
189,143,0.000571531
189,144,0.000283951
189,145,2.87636E-05
189,146,9.29E-29
189,147,1.68783E-28
189,148,7.80751E-29
189,149,6.86378E-29
189,150,7.03493E-29
189,151,7.00282E-29
189,152,8.34411E-29
189,153,5.99028E-29
189,154,5.81096E-29
189,155,6.05251E-29
189,156,5.2501E-29
189,157,1.12238E-28
189,158,5.57893E-29
189,159,7.00772E-29
189,160,7.43299E-29
189,161,4.59336E-29
189,162,5.4903E-29
189,163,4.15745E-29
189,164,5.84319E-29
189,165,4.67501E-29
189,166,4.34211E-29
189,167,4.78712E-29
189,168,4.24157E-29
189,169,3.72761E-29
189,170,3.68645E-29
189,171,3.48312E-29
189,172,3.73066E-29
189,173,3.55662E-29
189,174,3.63363E-29
189,175,3.76881E-29
189,176,3.36347E-29
189,177,3.3559E-29
189,178,3.00422E-29
189,179,3.20409E-29
189,180,2.67411E-29
189,181,2.95958E-29
189,182,4.62778E-29
189,183,2.77546E-29
189,184,2.79655E-29
189,185,2.69377E-29
189,186,2.58301E-29
189,187,2.20922E-29
189,188,2.1492E-29
189,189,2.30466E-29
189,190,2.55607E-29
189,191,2.47349E-29
189,192,2.58024E-29
189,193,2.45909E-29
189,194,2.12772E-29
189,195,2.46461E-29
189,196,2.32751E-29
189,197,2.12123E-29
189,198,2.31928E-29
189,199,2.27848E-29
190,0,1.16179E-29
190,1,1.95843E-29
190,2,2.15653E-29
190,3,2.31267E-29
190,4,1.96694E-29
190,5,1.36024E-29
190,6,1.17393E-29
190,7,1.13104E-29
190,8,1.27545E-29
190,9,1.58795E-29
190,10,1.55334E-29
190,11,1.39001E-29
190,12,2.61751E-29
190,13,1.56238E-29
190,14,2.11615E-29
190,15,1.83155E-29
190,16,1.73178E-29
190,17,1.87371E-29
190,18,2.00038E-29
190,19,2.08817E-29
190,20,2.00396E-29
190,21,2.21984E-29
190,22,2.21121E-29
190,23,2.21427E-29
190,24,2.52382E-29
190,25,2.53739E-29
190,26,2.39324E-29
190,27,2.49588E-29
190,28,2.80021E-29
190,29,3.11706E-29
190,30,4.61445E-29
190,31,3.68535E-29
190,32,4.03138E-29
190,33,4.42031E-29
190,34,4.67511E-29
190,35,3.71291E-29
190,36,3.99227E-29
190,37,4.16216E-29
190,38,6.07039E-29
190,39,4.44092E-29
190,40,6.46056E-29
190,41,5.03915E-29
190,42,5.51356E-29
190,43,5.24015E-29
190,44,5.3716E-29
190,45,6.60641E-29
190,46,6.85186E-29
190,47,5.75398E-29
190,48,5.95612E-29
190,49,5.71491E-29
190,50,9.11319E-29
190,51,7.23097E-29
190,52,6.61687E-29
190,53,7.26047E-29
190,54,8.01939E-29
190,55,7.74745E-29
190,56,2.55363E-05
190,57,0.000287089
190,58,0.000743365
190,59,0.0010111
190,60,0.001292451
190,61,0.001650817
190,62,0.002089275
190,63,0.001870448
190,64,0.004849528
190,65,0.003716195
190,66,0.002799509
190,67,0.004120317
190,68,0.003826373
190,69,0.004201896
190,70,0.004579769
190,71,0.004542633
190,72,0.006260894
190,73,0.007925907
190,74,0.007195383
190,75,0.00629887
190,76,0.006376019
190,77,0.00641736
190,78,0.005265468
190,79,0.007881636
190,80,0.006453515
190,81,0.006898139
190,82,0.007429245
190,83,0.010020985
190,84,0.008034321
190,85,0.01172437
190,86,0.012246722
190,87,0.008778241
190,88,0.011717912
190,89,0.009574165
190,90,0.008888882
190,91,0.011887017
190,92,0.013650607
190,93,0.012532987
190,94,0.014088082
190,95,0.011983062
190,96,0.013688045
190,97,0.012765671
190,98,0.013599787
190,99,0.014754419
190,100,0.013544082
190,101,0.009920178
190,102,0.016070806
190,103,0.014467674
190,104,0.013319524
190,105,0.012466048
190,106,0.010783585
190,107,0.013672895
190,108,0.012789386
190,109,0.011634947
190,110,0.012151186
190,111,0.010278333
190,112,0.008959263
190,113,0.009754802
190,114,0.010327741
190,115,0.009354538
190,116,0.008232066
190,117,0.00932316
190,118,0.007749154
190,119,0.007957
190,120,0.006530151
190,121,0.007719129
190,122,0.006797077
190,123,0.007855283
190,124,0.006428812
190,125,0.005128145
190,126,0.006944682
190,127,0.005040275
190,128,0.003856272
190,129,0.004500205
190,130,0.004067803
190,131,0.002711007
190,132,0.00328205
190,133,0.003386388
190,134,0.003042459
190,135,0.002093942
190,136,0.002135028
190,137,0.001622154
190,138,0.003041461
190,139,0.001611051
190,140,0.001325086
190,141,0.0005375
190,142,0.000223535
190,143,1.71161E-05
190,144,7.66312E-29
190,145,8.44195E-29
190,146,1.55303E-28
190,147,9.41423E-29
190,148,7.26954E-29
190,149,6.83788E-29
190,150,7.31614E-29
190,151,6.99469E-29
190,152,7.7436E-29
190,153,4.46356E-29
190,154,5.05057E-29
190,155,4.99317E-29
190,156,4.74621E-29
190,157,9.98075E-29
190,158,4.45E-29
190,159,4.70437E-29
190,160,4.97077E-29
190,161,6.856E-29
190,162,4.07508E-29
190,163,4.15928E-29
190,164,4.45829E-29
190,165,3.66744E-29
190,166,3.58152E-29
190,167,3.25877E-29
190,168,3.74413E-29
190,169,3.27886E-29
190,170,2.53096E-29
190,171,2.67505E-29
190,172,2.55234E-29
190,173,2.77429E-29
190,174,2.40469E-29
190,175,2.35458E-29
190,176,2.52662E-29
190,177,2.46395E-29
190,178,2.41366E-29
190,179,1.96973E-29
190,180,2.0358E-29
190,181,1.60079E-29
190,182,2.58588E-29
190,183,2.94803E-29
190,184,1.74967E-29
190,185,1.74602E-29
190,186,1.71038E-29
190,187,1.65558E-29
190,188,1.20242E-29
190,189,1.25416E-29
190,190,1.3128E-29
190,191,1.69931E-29
190,192,1.3798E-29
190,193,1.67067E-29
190,194,1.20799E-29
190,195,1.22944E-29
190,196,1.4595E-29
190,197,1.39964E-29
190,198,1.07416E-29
190,199,1.51629E-29
191,0,1.65733E-29
191,1,1.24464E-29
191,2,1.32928E-29
191,3,1.14517E-29
191,4,1.13066E-29
191,5,1.2973E-29
191,6,1.2579E-29
191,7,1.32023E-29
191,8,1.29783E-29
191,9,1.61567E-29
191,10,1.43354E-29
191,11,2.48224E-29
191,12,1.69738E-29
191,13,1.80003E-29
191,14,1.93909E-29
191,15,1.69679E-29
191,16,1.72601E-29
191,17,1.90221E-29
191,18,1.93938E-29
191,19,2.15522E-29
191,20,2.32469E-29
191,21,2.03116E-29
191,22,2.27988E-29
191,23,2.34505E-29
191,24,2.45891E-29
191,25,2.45268E-29
191,26,2.78738E-29
191,27,3.74097E-29
191,28,4.04102E-29
191,29,4.1692E-29
191,30,4.86849E-29
191,31,3.05197E-29
191,32,3.05842E-29
191,33,3.42207E-29
191,34,4.67205E-29
191,35,4.57071E-29
191,36,4.47633E-29
191,37,4.4068E-29
191,38,6.17478E-29
191,39,5.79138E-29
191,40,5.10618E-29
191,41,4.94906E-29
191,42,5.16511E-29
191,43,4.72641E-29
191,44,6.08248E-29
191,45,6.01194E-29
191,46,5.5361E-29
191,47,6.04955E-29
191,48,5.76894E-29
191,49,5.72645E-29
191,50,7.07262E-29
191,51,9.34628E-29
191,52,7.25167E-29
191,53,6.78493E-29
191,54,8.97143E-29
191,55,8.91101E-29
191,56,8.6545E-29
191,57,8.81182E-29
191,58,9.63914E-06
191,59,0.000212107
191,60,0.001942562
191,61,0.00182984
191,62,0.001359234
191,63,0.001940301
191,64,0.002363136
191,65,0.003046468
191,66,0.0032352
191,67,0.003098342
191,68,0.003631552
191,69,0.00374402
191,70,0.003231627
191,71,0.003383823
191,72,0.005864528
191,73,0.005085256
191,74,0.008009903
191,75,0.007748687
191,76,0.005075369
191,77,0.00849891
191,78,0.006168951
191,79,0.004981963
191,80,0.005915014
191,81,0.008375199
191,82,0.009581935
191,83,0.007884246
191,84,0.010468299
191,85,0.00934967
191,86,0.009591641
191,87,0.009503298
191,88,0.01090599
191,89,0.00889443
191,90,0.009780129
191,91,0.01110135
191,92,0.011788237
191,93,0.010583118
191,94,0.012114315
191,95,0.012700786
191,96,0.014170685
191,97,0.01094053
191,98,0.011155067
191,99,0.011773841
191,100,0.011992438
191,101,0.01067192
191,102,0.0133382
191,103,0.012490742
191,104,0.013722311
191,105,0.011942106
191,106,0.011280099
191,107,0.009477811
191,108,0.011195564
191,109,0.011994449
191,110,0.010342181
191,111,0.010673712
191,112,0.011312695
191,113,0.010761617
191,114,0.011653796
191,115,0.009722396
191,116,0.00893924
191,117,0.008163508
191,118,0.006345759
191,119,0.006904284
191,120,0.006938521
191,121,0.007770162
191,122,0.007869885
191,123,0.007278195
191,124,0.005664106
191,125,0.005262111
191,126,0.005663404
191,127,0.005103006
191,128,0.004409831
191,129,0.004234122
191,130,0.004050925
191,131,0.002569784
191,132,0.002848169
191,133,0.003002878
191,134,0.002474145
191,135,0.001904916
191,136,0.002027197
191,137,0.003117139
191,138,0.001419471
191,139,0.000790438
191,140,0.00026742
191,141,1.73038E-05
191,142,8.38867E-29
191,143,8.83866E-29
191,144,8.25501E-29
191,145,8.08932E-29
191,146,1.5353E-28
191,147,9.00709E-29
191,148,7.11333E-29
191,149,6.31877E-29
191,150,5.87748E-29
191,151,8.92415E-29
191,152,7.43077E-29
191,153,6.67524E-29
191,154,5.03828E-29
191,155,4.56981E-29
191,156,5.07145E-29
191,157,1.01662E-28
191,158,4.28091E-29
191,159,4.26316E-29
191,160,4.88578E-29
191,161,4.24681E-29
191,162,6.38186E-29
191,163,5.81948E-29
191,164,3.87869E-29
191,165,3.31264E-29
191,166,3.38323E-29
191,167,3.69673E-29
191,168,3.24132E-29
191,169,3.3959E-29
191,170,3.28943E-29
191,171,2.67782E-29
191,172,2.50622E-29
191,173,2.68719E-29
191,174,2.53095E-29
191,175,2.48364E-29
191,176,2.31841E-29
191,177,2.23131E-29
191,178,2.31884E-29
191,179,2.31322E-29
191,180,2.09538E-29
191,181,1.98063E-29
191,182,1.47755E-29
191,183,3.49402E-29
191,184,1.7407E-29
191,185,1.70053E-29
191,186,1.69954E-29
191,187,1.43331E-29
191,188,1.4886E-29
191,189,1.3822E-29
191,190,1.28436E-29
191,191,1.18663E-29
191,192,1.51103E-29
191,193,1.52214E-29
191,194,1.43415E-29
191,195,1.04451E-29
191,196,1.318E-29
191,197,1.23621E-29
191,198,1.27987E-29
191,199,1.19008E-29
192,0,1.1419E-29
192,1,1.27976E-29
192,2,9.91901E-30
192,3,1.22586E-29
192,4,1.45388E-29
192,5,1.29176E-29
192,6,1.23924E-29
192,7,1.12651E-29
192,8,1.46767E-29
192,9,1.61361E-29
192,10,2.20134E-29
192,11,1.85715E-29
192,12,1.62334E-29
192,13,1.72869E-29
192,14,1.87092E-29
192,15,1.70663E-29
192,16,1.95399E-29
192,17,1.78269E-29
192,18,2.05895E-29
192,19,2.33445E-29
192,20,1.97311E-29
192,21,2.07046E-29
192,22,2.84014E-29
192,23,3.49449E-29
192,24,3.83064E-29
192,25,3.53427E-29
192,26,3.5017E-29
192,27,2.98956E-29
192,28,3.01034E-29
192,29,2.64774E-29
192,30,4.26066E-29
192,31,3.57131E-29
192,32,4.64205E-29
192,33,5.39478E-29
192,34,4.5395E-29
192,35,4.62002E-29
192,36,3.66403E-29
192,37,3.71262E-29
192,38,5.31767E-29
192,39,5.6561E-29
192,40,4.48869E-29
192,41,4.80666E-29
192,42,5.07668E-29
192,43,5.81263E-29
192,44,5.81309E-29
192,45,5.08175E-29
192,46,6.01978E-29
192,47,5.59501E-29
192,48,5.69884E-29
192,49,6.62647E-29
192,50,6.36072E-29
192,51,8.26848E-29
192,52,9.3162E-29
192,53,8.16892E-29
192,54,8.02685E-29
192,55,7.651E-29
192,56,8.74234E-29
192,57,9.3143E-29
192,58,1.23274E-28
192,59,1.55037E-28
192,60,5.10219E-07
192,61,0.000204942
192,62,0.000449763
192,63,0.000925677
192,64,0.001661267
192,65,0.001995283
192,66,0.003534349
192,67,0.003826892
192,68,0.003877086
192,69,0.006352325
192,70,0.003520768
192,71,0.004238795
192,72,0.007593076
192,73,0.004245518
192,74,0.006309712
192,75,0.00598401
192,76,0.004857556
192,77,0.006507515
192,78,0.004995865
192,79,0.006842448
192,80,0.007765131
192,81,0.006435805
192,82,0.005689555
192,83,0.005734724
192,84,0.006749549
192,85,0.006618985
192,86,0.00655582
192,87,0.007691023
192,88,0.010639863
192,89,0.010486812
192,90,0.007923682
192,91,0.011019619
192,92,0.012246675
192,93,0.01024756
192,94,0.011557548
192,95,0.010254728
192,96,0.010708522
192,97,0.010352454
192,98,0.012976476
192,99,0.014502145
192,100,0.010925598
192,101,0.009675039
192,102,0.01137894
192,103,0.010192552
192,104,0.01205631
192,105,0.010393559
192,106,0.010238863
192,107,0.011506158
192,108,0.010662339
192,109,0.00983206
192,110,0.010969879
192,111,0.010967428
192,112,0.007690827
192,113,0.008585985
192,114,0.007862711
192,115,0.00722004
192,116,0.008617499
192,117,0.007441088
192,118,0.007373046
192,119,0.006994096
192,120,0.005863021
192,121,0.006564051
192,122,0.005139775
192,123,0.005119058
192,124,0.004500694
192,125,0.005149358
192,126,0.004502911
192,127,0.003641583
192,128,0.005092186
192,129,0.003170077
192,130,0.003875079
192,131,0.003538477
192,132,0.002300991
192,133,0.002261165
192,134,0.001951566
192,135,0.002044536
192,136,0.000935964
192,137,0.0005738
192,138,0.000187166
192,139,2.07802E-06
192,140,8.59058E-29
192,141,8.12298E-29
192,142,8.00972E-29
192,143,9.35018E-29
192,144,7.69791E-29
192,145,1.1938E-28
192,146,1.1201E-28
192,147,6.85124E-29
192,148,8.4026E-29
192,149,8.13233E-29
192,150,5.60227E-29
192,151,8.01343E-29
192,152,6.11181E-29
192,153,5.30497E-29
192,154,6.57902E-29
192,155,6.25694E-29
192,156,6.33867E-29
192,157,1.0429E-28
192,158,3.88066E-29
192,159,4.73312E-29
192,160,4.21393E-29
192,161,4.72485E-29
192,162,3.89806E-29
192,163,7.58836E-29
192,164,5.30724E-29
192,165,2.90663E-29
192,166,3.38073E-29
192,167,3.29115E-29
192,168,3.53435E-29
192,169,3.00956E-29
192,170,3.23371E-29
192,171,3.2357E-29
192,172,2.45881E-29
192,173,2.46721E-29
192,174,2.56476E-29
192,175,2.5239E-29
192,176,2.45187E-29
192,177,2.29196E-29
192,178,2.25035E-29
192,179,2.19052E-29
192,180,2.13549E-29
192,181,2.02377E-29
192,182,2.10492E-29
192,183,3.32527E-29
192,184,1.71517E-29
192,185,1.60531E-29
192,186,1.71319E-29
192,187,1.61027E-29
192,188,1.35562E-29
192,189,1.23624E-29
192,190,1.47902E-29
192,191,1.43846E-29
192,192,1.35622E-29
192,193,1.25561E-29
192,194,1.66007E-29
192,195,1.20256E-29
192,196,1.04487E-29
192,197,1.29587E-29
192,198,1.25522E-29
192,199,1.10356E-29
193,0,1.37634E-29
193,1,1.12053E-29
193,2,1.10477E-29
193,3,1.51425E-29
193,4,1.47443E-29
193,5,1.19233E-29
193,6,1.12924E-29
193,7,1.22816E-29
193,8,1.71494E-29
193,9,2.10348E-29
193,10,1.89326E-29
193,11,1.71256E-29
193,12,1.64422E-29
193,13,1.88014E-29
193,14,1.7201E-29
193,15,1.91597E-29
193,16,1.75842E-29
193,17,2.066E-29
193,18,2.82094E-29
193,19,3.31139E-29
193,20,3.06462E-29
193,21,3.42584E-29
193,22,3.12661E-29
193,23,2.61359E-29
193,24,2.48126E-29
193,25,2.97118E-29
193,26,2.36238E-29
193,27,3.10748E-29
193,28,3.30715E-29
193,29,4.09425E-29
193,30,6.47371E-29
193,31,4.74901E-29
193,32,3.80569E-29
193,33,3.17385E-29
193,34,3.43867E-29
193,35,3.63889E-29
193,36,3.33767E-29
193,37,4.77298E-29
193,38,4.24881E-29
193,39,5.68835E-29
193,40,4.87126E-29
193,41,4.95002E-29
193,42,5.68903E-29
193,43,5.44139E-29
193,44,5.17894E-29
193,45,5.46291E-29
193,46,5.93127E-29
193,47,5.62776E-29
193,48,5.86341E-29
193,49,6.79917E-29
193,50,7.42457E-29
193,51,7.33735E-29
193,52,9.66297E-29
193,53,7.93854E-29
193,54,8.39302E-29
193,55,1.03199E-28
193,56,1.04131E-28
193,57,1.16615E-28
193,58,1.07377E-28
193,59,9.12709E-29
193,60,1.04119E-28
193,61,1.17979E-28
193,62,9.50121E-29
193,63,5.41285E-05
193,64,0.000374149
193,65,0.000874249
193,66,0.002831185
193,67,0.00657659
193,68,0.003874135
193,69,0.004163648
193,70,0.005590294
193,71,0.004376292
193,72,0.004186285
193,73,0.005532868
193,74,0.005344094
193,75,0.005512995
193,76,0.006329295
193,77,0.004650238
193,78,0.007120983
193,79,0.006029844
193,80,0.008348146
193,81,0.00792803
193,82,0.007518404
193,83,0.006002354
193,84,0.005469011
193,85,0.006254315
193,86,0.007968686
193,87,0.00821898
193,88,0.009728531
193,89,0.00800635
193,90,0.009307198
193,91,0.008832761
193,92,0.009035245
193,93,0.008758706
193,94,0.010174628
193,95,0.008961807
193,96,0.00876761
193,97,0.008796309
193,98,0.010721852
193,99,0.010185715
193,100,0.009762799
193,101,0.008698093
193,102,0.008957492
193,103,0.011371174
193,104,0.008908444
193,105,0.010466611
193,106,0.011961374
193,107,0.009532734
193,108,0.011744575
193,109,0.007622769
193,110,0.008568773
193,111,0.008247677
193,112,0.007119751
193,113,0.008686742
193,114,0.00841392
193,115,0.007074468
193,116,0.007958662
193,117,0.007283342
193,118,0.007031337
193,119,0.008424293
193,120,0.0054708
193,121,0.005921454
193,122,0.004914552
193,123,0.00490478
193,124,0.005487798
193,125,0.004399028
193,126,0.004321797
193,127,0.002898165
193,128,0.003609589
193,129,0.002771129
193,130,0.002748077
193,131,0.002244321
193,132,0.001444095
193,133,0.002165203
193,134,0.001439594
193,135,0.000384311
193,136,4.01484E-05
193,137,1.14468E-28
193,138,1.38492E-28
193,139,1.05077E-28
193,140,9.22533E-29
193,141,8.42745E-29
193,142,8.62753E-29
193,143,8.11299E-29
193,144,7.85319E-29
193,145,1.5735E-28
193,146,7.53233E-29
193,147,6.86456E-29
193,148,6.1454E-29
193,149,8.02449E-29
193,150,7.63056E-29
193,151,8.02326E-29
193,152,5.55434E-29
193,153,5.53597E-29
193,154,4.80349E-29
193,155,5.73734E-29
193,156,5.83865E-29
193,157,1.1837E-28
193,158,5.25442E-29
193,159,4.85788E-29
193,160,4.96249E-29
193,161,4.51007E-29
193,162,4.7389E-29
193,163,5.6961E-29
193,164,4.47537E-29
193,165,6.1489E-29
193,166,3.11611E-29
193,167,3.14111E-29
193,168,3.48399E-29
193,169,3.30629E-29
193,170,3.10435E-29
193,171,2.8516E-29
193,172,3.36009E-29
193,173,2.43831E-29
193,174,2.58856E-29
193,175,2.34209E-29
193,176,2.40034E-29
193,177,2.41515E-29
193,178,2.16243E-29
193,179,2.28557E-29
193,180,2.0674E-29
193,181,1.97205E-29
193,182,1.81098E-29
193,183,3.67699E-29
193,184,1.94394E-29
193,185,1.74176E-29
193,186,1.45999E-29
193,187,1.81308E-29
193,188,1.51528E-29
193,189,1.31021E-29
193,190,1.14173E-29
193,191,1.5054E-29
193,192,1.47316E-29
193,193,1.42959E-29
193,194,1.40308E-29
193,195,1.5766E-29
193,196,1.09751E-29
193,197,1.05276E-29
193,198,1.20281E-29
193,199,1.19388E-29
194,0,1.1055E-29
194,1,9.70744E-30
194,2,1.30972E-29
194,3,1.70217E-29
194,4,1.10378E-29
194,5,1.05281E-29
194,6,1.06235E-29
194,7,1.72238E-29
194,8,2.17929E-29
194,9,1.98429E-29
194,10,1.69824E-29
194,11,1.72972E-29
194,12,1.71867E-29
194,13,1.66658E-29
194,14,2.42463E-29
194,15,2.85459E-29
194,16,3.19789E-29
194,17,3.316E-29
194,18,2.7429E-29
194,19,1.80773E-29
194,20,2.26596E-29
194,21,2.45014E-29
194,22,2.76401E-29
194,23,2.76059E-29
194,24,3.2114E-29
194,25,2.82723E-29
194,26,4.20452E-29
194,27,4.48104E-29
194,28,3.91044E-29
194,29,3.27361E-29
194,30,4.62627E-29
194,31,2.94506E-29
194,32,3.2791E-29
194,33,3.2048E-29
194,34,3.85944E-29
194,35,3.21067E-29
194,36,3.42588E-29
194,37,5.3009E-29
194,38,4.46304E-29
194,39,5.80462E-29
194,40,5.06296E-29
194,41,5.48471E-29
194,42,5.55479E-29
194,43,4.88713E-29
194,44,5.15771E-29
194,45,5.66941E-29
194,46,5.51548E-29
194,47,5.72132E-29
194,48,7.16954E-29
194,49,7.67883E-29
194,50,7.00094E-29
194,51,7.37012E-29
194,52,1.00192E-28
194,53,1.05551E-28
194,54,9.07495E-29
194,55,8.66199E-29
194,56,1.05128E-28
194,57,9.63891E-29
194,58,9.26201E-29
194,59,8.50126E-29
194,60,9.46379E-29
194,61,1.16966E-28
194,62,1.43464E-28
194,63,9.82904E-29
194,64,1.0942E-28
194,65,5.40746E-07
194,66,0.000119457
194,67,0.00072108
194,68,0.001277499
194,69,0.001929808
194,70,0.003821034
194,71,0.003298884
194,72,0.004336449
194,73,0.002718431
194,74,0.003045752
194,75,0.004943442
194,76,0.003929938
194,77,0.004975403
194,78,0.005377642
194,79,0.007285737
194,80,0.007284637
194,81,0.009806096
194,82,0.008427984
194,83,0.007102601
194,84,0.007622409
194,85,0.007600644
194,86,0.006763767
194,87,0.008288967
194,88,0.006909313
194,89,0.008745506
194,90,0.011482802
194,91,0.008635154
194,92,0.007622574
194,93,0.008998438
194,94,0.009409944
194,95,0.009668721
194,96,0.007957009
194,97,0.007653471
194,98,0.008290065
194,99,0.010235563
194,100,0.009103496
194,101,0.008751649
194,102,0.009212185
194,103,0.009011039
194,104,0.008545962
194,105,0.007366922
194,106,0.007954411
194,107,0.007175131
194,108,0.011214712
194,109,0.008491486
194,110,0.008665104
194,111,0.006814135
194,112,0.010580948
194,113,0.008453185
194,114,0.006134403
194,115,0.005537387
194,116,0.006882821
194,117,0.006326477
194,118,0.005101237
194,119,0.007072169
194,120,0.006580112
194,121,0.005566452
194,122,0.003755339
194,123,0.003959917
194,124,0.003974697
194,125,0.006215845
194,126,0.003416267
194,127,0.002579888
194,128,0.003588864
194,129,0.001964597
194,130,0.001781608
194,131,0.001107085
194,132,0.000719645
194,133,0.000342297
194,134,5.2536E-08
194,135,1.32452E-28
194,136,1.17128E-28
194,137,1.32529E-28
194,138,1.10256E-28
194,139,9.22616E-29
194,140,9.93297E-29
194,141,1.00341E-28
194,142,8.59586E-29
194,143,7.55881E-29
194,144,1.1E-28
194,145,1.23727E-28
194,146,7.79968E-29
194,147,7.28119E-29
194,148,6.35653E-29
194,149,5.75302E-29
194,150,9.12662E-29
194,151,8.14009E-29
194,152,5.95431E-29
194,153,5.59897E-29
194,154,4.42248E-29
194,155,4.58215E-29
194,156,4.99904E-29
194,157,6.84839E-29
194,158,9.9422E-29
194,159,4.12787E-29
194,160,5.58257E-29
194,161,5.80761E-29
194,162,4.98163E-29
194,163,6.9273E-29
194,164,3.71498E-29
194,165,3.33512E-29
194,166,6.23541E-29
194,167,3.75382E-29
194,168,3.21927E-29
194,169,3.34117E-29
194,170,3.23445E-29
194,171,3.17633E-29
194,172,2.99787E-29
194,173,3.03873E-29
194,174,2.70672E-29
194,175,2.50431E-29
194,176,2.43448E-29
194,177,2.15945E-29
194,178,2.4282E-29
194,179,2.15917E-29
194,180,2.1216E-29
194,181,2.16537E-29
194,182,1.6953E-29
194,183,3.60593E-29
194,184,1.58288E-29
194,185,1.89222E-29
194,186,1.94871E-29
194,187,1.57594E-29
194,188,1.58E-29
194,189,1.48263E-29
194,190,1.26429E-29
194,191,1.03542E-29
194,192,1.38524E-29
194,193,1.62223E-29
194,194,1.42015E-29
194,195,1.56145E-29
194,196,1.43915E-29
194,197,1.1221E-29
194,198,1.14881E-29
194,199,1.18423E-29
195,0,1.0113E-29
195,1,1.44336E-29
195,2,1.59494E-29
195,3,1.24404E-29
195,4,1.01043E-29
195,5,1.17869E-29
195,6,1.53582E-29
195,7,2.2076E-29
195,8,1.99093E-29
195,9,1.50146E-29
195,10,2.4659E-29
195,11,2.62202E-29
195,12,2.65758E-29
195,13,2.66807E-29
195,14,2.48977E-29
195,15,1.95259E-29
195,16,2.08789E-29
195,17,2.32166E-29
195,18,2.26959E-29
195,19,2.60856E-29
195,20,2.64957E-29
195,21,2.8154E-29
195,22,2.67435E-29
195,23,3.60068E-29
195,24,4.32597E-29
195,25,3.73869E-29
195,26,3.13273E-29
195,27,2.94611E-29
195,28,2.59429E-29
195,29,3.18812E-29
195,30,4.51574E-29
195,31,3.07301E-29
195,32,3.07234E-29
195,33,3.39356E-29
195,34,3.47536E-29
195,35,3.37497E-29
195,36,3.72195E-29
195,37,5.13653E-29
195,38,5.66803E-29
195,39,5.37262E-29
195,40,5.46411E-29
195,41,5.26927E-29
195,42,4.97992E-29
195,43,4.79556E-29
195,44,5.34435E-29
195,45,5.27208E-29
195,46,7.40502E-29
195,47,7.55303E-29
195,48,7.33259E-29
195,49,8.44004E-29
195,50,7.0195E-29
195,51,7.58257E-29
195,52,6.532E-29
195,53,1.07791E-28
195,54,8.61403E-29
195,55,1.05191E-28
195,56,8.47173E-29
195,57,9.21884E-29
195,58,8.89937E-29
195,59,8.66456E-29
195,60,1.11651E-28
195,61,1.10381E-28
195,62,1.09616E-28
195,63,1.24095E-28
195,64,1.25022E-28
195,65,1.37774E-28
195,66,1.54035E-28
195,67,1.54347E-28
195,68,3.99351E-06
195,69,0.000150275
195,70,0.00072824
195,71,0.000973724
195,72,0.001789776
195,73,0.002409561
195,74,0.003773481
195,75,0.003795429
195,76,0.003247948
195,77,0.003377107
195,78,0.00346225
195,79,0.003823247
195,80,0.006789981
195,81,0.005633675
195,82,0.006398434
195,83,0.005072456
195,84,0.00531546
195,85,0.006538659
195,86,0.006188464
195,87,0.00709898
195,88,0.007065554
195,89,0.00732322
195,90,0.00762552
195,91,0.008045341
195,92,0.00910598
195,93,0.010236924
195,94,0.008958061
195,95,0.010031529
195,96,0.009096041
195,97,0.007455754
195,98,0.009609989
195,99,0.007506807
195,100,0.006930604
195,101,0.00721084
195,102,0.007972539
195,103,0.007653439
195,104,0.008216532
195,105,0.007683952
195,106,0.008475778
195,107,0.009284774
195,108,0.007377719
195,109,0.0093494
195,110,0.010016313
195,111,0.009361277
195,112,0.007631
195,113,0.006622414
195,114,0.007140845
195,115,0.007011634
195,116,0.006786145
195,117,0.006932191
195,118,0.004908783
195,119,0.00555714
195,120,0.00457622
195,121,0.003945192
195,122,0.003650581
195,123,0.002985902
195,124,0.003272992
195,125,0.002909121
195,126,0.002416472
195,127,0.001650866
195,128,0.000904223
195,129,0.00047796
195,130,0.000159641
195,131,1.39353E-06
195,132,1.55476E-28
195,133,1.7394E-28
195,134,1.41664E-28
195,135,1.23075E-28
195,136,1.60929E-28
195,137,1.25206E-28
195,138,9.89504E-29
195,139,9.18013E-29
195,140,8.42796E-29
195,141,1.02792E-28
195,142,1.03846E-28
195,143,7.60483E-29
195,144,1.53765E-28
195,145,7.64866E-29
195,146,7.14521E-29
195,147,7.88785E-29
195,148,6.98277E-29
195,149,5.94062E-29
195,150,7.86299E-29
195,151,5.70107E-29
195,152,9.14218E-29
195,153,5.54575E-29
195,154,4.98066E-29
195,155,4.65264E-29
195,156,4.52008E-29
195,157,4.91972E-29
195,158,1.06321E-28
195,159,4.58968E-29
195,160,4.05861E-29
195,161,4.46863E-29
195,162,4.94809E-29
195,163,7.2648E-29
195,164,6.04834E-29
195,165,3.84601E-29
195,166,4.16907E-29
195,167,5.39887E-29
195,168,4.52336E-29
195,169,2.79497E-29
195,170,3.43218E-29
195,171,3.28804E-29
195,172,2.77991E-29
195,173,2.93176E-29
195,174,2.81671E-29
195,175,2.97635E-29
195,176,2.51983E-29
195,177,2.2248E-29
195,178,2.16831E-29
195,179,2.38037E-29
195,180,2.26502E-29
195,181,2.07592E-29
195,182,2.2271E-29
195,183,3.25341E-29
195,184,1.98501E-29
195,185,1.60678E-29
195,186,1.6435E-29
195,187,1.87658E-29
195,188,2.01253E-29
195,189,1.42706E-29
195,190,1.42245E-29
195,191,1.33974E-29
195,192,1.15668E-29
195,193,1.33461E-29
195,194,1.45249E-29
195,195,1.56847E-29
195,196,1.50811E-29
195,197,1.2989E-29
195,198,1.18389E-29
195,199,1.16606E-29
196,0,1.35893E-29
196,1,1.31791E-29
196,2,1.17582E-29
196,3,1.15983E-29
196,4,1.19664E-29
196,5,1.25414E-29
196,6,2.74798E-29
196,7,3.21593E-29
196,8,2.66628E-29
196,9,2.78303E-29
196,10,1.92481E-29
196,11,1.45306E-29
196,12,1.56356E-29
196,13,2.3073E-29
196,14,2.46346E-29
196,15,2.34891E-29
196,16,2.56817E-29
196,17,2.12917E-29
196,18,2.05924E-29
196,19,2.35131E-29
196,20,3.29034E-29
196,21,4.05731E-29
196,22,3.93627E-29
196,23,3.31148E-29
196,24,2.30095E-29
196,25,2.81362E-29
196,26,2.82675E-29
196,27,2.61124E-29
196,28,2.66868E-29
196,29,3.08735E-29
196,30,4.39743E-29
196,31,2.96319E-29
196,32,3.14577E-29
196,33,3.69951E-29
196,34,3.29759E-29
196,35,3.57815E-29
196,36,3.64993E-29
196,37,5.56031E-29
196,38,6.6293E-29
196,39,5.66282E-29
196,40,4.86317E-29
196,41,4.80644E-29
196,42,4.52242E-29
196,43,5.70922E-29
196,44,7.289E-29
196,45,7.69381E-29
196,46,7.12217E-29
196,47,6.71585E-29
196,48,8.48503E-29
196,49,5.68862E-29
196,50,5.74205E-29
196,51,6.63717E-29
196,52,6.82624E-29
196,53,9.95725E-29
196,54,1.22584E-28
196,55,8.20627E-29
196,56,8.53602E-29
196,57,9.4869E-29
196,58,8.87015E-29
196,59,1.14273E-28
196,60,1.00026E-28
196,61,9.31553E-29
196,62,1.21779E-28
196,63,1.3731E-28
196,64,1.58484E-28
196,65,1.46194E-28
196,66,1.58066E-28
196,67,1.65323E-28
196,68,2.02055E-28
196,69,1.82155E-28
196,70,1.61638E-28
196,71,1.66917E-28
196,72,7.70083E-05
196,73,0.000405195
196,74,0.001537046
196,75,0.001526361
196,76,0.001842229
196,77,0.002039791
196,78,0.002287086
196,79,0.003723192
196,80,0.003405534
196,81,0.003563029
196,82,0.00520193
196,83,0.004936609
196,84,0.004014088
196,85,0.004856156
196,86,0.005969171
196,87,0.006767404
196,88,0.006884696
196,89,0.007042544
196,90,0.00618942
196,91,0.005748843
196,92,0.007005378
196,93,0.006341436
196,94,0.007107249
196,95,0.008071717
196,96,0.010079602
196,97,0.009509347
196,98,0.008611782
196,99,0.006247757
196,100,0.005862268
196,101,0.00876185
196,102,0.00640599
196,103,0.00775971
196,104,0.006529331
196,105,0.005928678
196,106,0.008328471
196,107,0.009948858
196,108,0.005890011
196,109,0.008707813
196,110,0.010350378
196,111,0.010192916
196,112,0.007210278
196,113,0.006844873
196,114,0.005962405
196,115,0.005218483
196,116,0.005906468
196,117,0.004922034
196,118,0.006679472
196,119,0.00440494
196,120,0.004024036
196,121,0.003132102
196,122,0.002075885
196,123,0.001728143
196,124,0.001418282
196,125,0.000882034
196,126,0.000431523
196,127,6.31311E-05
196,128,1.46162E-28
196,129,1.45439E-28
196,130,1.29726E-28
196,131,1.64845E-28
196,132,1.2815E-28
196,133,1.25323E-28
196,134,1.43314E-28
196,135,1.84943E-28
196,136,1.73396E-28
196,137,1.24399E-28
196,138,1.11564E-28
196,139,9.04734E-29
196,140,8.9177E-29
196,141,9.08236E-29
196,142,9.55944E-29
196,143,1.05999E-28
196,144,1.45587E-28
196,145,7.54251E-29
196,146,6.82127E-29
196,147,7.7784E-29
196,148,6.93911E-29
196,149,6.30235E-29
196,150,8.06691E-29
196,151,5.41674E-29
196,152,5.72723E-29
196,153,8.31794E-29
196,154,6.21731E-29
196,155,4.75165E-29
196,156,4.85911E-29
196,157,4.45517E-29
196,158,1.03663E-28
196,159,4.43169E-29
196,160,4.42334E-29
196,161,4.2976E-29
196,162,5.22405E-29
196,163,5.04185E-29
196,164,4.27156E-29
196,165,5.3515E-29
196,166,4.04308E-29
196,167,4.47005E-29
196,168,4.96447E-29
196,169,5.87043E-29
196,170,3.38954E-29
196,171,3.6413E-29
196,172,3.40121E-29
196,173,2.81814E-29
196,174,2.59469E-29
196,175,2.788E-29
196,176,2.99886E-29
196,177,2.71319E-29
196,178,1.91684E-29
196,179,2.25825E-29
196,180,2.17925E-29
196,181,2.10809E-29
196,182,2.11084E-29
196,183,2.94857E-29
196,184,2.38765E-29
196,185,1.80842E-29
196,186,1.5309E-29
196,187,1.39778E-29
196,188,1.45999E-29
196,189,1.87756E-29
196,190,1.70569E-29
196,191,1.31916E-29
196,192,1.3556E-29
196,193,1.23244E-29
196,194,1.46798E-29
196,195,1.32642E-29
196,196,1.59962E-29
196,197,1.47795E-29
196,198,1.13038E-29
196,199,1.16581E-29
197,0,1.22956E-29
197,1,1.24985E-29
197,2,1.79224E-29
197,3,2.4089E-29
197,4,2.22937E-29
197,5,2.95154E-29
197,6,2.59002E-29
197,7,1.76222E-29
197,8,1.8056E-29
197,9,1.98109E-29
197,10,1.79881E-29
197,11,1.75261E-29
197,12,2.13712E-29
197,13,1.98835E-29
197,14,2.02936E-29
197,15,2.24958E-29
197,16,2.06467E-29
197,17,2.87697E-29
197,18,3.5662E-29
197,19,3.73587E-29
197,20,3.0741E-29
197,21,2.53119E-29
197,22,2.45652E-29
197,23,2.71722E-29
197,24,2.71519E-29
197,25,2.6983E-29
197,26,2.67917E-29
197,27,2.63882E-29
197,28,2.75965E-29
197,29,2.92288E-29
197,30,4.34779E-29
197,31,3.11519E-29
197,32,3.37517E-29
197,33,3.42078E-29
197,34,3.67303E-29
197,35,3.25607E-29
197,36,5.55859E-29
197,37,4.95991E-29
197,38,7.15784E-29
197,39,4.63703E-29
197,40,5.35173E-29
197,41,5.96787E-29
197,42,6.77636E-29
197,43,7.84824E-29
197,44,6.72146E-29
197,45,6.62786E-29
197,46,5.34663E-29
197,47,7.3022E-29
197,48,5.80609E-29
197,49,5.59827E-29
197,50,6.1489E-29
197,51,6.90962E-29
197,52,8.36951E-29
197,53,8.71566E-29
197,54,1.18581E-28
197,55,8.31068E-29
197,56,8.68675E-29
197,57,9.76257E-29
197,58,1.04282E-28
197,59,1.04831E-28
197,60,1.135E-28
197,61,1.29128E-28
197,62,1.28615E-28
197,63,1.37887E-28
197,64,1.35209E-28
197,65,1.26711E-28
197,66,1.82249E-28
197,67,2.12028E-28
197,68,1.31389E-28
197,69,1.67461E-28
197,70,1.56835E-28
197,71,1.46322E-28
197,72,1.83679E-28
197,73,1.63884E-28
197,74,1.57607E-28
197,75,5.94707E-06
197,76,0.000136517
197,77,0.000423609
197,78,0.000836386
197,79,0.00154503
197,80,0.002386105
197,81,0.002413049
197,82,0.002535455
197,83,0.002877526
197,84,0.004542341
197,85,0.005228313
197,86,0.004510328
197,87,0.006281622
197,88,0.005176557
197,89,0.006487716
197,90,0.00447871
197,91,0.005076167
197,92,0.005409506
197,93,0.005448924
197,94,0.007237894
197,95,0.005021225
197,96,0.007662486
197,97,0.007542197
197,98,0.007846458
197,99,0.006958827
197,100,0.00613522
197,101,0.008485171
197,102,0.00696729
197,103,0.006579416
197,104,0.005082684
197,105,0.006852298
197,106,0.005593852
197,107,0.005052494
197,108,0.005217886
197,109,0.004978865
197,110,0.006194425
197,111,0.0046698
197,112,0.00465448
197,113,0.004102315
197,114,0.004005692
197,115,0.003700274
197,116,0.004494503
197,117,0.00416168
197,118,0.003511248
197,119,0.002782245
197,120,0.001731157
197,121,0.000865577
197,122,0.000455837
197,123,0.00013454
197,124,4.16485E-06
197,125,1.96469E-28
197,126,1.76121E-28
197,127,1.40105E-28
197,128,1.43689E-28
197,129,1.496E-28
197,130,1.27122E-28
197,131,1.58868E-28
197,132,1.23325E-28
197,133,1.30197E-28
197,134,1.41423E-28
197,135,1.1288E-28
197,136,1.48966E-28
197,137,1.68072E-28
197,138,1.55982E-28
197,139,1.05143E-28
197,140,9.31258E-29
197,141,9.30826E-29
197,142,8.84205E-29
197,143,1.57997E-28
197,144,8.93863E-29
197,145,8.89183E-29
197,146,7.53998E-29
197,147,6.90082E-29
197,148,7.02606E-29
197,149,8.90079E-29
197,150,5.83167E-29
197,151,5.48706E-29
197,152,5.23819E-29
197,153,6.04135E-29
197,154,7.67426E-29
197,155,6.12822E-29
197,156,4.85152E-29
197,157,4.57199E-29
197,158,1.05529E-28
197,159,4.23962E-29
197,160,3.80782E-29
197,161,4.45013E-29
197,162,6.07036E-29
197,163,3.77177E-29
197,164,4.28285E-29
197,165,4.42929E-29
197,166,4.02461E-29
197,167,4.00978E-29
197,168,4.14964E-29
197,169,3.90035E-29
197,170,6.12489E-29
197,171,3.72683E-29
197,172,3.9908E-29
197,173,3.66703E-29
197,174,3.06536E-29
197,175,2.55385E-29
197,176,2.81793E-29
197,177,3.33841E-29
197,178,2.7063E-29
197,179,1.91093E-29
197,180,2.17825E-29
197,181,2.17273E-29
197,182,1.97854E-29
197,183,2.20503E-29
197,184,3.58442E-29
197,185,1.70044E-29
197,186,1.86923E-29
197,187,1.54826E-29
197,188,1.30588E-29
197,189,1.46143E-29
197,190,1.32643E-29
197,191,1.63162E-29
197,192,1.54227E-29
197,193,1.2081E-29
197,194,1.36972E-29
197,195,1.37745E-29
197,196,1.42152E-29
197,197,1.46703E-29
197,198,1.3065E-29
197,199,1.11931E-29
198,0,2.33653E-29
198,1,2.22802E-29
198,2,1.51138E-29
198,3,1.59729E-29
198,4,2.04603E-29
198,5,2.64591E-29
198,6,2.06584E-29
198,7,1.55641E-29
198,8,1.52419E-29
198,9,1.48274E-29
198,10,1.40309E-29
198,11,1.68585E-29
198,12,2.20973E-29
198,13,2.2529E-29
198,14,3.08566E-29
198,15,2.97261E-29
198,16,3.23656E-29
198,17,2.96721E-29
198,18,2.46085E-29
198,19,2.25431E-29
198,20,2.41979E-29
198,21,2.62453E-29
198,22,2.76174E-29
198,23,2.76913E-29
198,24,2.50518E-29
198,25,2.55251E-29
198,26,2.70364E-29
198,27,2.65545E-29
198,28,2.91064E-29
198,29,3.09674E-29
198,30,4.30962E-29
198,31,3.48852E-29
198,32,3.4863E-29
198,33,3.60366E-29
198,34,3.51895E-29
198,35,4.13462E-29
198,36,6.62553E-29
198,37,7.21757E-29
198,38,6.11898E-29
198,39,5.66503E-29
198,40,6.795E-29
198,41,7.03996E-29
198,42,6.27794E-29
198,43,5.31368E-29
198,44,5.36075E-29
198,45,4.69529E-29
198,46,6.48795E-29
198,47,6.47509E-29
198,48,5.59671E-29
198,49,5.5183E-29
198,50,7.15512E-29
198,51,7.96787E-29
198,52,7.85856E-29
198,53,8.20773E-29
198,54,9.37563E-29
198,55,1.12247E-28
198,56,1.16087E-28
198,57,1.08673E-28
198,58,1.14663E-28
198,59,1.22026E-28
198,60,9.99156E-29
198,61,1.15728E-28
198,62,1.28788E-28
198,63,1.1999E-28
198,64,1.13273E-28
198,65,1.81041E-28
198,66,1.77509E-28
198,67,1.72712E-28
198,68,1.34882E-28
198,69,1.40482E-28
198,70,1.75044E-28
198,71,1.39344E-28
198,72,1.93048E-28
198,73,1.66234E-28
198,74,1.44886E-28
198,75,2.33743E-28
198,76,1.74929E-28
198,77,1.7407E-28
198,78,1.87458E-28
198,79,1.96707E-28
198,80,5.12658E-05
198,81,0.000264187
198,82,0.000512722
198,83,0.00084498
198,84,0.001500177
198,85,0.002668088
198,86,0.004097941
198,87,0.004783829
198,88,0.002974552
198,89,0.002996187
198,90,0.004792656
198,91,0.004653635
198,92,0.003708266
198,93,0.003692816
198,94,0.005343747
198,95,0.005748072
198,96,0.007069735
198,97,0.007055932
198,98,0.004377653
198,99,0.004473252
198,100,0.004009736
198,101,0.004565636
198,102,0.004118545
198,103,0.00441233
198,104,0.005202392
198,105,0.004453535
198,106,0.003897648
198,107,0.003672184
198,108,0.004128896
198,109,0.004273126
198,110,0.004176626
198,111,0.002954328
198,112,0.002700113
198,113,0.002217629
198,114,0.003151692
198,115,0.002177304
198,116,0.001184082
198,117,0.000599863
198,118,0.000291179
198,119,5.00731E-05
198,120,2.09924E-28
198,121,2.21568E-28
198,122,2.26143E-28
198,123,1.91721E-28
198,124,1.68092E-28
198,125,1.80634E-28
198,126,1.83401E-28
198,127,1.57947E-28
198,128,1.3689E-28
198,129,1.50976E-28
198,130,1.24168E-28
198,131,1.55273E-28
198,132,1.23721E-28
198,133,1.52231E-28
198,134,1.22166E-28
198,135,1.27485E-28
198,136,1.03343E-28
198,137,1.29187E-28
198,138,1.13505E-28
198,139,1.3254E-28
198,140,1.45206E-28
198,141,1.11205E-28
198,142,1.01837E-28
198,143,1.56563E-28
198,144,7.3962E-29
198,145,9.01421E-29
198,146,9.24655E-29
198,147,7.12152E-29
198,148,7.10898E-29
198,149,8.78773E-29
198,150,6.1574E-29
198,151,5.64433E-29
198,152,5.20485E-29
198,153,5.50631E-29
198,154,5.45237E-29
198,155,7.17637E-29
198,156,6.21734E-29
198,157,4.49111E-29
198,158,1.0716E-28
198,159,4.57052E-29
198,160,4.04637E-29
198,161,4.05023E-29
198,162,5.29937E-29
198,163,4.97969E-29
198,164,4.41839E-29
198,165,3.57063E-29
198,166,3.81649E-29
198,167,4.01208E-29
198,168,3.73699E-29
198,169,2.99997E-29
198,170,3.21631E-29
198,171,6.09808E-29
198,172,5.10739E-29
198,173,3.55281E-29
198,174,3.40114E-29
198,175,3.14908E-29
198,176,2.96317E-29
198,177,2.43586E-29
198,178,3.30559E-29
198,179,2.77635E-29
198,180,2.27541E-29
198,181,2.35905E-29
198,182,2.05639E-29
198,183,2.0879E-29
198,184,3.92162E-29
198,185,1.83386E-29
198,186,1.77296E-29
198,187,1.81429E-29
198,188,1.54732E-29
198,189,1.37229E-29
198,190,1.50025E-29
198,191,1.22398E-29
198,192,1.23633E-29
198,193,1.55963E-29
198,194,1.3201E-29
198,195,1.4933E-29
198,196,1.47562E-29
198,197,1.43995E-29
198,198,1.42451E-29
198,199,1.17793E-29
199,0,1.65267E-29
199,1,1.52464E-29
199,2,1.41026E-29
199,3,1.58426E-29
199,4,2.2341E-29
199,5,1.71066E-29
199,6,1.39342E-29
199,7,1.41218E-29
199,8,1.64568E-29
199,9,1.52261E-29
199,10,2.20439E-29
199,11,2.88027E-29
199,12,2.80561E-29
199,13,3.00533E-29
199,14,2.87166E-29
199,15,2.37913E-29
199,16,1.95196E-29
199,17,2.20297E-29
199,18,2.3082E-29
199,19,2.58003E-29
199,20,2.643E-29
199,21,2.85929E-29
199,22,2.77183E-29
199,23,2.44982E-29
199,24,2.64092E-29
199,25,2.53301E-29
199,26,2.95141E-29
199,27,2.68141E-29
199,28,2.75973E-29
199,29,2.99366E-29
199,30,4.7271E-29
199,31,3.02809E-29
199,32,3.28068E-29
199,33,4.54205E-29
199,34,4.71036E-29
199,35,5.64675E-29
199,36,7.22128E-29
199,37,7.08666E-29
199,38,6.77053E-29
199,39,6.64254E-29
199,40,4.73975E-29
199,41,4.83847E-29
199,42,5.03387E-29
199,43,4.84339E-29
199,44,5.03554E-29
199,45,5.67751E-29
199,46,6.46409E-29
199,47,5.81271E-29
199,48,5.50611E-29
199,49,7.04478E-29
199,50,7.36837E-29
199,51,8.10881E-29
199,52,8.85736E-29
199,53,9.21256E-29
199,54,9.86844E-29
199,55,1.38517E-28
199,56,1.1767E-28
199,57,1.10262E-28
199,58,9.54968E-29
199,59,1.11015E-28
199,60,1.15077E-28
199,61,1.00742E-28
199,62,1.06059E-28
199,63,1.28701E-28
199,64,1.93149E-28
199,65,1.28004E-28
199,66,1.34092E-28
199,67,1.58149E-28
199,68,1.39731E-28
199,69,1.43909E-28
199,70,1.76834E-28
199,71,1.42901E-28
199,72,1.87985E-28
199,73,1.66882E-28
199,74,1.45823E-28
199,75,2.29915E-28
199,76,1.73664E-28
199,77,1.59537E-28
199,78,1.9678E-28
199,79,2.15416E-28
199,80,1.9179E-28
199,81,1.87598E-28
199,82,2.05734E-28
199,83,2.11822E-28
199,84,2.41079E-28
199,85,1.63993E-07
199,86,6.4063E-05
199,87,0.000219354
199,88,0.000387114
199,89,0.000643437
199,90,0.001237665
199,91,0.001225725
199,92,0.001439332
199,93,0.001916775
199,94,0.002143511
199,95,0.001970378
199,96,0.002787778
199,97,0.002587716
199,98,0.0033905
199,99,0.002617251
199,100,0.003206466
199,101,0.003133045
199,102,0.001969377
199,103,0.002518888
199,104,0.002640712
199,105,0.00178347
199,106,0.001599968
199,107,0.001331475
199,108,0.001067286
199,109,0.002360907
199,110,0.001713635
199,111,0.000467512
199,112,0.000215195
199,113,4.31474E-05
199,114,2.39664E-08
199,115,2.09275E-28
199,116,2.43742E-28
199,117,2.92879E-28
199,118,2.42854E-28
199,119,2.29712E-28
199,120,2.04095E-28
199,121,2.16933E-28
199,122,2.86643E-28
199,123,2.02563E-28
199,124,1.88148E-28
199,125,1.82307E-28
199,126,1.77925E-28
199,127,1.93476E-28
199,128,1.35841E-28
199,129,1.51043E-28
199,130,1.25873E-28
199,131,1.56626E-28
199,132,1.37341E-28
199,133,1.38319E-28
199,134,1.22857E-28
199,135,1.25346E-28
199,136,1.04238E-28
199,137,1.2978E-28
199,138,1.11118E-28
199,139,8.92561E-29
199,140,8.32324E-29
199,141,1.26275E-28
199,142,2.24029E-28
199,143,1.15145E-28
199,144,7.05469E-29
199,145,8.63047E-29
199,146,8.00046E-29
199,147,9.06906E-29
199,148,7.92516E-29
199,149,8.42883E-29
199,150,6.47683E-29
199,151,5.84472E-29
199,152,5.59303E-29
199,153,5.1273E-29
199,154,5.18156E-29
199,155,5.42156E-29
199,156,6.31194E-29
199,157,6.56407E-29
199,158,1.01507E-28
199,159,4.81779E-29
199,160,4.63829E-29
199,161,3.68473E-29
199,162,5.40622E-29
199,163,4.20023E-29
199,164,5.07287E-29
199,165,3.96975E-29
199,166,3.67408E-29
199,167,3.80015E-29
199,168,3.72667E-29
199,169,3.42104E-29
199,170,2.59626E-29
199,171,3.00079E-29
199,172,4.35789E-29
199,173,5.97186E-29
199,174,4.04196E-29
199,175,3.94004E-29
199,176,2.367E-29
199,177,2.81592E-29
199,178,2.72067E-29
199,179,3.42342E-29
199,180,2.7869E-29
199,181,2.22369E-29
199,182,2.20618E-29
199,183,1.66449E-29
199,184,3.95543E-29
199,185,2.39324E-29
199,186,1.8307E-29
199,187,2.22422E-29
199,188,1.89507E-29
199,189,1.37053E-29
199,190,1.42635E-29
199,191,1.37592E-29
199,192,1.2777E-29
199,193,1.28303E-29
199,194,1.25435E-29
199,195,1.37984E-29
199,196,1.58745E-29
199,197,1.68239E-29
199,198,1.42282E-29
199,199,1.28231E-29
